PRAGMA foreign_keys=OFF;
BEGIN TRANSACTION;
CREATE TABLE IF NOT EXISTS "migrations" ("id" integer primary key autoincrement not null, "migration" varchar not null, "batch" integer not null);
INSERT INTO migrations VALUES(1,'0001_01_01_000000_create_users_table',1);
INSERT INTO migrations VALUES(2,'0001_01_01_000001_create_cache_table',1);
INSERT INTO migrations VALUES(3,'0001_01_01_000002_create_jobs_table',1);
INSERT INTO migrations VALUES(4,'2025_10_01_162110_create_sports_table',1);
INSERT INTO migrations VALUES(5,'2025_10_01_162321_add_rules_to_sports_table',1);
INSERT INTO migrations VALUES(6,'2025_10_01_162706_create_plans_table',1);
INSERT INTO migrations VALUES(7,'2025_10_01_162728_create_organizations_table',1);
INSERT INTO migrations VALUES(8,'2025_10_01_162748_create_leagues_table',1);
INSERT INTO migrations VALUES(9,'2025_10_01_163146_create_user_plans_table',1);
INSERT INTO migrations VALUES(10,'2025_10_01_163207_remove_plan_id_from_organizations_table',1);
INSERT INTO migrations VALUES(11,'2025_10_01_164238_create_players_table',1);
INSERT INTO migrations VALUES(12,'2025_10_01_165717_add_settings_to_leagues_table',1);
INSERT INTO migrations VALUES(13,'2025_10_01_170338_add_is_team_based_to_leagues_table',1);
INSERT INTO migrations VALUES(14,'2025_10_01_170606_create_teams_table',1);
INSERT INTO migrations VALUES(15,'2025_10_01_170631_create_team_user_table',1);
INSERT INTO migrations VALUES(16,'2025_10_01_173721_make_max_teams_nullable_in_leagues_table',1);
INSERT INTO migrations VALUES(17,'2025_10_01_182956_create_league_user_table',1);
INSERT INTO migrations VALUES(18,'2025_10_01_183816_create_league_player_table',1);
INSERT INTO migrations VALUES(19,'2025_10_01_184742_create_matches_table',1);
INSERT INTO migrations VALUES(20,'2025_10_01_184750_create_standings_table',1);
INSERT INTO migrations VALUES(21,'2025_10_01_200059_add_columns_to_standings_table',1);
INSERT INTO migrations VALUES(22,'2025_10_01_201342_add_forfeited_by_to_matches_table',1);
INSERT INTO migrations VALUES(28,'2025_10_01_211948_add_forfeited_fields_to_matches_table',2);
INSERT INTO migrations VALUES(29,'2025_10_02_000001_create_friendly_matches_table',2);
INSERT INTO migrations VALUES(30,'2025_10_02_000140_add_serving_fields_to_matches_table',2);
INSERT INTO migrations VALUES(31,'2025_10_02_064410_add_set_durations_to_matches_table',2);
INSERT INTO migrations VALUES(32,'2025_10_02_065324_add_current_set_started_at_to_matches_table',2);
INSERT INTO migrations VALUES(33,'2025_10_02_134840_add_player_ids_to_friendly_matches_table',3);
INSERT INTO migrations VALUES(34,'2025_10_06_145259_add_team_id_to_league_player_table',3);
INSERT INTO migrations VALUES(35,'2025_10_06_145301_add_team_id_to_league_player_table',3);
INSERT INTO migrations VALUES(36,'2025_10_07_085019_create_bug_reports_table',3);
INSERT INTO migrations VALUES(37,'2025_10_15_000001_add_active_to_sports_table',3);
INSERT INTO migrations VALUES(38,'2025_10_15_075143_create_organization_user_table',3);
INSERT INTO migrations VALUES(39,'2025_10_16_180140_add_critical_database_indexes',3);
INSERT INTO migrations VALUES(40,'2025_10_16_194005_rename_leagues_to_competitions_table',3);
INSERT INTO migrations VALUES(41,'2025_10_16_194015_update_matches_table_for_competitions',3);
INSERT INTO migrations VALUES(42,'2025_10_16_194030_update_teams_table_for_competitions',3);
INSERT INTO migrations VALUES(43,'2025_10_16_194036_update_standings_table_for_competitions',3);
INSERT INTO migrations VALUES(44,'2025_10_16_194048_update_league_user_table_for_competitions',3);
INSERT INTO migrations VALUES(45,'2025_10_16_194055_update_league_player_table_for_competitions',3);
INSERT INTO migrations VALUES(46,'2025_10_16_194104_update_database_indexes_for_competitions',3);
INSERT INTO migrations VALUES(47,'2025_10_16_212942_add_max_competitions_per_organization_to_plans_table',4);
INSERT INTO migrations VALUES(48,'2025_10_16_222823_rename_league_id_to_competition_id_in_matches_table',5);
INSERT INTO migrations VALUES(49,'2025_10_16_194242_comprehensive_competition_migration',6);
INSERT INTO migrations VALUES(50,'2025_10_16_201106_create_notifications_table',7);
INSERT INTO migrations VALUES(51,'2025_10_16_212426_rename_leagues_to_competitions_table',7);
INSERT INTO migrations VALUES(52,'2025_10_16_212442_create_tournament_groups_table',7);
INSERT INTO migrations VALUES(53,'2025_10_16_212453_rename_matches_to_competition_matches_table',7);
INSERT INTO migrations VALUES(54,'2025_10_16_220205_add_tournament_fields_to_competitions_table',7);
INSERT INTO migrations VALUES(55,'2025_10_16_221644_add_match_settings_to_competitions_table',7);
INSERT INTO migrations VALUES(56,'2025_10_16_221701_add_match_settings_to_competitions_table',7);
INSERT INTO migrations VALUES(57,'2025_10_16_222635_add_tournament_fields_to_matches_table',7);
INSERT INTO migrations VALUES(58,'2025_10_16_224309_add_set_tracking_to_standings_table',7);
INSERT INTO migrations VALUES(59,'2025_10_17_105744_update_competitions_type_enum',7);
INSERT INTO migrations VALUES(60,'2025_10_17_105747_update_competitions_type_enum',8);
INSERT INTO migrations VALUES(61,'2025_10_17_130454_make_start_date_nullable_in_competitions_table',8);
INSERT INTO migrations VALUES(62,'2025_10_17_212236_add_moderator_and_audit_fields_to_matches_table',8);
INSERT INTO migrations VALUES(63,'2025_10_17_212238_add_moderator_and_audit_fields_to_matches_table',8);
INSERT INTO migrations VALUES(64,'2025_10_18_101446_add_manual_knockout_selection_to_competitions_table',9);
INSERT INTO migrations VALUES(65,'2025_10_18_160215_add_is_public_to_competitions_table',10);
INSERT INTO migrations VALUES(67,'2025_10_21_131852_create_display_leagues_table',11);
INSERT INTO migrations VALUES(68,'2025_10_23_074901_create_tables_table',12);
INSERT INTO migrations VALUES(69,'2025_10_23_074953_add_table_and_referee_to_matches_table',12);
INSERT INTO migrations VALUES(74,'2025_10_23_114210_add_live_scoring_indexes_to_matches_table',13);
INSERT INTO migrations VALUES(75,'2025_10_24_122856_add_match_order_to_matches_table',14);
CREATE TABLE IF NOT EXISTS "users" ("id" integer primary key autoincrement not null, "name" varchar not null, "email" varchar not null, "email_verified_at" datetime, "password" varchar not null, "remember_token" varchar, "created_at" datetime, "updated_at" datetime);
INSERT INTO users VALUES(1,'Ermin','ermin1990@gmail.com',NULL,'$2y$12$e2wG4O0Ee9yl3qh/g8iKdOY3wKKZDnEK/Ki7bzhMiSxss8cXf2VQq',NULL,'2025-10-17 22:51:22','2025-10-17 22:51:22');
INSERT INTO users VALUES(2,'Ermin Selimović','erminselimovic90@gmail.com',NULL,'$2y$12$C0FcR4R6PxTOZcl0gIjBeeAhDSKnnKGJHVxTzZC/AhKkWp8q9XljG',NULL,'2025-10-17 22:53:23','2025-10-17 22:53:23');
INSERT INTO users VALUES(3,'Osman','osman@gmail.com',NULL,'$2y$12$tBCLw2fMvgC6ii5TzIrm/O9WedO.d/0dKDHY18OS3HM2DEY0EL4Ra',NULL,'2025-10-18 07:55:31','2025-10-18 07:55:31');
INSERT INTO users VALUES(4,'Sanel M','smoranjkic@yahoo.com',NULL,'$2y$12$ZfwVNo7Vh6diKFwgVNnCNu8DGujHKQeT6ZcxJJ6cqqxMgp18QFnk.','JKupwYebq4l8nzGXYi4HziWaZfj2MHCwjAcVBSYzA5iRYdxIRwcl3OGP3X6x','2025-10-22 13:21:00','2025-10-22 13:21:00');
CREATE TABLE IF NOT EXISTS "password_reset_tokens" ("email" varchar not null, "token" varchar not null, "created_at" datetime, primary key ("email"));
CREATE TABLE IF NOT EXISTS "sessions" ("id" varchar not null, "user_id" integer, "ip_address" varchar, "user_agent" text, "payload" text not null, "last_activity" integer not null, primary key ("id"));
INSERT INTO sessions VALUES('fcbMChGkb26bq1SGb1YCUiswuUTHvO2n9yh7NYdZ',1,'127.0.0.1','Mozilla/5.0 (Macintosh; Intel Mac OS X 10_15_7) AppleWebKit/537.36 (KHTML, like Gecko) Chrome/138.0.0.0 Safari/537.36 OPR/122.0.0.0','YTo1OntzOjY6Il90b2tlbiI7czo0MDoiaE5GUm83S0R4Q1NRYlVuWE5keWJlYWZKbFcyUEpvRWFLU0taV2puOSI7czozOiJ1cmwiO2E6MDp7fXM6OToiX3ByZXZpb3VzIjthOjE6e3M6MzoidXJsIjtzOjc3OiJodHRwOi8vMTI3LjAuMC4xOjgwMDAvb3JnYW5pemF0aW9ucy9hc2VlLWRvby9jb21wZXRpdGlvbnMvdmV0ZXJhbmktMTc2MTA0Njk4MSI7fXM6NjoiX2ZsYXNoIjthOjI6e3M6Mzoib2xkIjthOjA6e31zOjM6Im5ldyI7YTowOnt9fXM6NTA6ImxvZ2luX3dlYl81OWJhMzZhZGRjMmIyZjk0MDE1ODBmMDE0YzdmNThlYTRlMzA5ODlkIjtpOjE7fQ==',1761331062);
CREATE TABLE IF NOT EXISTS "cache" ("key" varchar not null, "value" text not null, "expiration" integer not null, primary key ("key"));
CREATE TABLE IF NOT EXISTS "cache_locks" ("key" varchar not null, "owner" varchar not null, "expiration" integer not null, primary key ("key"));
CREATE TABLE IF NOT EXISTS "jobs" ("id" integer primary key autoincrement not null, "queue" varchar not null, "payload" text not null, "attempts" integer not null, "reserved_at" integer, "available_at" integer not null, "created_at" integer not null);
CREATE TABLE IF NOT EXISTS "job_batches" ("id" varchar not null, "name" varchar not null, "total_jobs" integer not null, "pending_jobs" integer not null, "failed_jobs" integer not null, "failed_job_ids" text not null, "options" text, "cancelled_at" integer, "created_at" integer not null, "finished_at" integer, primary key ("id"));
CREATE TABLE IF NOT EXISTS "failed_jobs" ("id" integer primary key autoincrement not null, "uuid" varchar not null, "connection" text not null, "queue" text not null, "payload" text not null, "exception" text not null, "failed_at" datetime not null default CURRENT_TIMESTAMP);
CREATE TABLE IF NOT EXISTS "sports" ("id" integer primary key autoincrement not null, "name" varchar not null, "slug" varchar not null, "description" text, "icon" varchar, "is_active" tinyint(1) not null default '1', "created_at" datetime, "updated_at" datetime, "rules" text, "active" tinyint(1) not null default '1');
INSERT INTO sports VALUES(1,'Stoni Tenis','stoni-tenis','Brzi i dinamični sport koji zahtijeva preciznost, brzinu i strategiju.','🏓',1,'2025-10-17 22:55:21','2025-10-17 22:55:21','{"game_type":"points_based","max_points_per_game":11,"games_to_win":5,"serve_change_every":2,"deuce":false,"time_limits":null,"players_per_team":1,"scoring":{"point_values":[1],"special_rules":"Must win by 2 points"}}',1);
INSERT INTO sports VALUES(2,'Padel','padel','Sport koji kombinuje elemente tenisa, skvoša i badmintona u zatvorenom terenu.','🎾',1,'2025-10-17 22:55:21','2025-10-17 22:55:36','{"game_type":"sets_games","sets_to_win":2,"games_per_set":6,"tie_break_at":6,"serve_change_every":1,"deuce":true,"time_limits":null,"players_per_team":2,"scoring":{"point_values":[15,30,40,"game"],"special_rules":"Tie-break at 6-6"}}',0);
INSERT INTO sports VALUES(3,'Tenis','tenis','Klasični sport sa reketom i loptom koji se igra na terenu sa mrežom.','🎾',1,'2025-10-17 22:55:21','2025-10-17 22:55:37','{"game_type":"sets_games","sets_to_win":2,"games_per_set":6,"tie_break_at":6,"serve_change_every":1,"deuce":true,"time_limits":null,"players_per_team":1,"scoring":{"point_values":[15,30,40,"game"],"special_rules":"Tie-break at 6-6, 3 sets to win match"}}',0);
INSERT INTO sports VALUES(4,'Košarka','kosarka','Dinamični timski sport gdje se lopta ubacuje u koš.','🏀',1,'2025-10-17 22:55:21','2025-10-17 22:55:40','{"game_type":"time_based","periods":4,"period_duration":600,"overtime":true,"players_per_team":5,"max_players_on_court":5,"scoring":{"point_values":[1,2,3],"special_rules":"2 points for field goal, 3 points for three-pointer, 1 point for free throw"}}',0);
INSERT INTO sports VALUES(5,'Mali Fudbal','mali-fudbal','Brzi timski sport koji se igra u zatvorenom prostoru sa 5 igrača po timu.','⚽',1,'2025-10-17 22:55:21','2025-10-17 22:55:38','{"game_type":"time_based","periods":2,"period_duration":1200,"overtime":false,"players_per_team":5,"max_players_on_court":5,"scoring":{"point_values":[1],"special_rules":"1 goal = 1 point, offside rule applies"}}',0);
CREATE TABLE IF NOT EXISTS "plans" ("id" integer primary key autoincrement not null, "name" varchar not null, "slug" varchar not null, "description" text, "price" numeric not null default '0', "currency" varchar not null default 'EUR', "max_organizations" integer not null default '1', "max_leagues_per_organization" integer not null default '2', "max_teams_per_league" integer not null default '10', "max_players_per_team" integer not null default '20', "is_active" tinyint(1) not null default '1', "features" text, "created_at" datetime, "updated_at" datetime, "max_competitions_per_organization" integer not null default '10');
INSERT INTO plans VALUES(1,'Free','free','Perfect for getting started with Team Sphere',0,'EUR',1,1,8,15,1,'["Basic league management\r\nUp to 2 leagues per organization\r\nUp to 8 teams per league\r\nBasic statistics\r\nCommunity support"]','2025-10-17 22:55:19','2025-10-17 22:58:41',1);
INSERT INTO plans VALUES(2,'Pro','pro','For growing sports organizations and clubs',19.98999999999999843,'EUR',3,10,20,30,1,'["Everything in Free","Advanced statistics","Custom branding","Priority support","API access","Export data"]','2025-10-17 22:55:19','2025-10-17 22:55:19',20);
INSERT INTO plans VALUES(3,'Premium','premium','For professional leagues and large federations',49.99000000000000198,'EUR',10,50,50,50,1,'["Everything in Pro","Unlimited organizations","Advanced analytics","White-label solution","Dedicated support","Custom integrations","Real-time notifications"]','2025-10-17 22:55:19','2025-10-17 22:55:19',100);
CREATE TABLE IF NOT EXISTS "user_plans" ("id" integer primary key autoincrement not null, "user_id" integer not null, "plan_id" integer not null, "started_at" datetime, "expires_at" datetime, "is_active" tinyint(1) not null default '1', "created_at" datetime, "updated_at" datetime, foreign key("user_id") references "users"("id") on delete cascade, foreign key("plan_id") references "plans"("id") on delete cascade);
INSERT INTO user_plans VALUES(1,1,1,NULL,NULL,0,'2025-10-17 23:02:02','2025-10-17 23:02:35');
INSERT INTO user_plans VALUES(2,2,1,NULL,NULL,1,'2025-10-17 23:02:24','2025-10-17 23:02:24');
INSERT INTO user_plans VALUES(3,1,2,NULL,NULL,1,'2025-10-17 23:02:35','2025-10-17 23:02:35');
INSERT INTO user_plans VALUES(4,4,2,NULL,NULL,1,'2025-10-22 13:34:37','2025-10-22 13:34:37');
CREATE TABLE IF NOT EXISTS "organizations" ("id" integer primary key autoincrement not null, "name" varchar not null, "slug" varchar not null, "description" text, "logo" varchar, "user_id" integer not null, "is_active" tinyint(1) not null default ('1'), "created_at" datetime, "updated_at" datetime, foreign key("user_id") references users("id") on delete cascade on update no action);
INSERT INTO organizations VALUES(1,'Asee d.o.o.','asee-doo',NULL,NULL,1,1,'2025-10-17 22:51:33','2025-10-17 22:51:33');
INSERT INTO organizations VALUES(2,'Infoo','infoo',NULL,NULL,3,1,'2025-10-18 07:55:44','2025-10-18 07:55:44');
INSERT INTO organizations VALUES(4,'STK Kreka test','stk-kreka-test',NULL,NULL,4,1,'2025-10-22 13:21:31','2025-10-22 13:21:31');
CREATE TABLE IF NOT EXISTS "players" ("id" integer primary key autoincrement not null, "name" varchar not null, "email" varchar, "user_id" integer, "organization_id" integer not null, "date_of_birth" date, "position" varchar, "jersey_number" integer, "is_active" tinyint(1) not null default '1', "created_at" datetime, "updated_at" datetime, foreign key("user_id") references "users"("id") on delete set null, foreign key("organization_id") references "organizations"("id") on delete cascade);
INSERT INTO players VALUES(1,'Marko Petrović','marko.petrović@example.com',NULL,1,'1998-10-17 23:07:16','Defender',33,1,'2025-10-17 23:07:16','2025-10-17 23:07:16');
INSERT INTO players VALUES(2,'Ivan Jović','ivan.jović@example.com',NULL,1,'1996-10-17 23:07:16','Midfielder',21,1,'2025-10-17 23:07:16','2025-10-17 23:07:16');
INSERT INTO players VALUES(3,'Nikola Đorđević','nikola.Đorđević@example.com',NULL,1,'1999-10-17 23:07:16','Forward',29,1,'2025-10-17 23:07:16','2025-10-17 23:07:16');
INSERT INTO players VALUES(4,'Aleksandar Ilić','aleksandar.ilić@example.com',NULL,1,'1997-10-17 23:07:16','Goalkeeper',48,1,'2025-10-17 23:07:16','2025-10-17 23:07:16');
INSERT INTO players VALUES(5,'Milan Stefanović','milan.stefanović@example.com',NULL,1,'1999-10-17 23:07:16','Goalkeeper',28,1,'2025-10-17 23:07:16','2025-10-17 23:07:16');
INSERT INTO players VALUES(6,'Luka Pavlović','luka.pavlović@example.com',NULL,1,'1997-10-17 23:07:16','Goalkeeper',99,1,'2025-10-17 23:07:16','2025-10-17 23:07:16');
INSERT INTO players VALUES(7,'Filip Nikolić','filip.nikolić@example.com',NULL,1,'2000-10-17 23:07:16','Forward',57,1,'2025-10-17 23:07:16','2025-10-17 23:07:16');
INSERT INTO players VALUES(8,'Stefan Marković','stefan.marković@example.com',NULL,1,'2003-10-17 23:07:16','Midfielder',21,1,'2025-10-17 23:07:16','2025-10-17 23:07:16');
INSERT INTO players VALUES(9,'Andrija Kovačević','andrija.kovačević@example.com',NULL,1,'1993-10-17 23:07:16','Goalkeeper',95,1,'2025-10-17 23:07:16','2025-10-17 23:07:16');
INSERT INTO players VALUES(10,'Uroš Jovanović','uroš.jovanović@example.com',NULL,1,'2000-10-17 23:07:16','Midfielder',49,1,'2025-10-17 23:07:16','2025-10-17 23:07:16');
INSERT INTO players VALUES(11,'Đorđe Popović','Đorđe.popović@example.com',NULL,1,'2004-10-17 23:07:16','Midfielder',64,1,'2025-10-17 23:07:16','2025-10-17 23:07:16');
INSERT INTO players VALUES(12,'Vuk Radić','vuk.radić@example.com',NULL,1,'1998-10-17 23:07:16','Forward',38,1,'2025-10-17 23:07:16','2025-10-17 23:07:16');
INSERT INTO players VALUES(13,'Miloš Savić','miloš.savić@example.com',NULL,1,'1985-10-17 23:07:16','Forward',77,1,'2025-10-17 23:07:16','2025-10-17 23:07:16');
INSERT INTO players VALUES(14,'Nemanja Todorović','nemanja.todorović@example.com',NULL,1,'1992-10-17 23:07:16','Goalkeeper',76,1,'2025-10-17 23:07:16','2025-10-17 23:07:16');
INSERT INTO players VALUES(15,'Branko Simić','branko.simić@example.com',NULL,1,'1985-10-17 23:07:16','Midfielder',95,1,'2025-10-17 23:07:16','2025-10-17 23:07:16');
INSERT INTO players VALUES(16,'Vladimir Petrović','vladimir.petrović@example.com',NULL,1,'1988-10-17 23:07:16','Goalkeeper',82,1,'2025-10-17 23:07:16','2025-10-17 23:07:16');
INSERT INTO players VALUES(17,'Osman',NULL,NULL,2,NULL,NULL,NULL,1,'2025-10-18 07:56:35','2025-10-18 07:56:35');
INSERT INTO players VALUES(18,'Ismar',NULL,NULL,2,NULL,NULL,NULL,1,'2025-10-18 07:56:40','2025-10-18 07:56:40');
INSERT INTO players VALUES(19,'Mirsad',NULL,NULL,2,NULL,NULL,NULL,1,'2025-10-18 07:57:05','2025-10-18 07:57:05');
INSERT INTO players VALUES(20,'Anel',NULL,NULL,2,NULL,NULL,NULL,1,'2025-10-18 07:57:10','2025-10-18 07:57:10');
INSERT INTO players VALUES(21,'Armin',NULL,NULL,2,NULL,NULL,NULL,1,'2025-10-18 07:57:15','2025-10-18 07:57:15');
INSERT INTO players VALUES(22,'Anel','anel@gmail.com',NULL,2,NULL,NULL,NULL,1,'2025-10-18 08:00:17','2025-10-18 08:00:17');
INSERT INTO players VALUES(23,'Adnan','adnan@gmail.com',NULL,2,NULL,NULL,NULL,1,'2025-10-18 08:00:34','2025-10-18 08:00:34');
INSERT INTO players VALUES(24,'Igor','igor@example.com',NULL,2,NULL,NULL,NULL,1,'2025-10-18 08:43:49','2025-10-18 08:43:49');
INSERT INTO players VALUES(25,'Mirsoo','mir@example.com',NULL,2,NULL,NULL,NULL,1,'2025-10-18 08:44:13','2025-10-18 08:44:13');
INSERT INTO players VALUES(26,'Habib','habi@example.com',NULL,2,NULL,NULL,NULL,1,'2025-10-18 08:44:30','2025-10-18 08:44:30');
INSERT INTO players VALUES(27,'Er','',NULL,1,NULL,NULL,NULL,1,'2025-10-18 09:37:21','2025-10-18 09:37:21');
INSERT INTO players VALUES(28,'Ermin','erminselimovic90@gmail.com',2,1,NULL,NULL,NULL,1,'2025-10-18 22:42:31','2025-10-18 22:42:31');
INSERT INTO players VALUES(29,'Harun','',NULL,4,NULL,NULL,NULL,1,'2025-10-22 13:25:23','2025-10-22 13:25:23');
INSERT INTO players VALUES(30,'Nikola','',NULL,4,NULL,NULL,NULL,1,'2025-10-22 13:25:38','2025-10-22 13:25:38');
INSERT INTO players VALUES(31,'Ensar','',NULL,4,NULL,NULL,NULL,1,'2025-10-22 13:25:48','2025-10-22 13:25:48');
INSERT INTO players VALUES(32,'Almas','',NULL,4,NULL,NULL,NULL,1,'2025-10-22 13:25:59','2025-10-22 13:25:59');
INSERT INTO players VALUES(33,'Ervin','',NULL,4,NULL,NULL,NULL,1,'2025-10-22 13:26:11','2025-10-22 13:26:11');
INSERT INTO players VALUES(34,'Edo',NULL,NULL,4,NULL,NULL,NULL,1,'2025-10-22 13:49:51','2025-10-22 13:49:51');
INSERT INTO players VALUES(35,'Adi',NULL,NULL,4,NULL,NULL,NULL,1,'2025-10-22 13:50:03','2025-10-22 13:50:03');
INSERT INTO players VALUES(36,'Muamer',NULL,NULL,4,NULL,NULL,NULL,1,'2025-10-22 13:50:19','2025-10-22 13:50:19');
INSERT INTO players VALUES(37,'Afan',NULL,NULL,4,NULL,NULL,NULL,1,'2025-10-22 13:50:32','2025-10-22 13:50:32');
INSERT INTO players VALUES(38,'Gabriel',NULL,NULL,4,NULL,NULL,NULL,1,'2025-10-22 13:51:36','2025-10-22 13:51:36');
INSERT INTO players VALUES(39,'Arslan',NULL,NULL,4,NULL,NULL,NULL,1,'2025-10-22 13:51:54','2025-10-22 13:51:54');
CREATE TABLE IF NOT EXISTS "team_user" ("id" integer primary key autoincrement not null, "team_id" integer not null, "user_id" integer not null, "joined_at" datetime not null default CURRENT_TIMESTAMP, "created_at" datetime, "updated_at" datetime, foreign key("team_id") references "teams"("id") on delete cascade, foreign key("user_id") references "users"("id") on delete cascade);
CREATE TABLE IF NOT EXISTS "friendly_matches" ("id" integer primary key autoincrement not null, "organization_id" integer not null, "home_player_id" integer not null, "away_player_id" integer not null, "home_player_name" varchar not null, "away_player_name" varchar not null, "sets" text not null, "set_durations" text not null, "winner_name" varchar not null, "completed_at" datetime not null, "created_at" datetime, "updated_at" datetime, foreign key("organization_id") references "organizations"("id") on delete cascade, foreign key("home_player_id") references "players"("id") on delete cascade, foreign key("away_player_id") references "players"("id") on delete cascade);
CREATE TABLE IF NOT EXISTS "bug_reports" ("id" integer primary key autoincrement not null, "type" varchar check ("type" in ('bug', 'feature')) not null, "subject" varchar not null, "description" text not null, "name" varchar, "email" varchar, "user_id" integer, "status" varchar check ("status" in ('pending', 'in_review', 'resolved', 'closed')) not null default 'pending', "admin_notes" text, "resolved_at" datetime, "created_at" datetime, "updated_at" datetime, foreign key("user_id") references "users"("id") on delete set null);
INSERT INTO bug_reports VALUES(1,'feature','dodati br stola na kome se igra','stol na kome se igra bi trebao biti kao parametar na meču jer ga treba birati na osnovu slobodnog mjesta. neki mečevi se brže završe pa je na turniru bitno da se primjeti da je stol slobodan i da ga se dodjeli sljedećem meču koji se igra. (Mada to i sudija prijavi kad završi meč). Obično na početku sudija bude vezan uz stol dok su svi stolovi popunjeni, al mislim da se sudije kasnije biraju po iskustvu ako je meč ozbiljniji',NULL,NULL,4,'resolved',NULL,'2025-10-23 10:26:09','2025-10-22 13:48:22','2025-10-23 10:26:09');
CREATE TABLE IF NOT EXISTS "organization_user" ("id" integer primary key autoincrement not null, "organization_id" integer not null, "user_id" integer not null, "role" varchar check ("role" in ('owner', 'referee')) not null default 'referee', "joined_at" datetime not null default CURRENT_TIMESTAMP, "created_at" datetime, "updated_at" datetime, foreign key("organization_id") references "organizations"("id") on delete cascade, foreign key("user_id") references "users"("id") on delete cascade);
INSERT INTO organization_user VALUES(1,1,2,'referee','2025-10-18 22:41:19','2025-10-18 22:41:19','2025-10-18 22:41:19');
CREATE TABLE IF NOT EXISTS "teams" ("id" integer primary key autoincrement not null, "name" varchar not null, "description" text, "competition_id" integer not null, "captain_id" integer, "status" varchar not null default ('active'), "created_at" datetime, "updated_at" datetime, foreign key("captain_id") references users("id") on delete set null on update no action, foreign key("competition_id") references "competitions"("id") on delete cascade);
CREATE TABLE IF NOT EXISTS "competition_user" ("id" integer primary key autoincrement not null, "competition_id" integer not null, "user_id" integer not null, "joined_at" datetime not null default (CURRENT_TIMESTAMP), "created_at" datetime, "updated_at" datetime, foreign key("user_id") references users("id") on delete cascade on update no action, foreign key("competition_id") references "competitions"("id") on delete cascade);
CREATE TABLE IF NOT EXISTS "competition_player" ("id" integer primary key autoincrement not null, "competition_id" integer not null, "player_id" integer not null, "joined_at" datetime not null default (CURRENT_TIMESTAMP), "created_at" datetime, "updated_at" datetime, "team_id" integer, foreign key("team_id") references teams("id") on delete set null on update no action, foreign key("player_id") references players("id") on delete cascade on update no action, foreign key("competition_id") references "competitions"("id") on delete cascade);
INSERT INTO competition_player VALUES(19,2,1,'2025-10-17 23:49:13','2025-10-17 23:49:13','2025-10-17 23:49:13',NULL);
INSERT INTO competition_player VALUES(20,2,2,'2025-10-17 23:49:13','2025-10-17 23:49:13','2025-10-17 23:49:13',NULL);
INSERT INTO competition_player VALUES(21,2,3,'2025-10-17 23:49:13','2025-10-17 23:49:13','2025-10-17 23:49:13',NULL);
INSERT INTO competition_player VALUES(22,2,4,'2025-10-17 23:49:13','2025-10-17 23:49:13','2025-10-17 23:49:13',NULL);
INSERT INTO competition_player VALUES(23,2,5,'2025-10-17 23:49:13','2025-10-17 23:49:13','2025-10-17 23:49:13',NULL);
INSERT INTO competition_player VALUES(24,3,17,'2025-10-18 07:57:40','2025-10-18 07:57:40','2025-10-18 07:57:40',NULL);
INSERT INTO competition_player VALUES(25,3,18,'2025-10-18 07:57:40','2025-10-18 07:57:40','2025-10-18 07:57:40',NULL);
INSERT INTO competition_player VALUES(26,3,19,'2025-10-18 07:57:40','2025-10-18 07:57:40','2025-10-18 07:57:40',NULL);
INSERT INTO competition_player VALUES(27,3,20,'2025-10-18 07:57:40','2025-10-18 07:57:40','2025-10-18 07:57:40',NULL);
INSERT INTO competition_player VALUES(28,3,21,'2025-10-18 07:57:40','2025-10-18 07:57:40','2025-10-18 07:57:40',NULL);
INSERT INTO competition_player VALUES(30,4,23,'2025-10-18 08:00:34','2025-10-18 08:00:34','2025-10-18 08:00:34',NULL);
INSERT INTO competition_player VALUES(31,4,17,'2025-10-18 08:00:55','2025-10-18 08:00:55','2025-10-18 08:00:55',NULL);
INSERT INTO competition_player VALUES(32,4,18,'2025-10-18 08:00:55','2025-10-18 08:00:55','2025-10-18 08:00:55',NULL);
INSERT INTO competition_player VALUES(33,4,19,'2025-10-18 08:00:55','2025-10-18 08:00:55','2025-10-18 08:00:55',NULL);
INSERT INTO competition_player VALUES(34,4,21,'2025-10-18 08:00:55','2025-10-18 08:00:55','2025-10-18 08:00:55',NULL);
INSERT INTO competition_player VALUES(35,4,20,'2025-10-18 08:01:10','2025-10-18 08:01:10','2025-10-18 08:01:10',NULL);
INSERT INTO competition_player VALUES(36,5,18,'2025-10-18 08:43:03','2025-10-18 08:43:03','2025-10-18 08:43:03',NULL);
INSERT INTO competition_player VALUES(37,5,17,'2025-10-18 08:43:03','2025-10-18 08:43:03','2025-10-18 08:43:03',NULL);
INSERT INTO competition_player VALUES(38,5,19,'2025-10-18 08:43:03','2025-10-18 08:43:03','2025-10-18 08:43:03',NULL);
INSERT INTO competition_player VALUES(40,5,21,'2025-10-18 08:43:03','2025-10-18 08:43:03','2025-10-18 08:43:03',NULL);
INSERT INTO competition_player VALUES(41,5,22,'2025-10-18 08:43:03','2025-10-18 08:43:03','2025-10-18 08:43:03',NULL);
INSERT INTO competition_player VALUES(42,5,23,'2025-10-18 08:43:36','2025-10-18 08:43:36','2025-10-18 08:43:36',NULL);
INSERT INTO competition_player VALUES(43,5,24,'2025-10-18 08:43:49','2025-10-18 08:43:49','2025-10-18 08:43:49',NULL);
INSERT INTO competition_player VALUES(44,5,25,'2025-10-18 08:44:13','2025-10-18 08:44:13','2025-10-18 08:44:13',NULL);
INSERT INTO competition_player VALUES(45,5,26,'2025-10-18 08:44:30','2025-10-18 08:44:30','2025-10-18 08:44:30',NULL);
INSERT INTO competition_player VALUES(46,7,1,'2025-10-18 09:28:46','2025-10-18 09:28:46','2025-10-18 09:28:46',NULL);
INSERT INTO competition_player VALUES(48,7,3,'2025-10-18 09:28:46','2025-10-18 09:28:46','2025-10-18 09:28:46',NULL);
INSERT INTO competition_player VALUES(49,7,4,'2025-10-18 09:31:43','2025-10-18 09:31:43','2025-10-18 09:31:43',NULL);
INSERT INTO competition_player VALUES(51,7,7,'2025-10-18 09:32:25','2025-10-18 09:32:25','2025-10-18 09:32:25',NULL);
INSERT INTO competition_player VALUES(52,7,2,'2025-10-18 09:34:00','2025-10-18 09:34:00','2025-10-18 09:34:00',NULL);
INSERT INTO competition_player VALUES(53,7,9,'2025-10-18 09:36:23','2025-10-18 09:36:23','2025-10-18 09:36:23',NULL);
INSERT INTO competition_player VALUES(55,7,16,'2025-10-18 09:37:34','2025-10-18 09:37:34','2025-10-18 09:37:34',NULL);
INSERT INTO competition_player VALUES(62,9,1,'2025-10-18 10:19:55','2025-10-18 10:19:55','2025-10-18 10:19:55',NULL);
INSERT INTO competition_player VALUES(63,9,2,'2025-10-18 10:19:55','2025-10-18 10:19:55','2025-10-18 10:19:55',NULL);
INSERT INTO competition_player VALUES(64,9,3,'2025-10-18 10:19:55','2025-10-18 10:19:55','2025-10-18 10:19:55',NULL);
INSERT INTO competition_player VALUES(65,9,4,'2025-10-18 10:19:55','2025-10-18 10:19:55','2025-10-18 10:19:55',NULL);
INSERT INTO competition_player VALUES(66,9,5,'2025-10-18 10:19:55','2025-10-18 10:19:55','2025-10-18 10:19:55',NULL);
INSERT INTO competition_player VALUES(67,9,6,'2025-10-18 10:19:55','2025-10-18 10:19:55','2025-10-18 10:19:55',NULL);
INSERT INTO competition_player VALUES(68,10,2,'2025-10-18 10:44:53','2025-10-18 10:44:53','2025-10-18 10:44:53',NULL);
INSERT INTO competition_player VALUES(69,10,1,'2025-10-18 10:44:53','2025-10-18 10:44:53','2025-10-18 10:44:53',NULL);
INSERT INTO competition_player VALUES(70,10,3,'2025-10-18 10:44:53','2025-10-18 10:44:53','2025-10-18 10:44:53',NULL);
INSERT INTO competition_player VALUES(71,10,4,'2025-10-18 10:44:53','2025-10-18 10:44:53','2025-10-18 10:44:53',NULL);
INSERT INTO competition_player VALUES(72,10,5,'2025-10-18 10:44:53','2025-10-18 10:44:53','2025-10-18 10:44:53',NULL);
INSERT INTO competition_player VALUES(73,10,6,'2025-10-18 10:44:53','2025-10-18 10:44:53','2025-10-18 10:44:53',NULL);
INSERT INTO competition_player VALUES(79,15,29,'2025-10-22 13:53:46','2025-10-22 13:53:46','2025-10-22 13:53:46',NULL);
INSERT INTO competition_player VALUES(80,15,30,'2025-10-22 13:53:46','2025-10-22 13:53:46','2025-10-22 13:53:46',NULL);
INSERT INTO competition_player VALUES(81,15,31,'2025-10-22 13:53:46','2025-10-22 13:53:46','2025-10-22 13:53:46',NULL);
INSERT INTO competition_player VALUES(82,15,32,'2025-10-22 13:53:46','2025-10-22 13:53:46','2025-10-22 13:53:46',NULL);
INSERT INTO competition_player VALUES(83,15,33,'2025-10-22 13:53:46','2025-10-22 13:53:46','2025-10-22 13:53:46',NULL);
INSERT INTO competition_player VALUES(84,15,34,'2025-10-22 13:53:46','2025-10-22 13:53:46','2025-10-22 13:53:46',NULL);
INSERT INTO competition_player VALUES(85,15,35,'2025-10-22 13:53:46','2025-10-22 13:53:46','2025-10-22 13:53:46',NULL);
INSERT INTO competition_player VALUES(86,15,36,'2025-10-22 13:53:47','2025-10-22 13:53:47','2025-10-22 13:53:47',NULL);
INSERT INTO competition_player VALUES(87,15,37,'2025-10-22 13:53:47','2025-10-22 13:53:47','2025-10-22 13:53:47',NULL);
INSERT INTO competition_player VALUES(88,15,38,'2025-10-22 13:53:47','2025-10-22 13:53:47','2025-10-22 13:53:47',NULL);
INSERT INTO competition_player VALUES(89,15,39,'2025-10-22 13:53:47','2025-10-22 13:53:47','2025-10-22 13:53:47',NULL);
INSERT INTO competition_player VALUES(90,11,1,'2025-10-24 07:06:35','2025-10-24 07:06:35','2025-10-24 07:06:35',NULL);
INSERT INTO competition_player VALUES(91,11,2,'2025-10-24 07:06:35','2025-10-24 07:06:35','2025-10-24 07:06:35',NULL);
INSERT INTO competition_player VALUES(92,11,3,'2025-10-24 07:06:35','2025-10-24 07:06:35','2025-10-24 07:06:35',NULL);
INSERT INTO competition_player VALUES(93,11,4,'2025-10-24 07:06:35','2025-10-24 07:06:35','2025-10-24 07:06:35',NULL);
INSERT INTO competition_player VALUES(94,11,5,'2025-10-24 07:06:35','2025-10-24 07:06:35','2025-10-24 07:06:35',NULL);
INSERT INTO competition_player VALUES(95,11,6,'2025-10-24 07:06:35','2025-10-24 07:06:35','2025-10-24 07:06:35',NULL);
INSERT INTO competition_player VALUES(96,11,7,'2025-10-24 07:06:35','2025-10-24 07:06:35','2025-10-24 07:06:35',NULL);
INSERT INTO competition_player VALUES(97,11,8,'2025-10-24 07:06:35','2025-10-24 07:06:35','2025-10-24 07:06:35',NULL);
INSERT INTO competition_player VALUES(98,11,9,'2025-10-24 07:06:35','2025-10-24 07:06:35','2025-10-24 07:06:35',NULL);
INSERT INTO competition_player VALUES(99,11,10,'2025-10-24 07:06:35','2025-10-24 07:06:35','2025-10-24 07:06:35',NULL);
INSERT INTO competition_player VALUES(100,11,11,'2025-10-24 07:06:35','2025-10-24 07:06:35','2025-10-24 07:06:35',NULL);
INSERT INTO competition_player VALUES(101,11,12,'2025-10-24 07:06:35','2025-10-24 07:06:35','2025-10-24 07:06:35',NULL);
INSERT INTO competition_player VALUES(102,11,13,'2025-10-24 07:06:35','2025-10-24 07:06:35','2025-10-24 07:06:35',NULL);
INSERT INTO competition_player VALUES(103,11,14,'2025-10-24 07:06:35','2025-10-24 07:06:35','2025-10-24 07:06:35',NULL);
INSERT INTO competition_player VALUES(104,11,15,'2025-10-24 07:06:35','2025-10-24 07:06:35','2025-10-24 07:06:35',NULL);
INSERT INTO competition_player VALUES(105,11,16,'2025-10-24 07:06:35','2025-10-24 07:06:35','2025-10-24 07:06:35',NULL);
INSERT INTO competition_player VALUES(106,11,28,'2025-10-24 07:06:35','2025-10-24 07:06:35','2025-10-24 07:06:35',NULL);
CREATE TABLE IF NOT EXISTS "notifications" ("id" varchar not null, "type" varchar not null, "notifiable_type" varchar not null, "notifiable_id" integer not null, "data" text not null, "read_at" datetime, "created_at" datetime, "updated_at" datetime, primary key ("id"));
CREATE TABLE IF NOT EXISTS "tournament_groups" ("id" integer primary key autoincrement not null, "competition_id" integer not null, "name" varchar not null, "group_number" integer not null, "player_ids" text, "standings" text, "is_completed" tinyint(1) not null default '0', "completed_at" datetime, "created_at" datetime, "updated_at" datetime, foreign key("competition_id") references "competitions"("id") on delete cascade);
INSERT INTO tournament_groups VALUES(4,4,'A',1,'["21","18","19"]','[{"player_id":"21","played":5,"won":3,"lost":2,"points":9,"sets_won":9,"sets_lost":6,"points_scored":0,"points_conceded":0},{"player_id":"18","played":4,"won":0,"lost":4,"points":0,"sets_won":0,"sets_lost":12,"points_scored":0,"points_conceded":0},{"player_id":"19","played":3,"won":3,"lost":0,"points":9,"sets_won":9,"sets_lost":0,"points_scored":0,"points_conceded":0}]',0,NULL,'2025-10-18 08:01:18','2025-10-18 08:34:24');
INSERT INTO tournament_groups VALUES(5,4,'B',2,'["23","17","20"]','[{"player_id":"23","played":2,"won":0,"lost":2,"points":0,"sets_won":0,"sets_lost":6,"points_scored":0,"points_conceded":0},{"player_id":"17","played":3,"won":3,"lost":0,"points":9,"sets_won":9,"sets_lost":2,"points_scored":0,"points_conceded":0},{"player_id":"20","played":3,"won":1,"lost":2,"points":3,"sets_won":5,"sets_lost":6,"points_scored":0,"points_conceded":0}]',0,NULL,'2025-10-18 08:01:18','2025-10-18 08:34:09');
INSERT INTO tournament_groups VALUES(6,5,'A',1,'["26","22","18"]','[{"player_id":"26","played":2,"won":0,"lost":2,"points":0,"sets_won":1,"sets_lost":6,"points_scored":0,"points_conceded":0},{"player_id":"22","played":2,"won":2,"lost":0,"points":6,"sets_won":6,"sets_lost":2,"points_scored":0,"points_conceded":0},{"player_id":"18","played":2,"won":1,"lost":1,"points":3,"sets_won":5,"sets_lost":4,"points_scored":0,"points_conceded":0}]',0,NULL,'2025-10-18 08:44:39','2025-10-18 08:45:38');
INSERT INTO tournament_groups VALUES(7,5,'B',2,'["24","19","21"]','[{"player_id":"24","played":2,"won":2,"lost":0,"points":6,"sets_won":6,"sets_lost":3,"points_scored":0,"points_conceded":0},{"player_id":"19","played":2,"won":1,"lost":1,"points":3,"sets_won":4,"sets_lost":4,"points_scored":0,"points_conceded":0},{"player_id":"21","played":2,"won":0,"lost":2,"points":0,"sets_won":3,"sets_lost":6,"points_scored":0,"points_conceded":0}]',0,NULL,'2025-10-18 08:44:39','2025-10-18 08:45:55');
INSERT INTO tournament_groups VALUES(8,5,'C',3,'["23","25","17"]','[{"player_id":"23","played":2,"won":1,"lost":1,"points":3,"sets_won":4,"sets_lost":5,"points_scored":0,"points_conceded":0},{"player_id":"25","played":2,"won":0,"lost":2,"points":0,"sets_won":3,"sets_lost":6,"points_scored":0,"points_conceded":0},{"player_id":"17","played":2,"won":2,"lost":0,"points":6,"sets_won":6,"sets_lost":2,"points_scored":0,"points_conceded":0}]',0,NULL,'2025-10-18 08:44:39','2025-10-18 08:46:16');
INSERT INTO tournament_groups VALUES(9,7,'A',1,'["3","4","9","16"]','[{"player_id":"3","played":3,"won":2,"lost":1,"points":6,"sets_won":6,"sets_lost":6},{"player_id":"4","played":3,"won":2,"lost":1,"points":6,"sets_won":7,"sets_lost":6},{"player_id":"9","played":3,"won":1,"lost":2,"points":3,"sets_won":6,"sets_lost":6},{"player_id":"16","played":3,"won":1,"lost":2,"points":3,"sets_won":7,"sets_lost":8}]',1,'2025-10-18 23:04:15','2025-10-18 09:37:46','2025-10-18 23:04:15');
INSERT INTO tournament_groups VALUES(10,7,'B',2,'["2","1","7"]','[{"player_id":"2","played":0,"won":0,"lost":0,"points":0,"sets_won":0,"sets_lost":0},{"player_id":"1","played":0,"won":0,"lost":0,"points":0,"sets_won":0,"sets_lost":0},{"player_id":"7","played":0,"won":0,"lost":0,"points":0,"sets_won":0,"sets_lost":0}]',0,NULL,'2025-10-18 09:37:46','2025-10-18 09:38:41');
INSERT INTO tournament_groups VALUES(35,9,'A',1,'["5","2","6"]','[{"player_id":"5","played":0,"won":0,"lost":0,"points":0,"sets_won":0,"sets_lost":0},{"player_id":"2","played":0,"won":0,"lost":0,"points":0,"sets_won":0,"sets_lost":0},{"player_id":"6","played":0,"won":0,"lost":0,"points":0,"sets_won":0,"sets_lost":0}]',0,NULL,'2025-10-21 12:10:00','2025-10-23 11:47:35');
INSERT INTO tournament_groups VALUES(36,9,'B',2,'["3","1","4"]','[{"player_id":"3","played":0,"won":0,"lost":0,"points":0,"sets_won":0,"sets_lost":0},{"player_id":"1","played":4,"won":3,"lost":0,"points":7,"sets_won":9,"sets_lost":3},{"player_id":"4","played":4,"won":0,"lost":3,"points":1,"sets_won":3,"sets_lost":9}]',0,NULL,'2025-10-21 12:10:00','2025-10-24 11:17:14');
INSERT INTO tournament_groups VALUES(37,10,'A',1,'["1","2","6"]','[{"player_id":"1","played":1,"won":1,"lost":0,"points":3,"sets_won":3,"sets_lost":1},{"player_id":"2","played":2,"won":0,"lost":2,"points":0,"sets_won":2,"sets_lost":6},{"player_id":"6","played":1,"won":1,"lost":0,"points":3,"sets_won":3,"sets_lost":1}]',0,NULL,'2025-10-21 13:53:36','2025-10-24 11:21:43');
INSERT INTO tournament_groups VALUES(38,10,'B',2,'["4","3","5"]','[{"player_id":"4","played":1,"won":1,"lost":0,"points":3,"sets_won":3,"sets_lost":1},{"player_id":"3","played":2,"won":1,"lost":1,"points":3,"sets_won":4,"sets_lost":4},{"player_id":"5","played":1,"won":0,"lost":1,"points":0,"sets_won":1,"sets_lost":3}]',0,NULL,'2025-10-21 13:53:36','2025-10-24 11:21:59');
INSERT INTO tournament_groups VALUES(39,15,'A',1,'["29","31","36","38"]','[{"player_id":"29","played":3,"won":0,"lost":0,"points":3,"sets_won":9,"sets_lost":9,"points_scored":0,"points_conceded":0},{"player_id":"31","played":3,"won":0,"lost":0,"points":3,"sets_won":9,"sets_lost":9,"points_scored":0,"points_conceded":0},{"player_id":"36","played":0,"won":0,"lost":0,"points":0,"sets_won":0,"sets_lost":0,"points_scored":0,"points_conceded":0},{"player_id":"38","played":0,"won":0,"lost":0,"points":0,"sets_won":0,"sets_lost":0,"points_scored":0,"points_conceded":0}]',0,NULL,'2025-10-22 13:54:17','2025-10-22 14:06:22');
INSERT INTO tournament_groups VALUES(40,15,'B',2,'["30","32","39","37"]','[{"player_id":"30","played":1,"won":0,"lost":0,"points":1,"sets_won":2,"sets_lost":2,"points_scored":0,"points_conceded":0},{"player_id":"32","played":1,"won":0,"lost":0,"points":1,"sets_won":2,"sets_lost":2,"points_scored":0,"points_conceded":0},{"player_id":"39","played":0,"won":0,"lost":0,"points":0,"sets_won":0,"sets_lost":0,"points_scored":0,"points_conceded":0},{"player_id":"37","played":0,"won":0,"lost":0,"points":0,"sets_won":0,"sets_lost":0,"points_scored":0,"points_conceded":0}]',0,NULL,'2025-10-22 13:54:18','2025-10-22 13:57:45');
INSERT INTO tournament_groups VALUES(41,15,'C',3,'["34","35","33"]','[{"player_id":"34","played":0,"won":0,"lost":0,"points":0,"sets_won":0,"sets_lost":0,"points_scored":0,"points_conceded":0},{"player_id":"35","played":0,"won":0,"lost":0,"points":0,"sets_won":0,"sets_lost":0,"points_scored":0,"points_conceded":0},{"player_id":"33","played":0,"won":0,"lost":0,"points":0,"sets_won":0,"sets_lost":0,"points_scored":0,"points_conceded":0}]',0,NULL,'2025-10-22 13:54:18','2025-10-22 13:54:18');
INSERT INTO tournament_groups VALUES(62,11,'A',1,'["7","13","2","10"]','[{"player_id":"7","played":4,"won":4,"lost":0,"points":8,"sets_won":12,"sets_lost":5,"points_scored":0,"points_conceded":0},{"player_id":"13","played":4,"won":1,"lost":3,"points":2,"sets_won":6,"sets_lost":11,"points_scored":0,"points_conceded":0},{"player_id":"2","played":3,"won":1,"lost":2,"points":2,"sets_won":7,"sets_lost":7,"points_scored":0,"points_conceded":0},{"player_id":"10","played":3,"won":1,"lost":2,"points":2,"sets_won":5,"sets_lost":7,"points_scored":0,"points_conceded":0}]',0,NULL,'2025-10-24 07:39:24','2025-10-24 11:43:18');
INSERT INTO tournament_groups VALUES(63,11,'B',2,'["6","16","15","12"]','[{"player_id":"6","played":3,"won":1,"lost":2,"points":2,"sets_won":7,"sets_lost":7,"points_scored":0,"points_conceded":0},{"player_id":"16","played":3,"won":1,"lost":2,"points":2,"sets_won":7,"sets_lost":8,"points_scored":0,"points_conceded":0},{"player_id":"15","played":3,"won":2,"lost":1,"points":4,"sets_won":7,"sets_lost":7,"points_scored":0,"points_conceded":0},{"player_id":"12","played":3,"won":2,"lost":1,"points":4,"sets_won":8,"sets_lost":7,"points_scored":0,"points_conceded":0}]',0,NULL,'2025-10-24 07:39:24','2025-10-24 08:47:34');
INSERT INTO tournament_groups VALUES(64,11,'C',3,'["3","11","4"]','[{"player_id":"3","played":2,"won":2,"lost":0,"points":4,"sets_won":6,"sets_lost":1,"points_scored":0,"points_conceded":0},{"player_id":"11","played":2,"won":1,"lost":1,"points":2,"sets_won":3,"sets_lost":3,"points_scored":0,"points_conceded":0},{"player_id":"4","played":2,"won":0,"lost":2,"points":0,"sets_won":1,"sets_lost":6,"points_scored":0,"points_conceded":0}]',0,NULL,'2025-10-24 07:39:24','2025-10-24 08:48:29');
INSERT INTO tournament_groups VALUES(65,11,'D',4,'["9","1","14"]','[{"player_id":"9","played":2,"won":1,"lost":1,"points":2,"sets_won":4,"sets_lost":5,"points_scored":0,"points_conceded":0},{"player_id":"1","played":2,"won":1,"lost":1,"points":2,"sets_won":5,"sets_lost":5,"points_scored":0,"points_conceded":0},{"player_id":"14","played":2,"won":1,"lost":1,"points":2,"sets_won":5,"sets_lost":4,"points_scored":0,"points_conceded":0}]',0,NULL,'2025-10-24 07:39:24','2025-10-24 08:49:01');
INSERT INTO tournament_groups VALUES(66,11,'E',5,'["5","28","8"]','[{"player_id":"5","played":2,"won":1,"lost":1,"points":2,"sets_won":4,"sets_lost":5,"points_scored":0,"points_conceded":0},{"player_id":"28","played":2,"won":2,"lost":0,"points":4,"sets_won":6,"sets_lost":2,"points_scored":0,"points_conceded":0},{"player_id":"8","played":2,"won":0,"lost":2,"points":0,"sets_won":3,"sets_lost":6,"points_scored":0,"points_conceded":0}]',0,NULL,'2025-10-24 07:39:24','2025-10-24 08:49:30');
CREATE TABLE IF NOT EXISTS "standings" ("id" integer primary key autoincrement not null, "created_at" datetime, "updated_at" datetime, "competition_id" integer not null, "team_id" integer, "player_id" integer, "position" integer not null default ('1'), "played" integer not null default ('0'), "won" integer not null default ('0'), "drawn" integer not null default ('0'), "lost" integer not null default ('0'), "goals_for" integer not null default ('0'), "goals_against" integer not null default ('0'), "goal_difference" integer not null default ('0'), "points" integer not null default ('0'), "sets_won" integer not null default '0', "sets_lost" integer not null default '0', "points_won" integer not null default '0', "points_lost" integer not null default '0', "tournament_group_id" integer, foreign key("competition_id") references competitions("id") on delete cascade on update no action, foreign key("team_id") references teams("id") on delete cascade on update no action, foreign key("player_id") references players("id") on delete cascade on update no action, foreign key("tournament_group_id") references "tournament_groups"("id") on delete cascade);
INSERT INTO standings VALUES(24,'2025-10-18 07:57:40','2025-10-18 08:42:09',3,NULL,17,3,2,1,0,1,3,3,0,3,0,0,0,0,NULL);
INSERT INTO standings VALUES(25,'2025-10-18 07:57:40','2025-10-18 08:42:09',3,NULL,18,5,2,0,0,2,0,6,-6,0,0,0,0,0,NULL);
INSERT INTO standings VALUES(26,'2025-10-18 07:57:40','2025-10-18 08:42:09',3,NULL,19,4,3,1,0,2,5,6,-1,3,0,0,0,0,NULL);
INSERT INTO standings VALUES(27,'2025-10-18 07:57:40','2025-10-18 08:42:09',3,NULL,20,1,2,2,0,0,6,0,6,6,0,0,0,0,NULL);
INSERT INTO standings VALUES(28,'2025-10-18 07:57:40','2025-10-18 08:42:09',3,NULL,21,2,3,2,0,1,6,5,1,6,0,0,0,0,NULL);
INSERT INTO standings VALUES(29,'2025-10-18 08:01:18','2025-10-18 08:34:24',4,NULL,21,1,3,2,0,1,0,0,0,6,6,3,0,0,4);
INSERT INTO standings VALUES(30,'2025-10-18 08:01:18','2025-10-18 08:34:24',4,NULL,18,1,2,0,0,2,0,0,0,0,0,6,0,0,4);
INSERT INTO standings VALUES(31,'2025-10-18 08:01:18','2025-10-18 08:34:19',4,NULL,19,1,1,1,0,0,0,0,0,3,3,0,0,0,4);
INSERT INTO standings VALUES(32,'2025-10-18 08:01:18','2025-10-18 08:24:37',4,NULL,23,1,1,0,0,1,0,0,0,0,0,3,0,0,5);
INSERT INTO standings VALUES(33,'2025-10-18 08:01:18','2025-10-18 08:34:09',4,NULL,17,1,2,2,0,0,0,0,0,6,6,2,0,0,5);
INSERT INTO standings VALUES(34,'2025-10-18 08:01:18','2025-10-18 08:34:09',4,NULL,20,1,3,1,0,2,0,0,0,3,5,6,0,0,5);
INSERT INTO standings VALUES(35,'2025-10-18 08:44:39','2025-10-18 08:45:33',5,NULL,26,1,2,0,0,2,0,0,0,0,1,6,0,0,6);
INSERT INTO standings VALUES(36,'2025-10-18 08:44:39','2025-10-18 08:45:38',5,NULL,22,1,2,2,0,0,0,0,0,6,6,2,0,0,6);
INSERT INTO standings VALUES(37,'2025-10-18 08:44:39','2025-10-18 08:45:38',5,NULL,18,1,2,1,0,1,0,0,0,3,5,4,0,0,6);
INSERT INTO standings VALUES(38,'2025-10-18 08:44:39','2025-10-18 08:45:50',5,NULL,24,1,2,2,0,0,0,0,0,6,6,3,0,0,7);
INSERT INTO standings VALUES(39,'2025-10-18 08:44:39','2025-10-18 08:45:55',5,NULL,19,1,2,1,0,1,0,0,0,3,4,4,0,0,7);
INSERT INTO standings VALUES(40,'2025-10-18 08:44:39','2025-10-18 08:45:55',5,NULL,21,1,2,0,0,2,0,0,0,0,3,6,0,0,7);
INSERT INTO standings VALUES(41,'2025-10-18 08:44:39','2025-10-18 08:46:10',5,NULL,23,1,2,1,0,1,0,0,0,3,4,5,0,0,8);
INSERT INTO standings VALUES(42,'2025-10-18 08:44:39','2025-10-18 08:46:16',5,NULL,25,1,2,0,0,2,0,0,0,0,3,6,0,0,8);
INSERT INTO standings VALUES(43,'2025-10-18 08:44:39','2025-10-18 08:46:16',5,NULL,17,1,2,2,0,0,0,0,0,6,6,2,0,0,8);
INSERT INTO standings VALUES(48,'2025-10-18 09:37:46','2025-10-18 09:38:54',7,NULL,2,1,2,2,0,0,0,0,0,6,6,3,0,0,10);
INSERT INTO standings VALUES(49,'2025-10-18 09:37:46','2025-10-18 09:38:54',7,NULL,1,1,2,1,0,1,0,0,0,3,4,4,0,0,10);
INSERT INTO standings VALUES(50,'2025-10-18 09:37:46','2025-10-18 09:38:54',7,NULL,7,1,2,0,0,2,0,0,0,0,3,6,0,0,10);
INSERT INTO standings VALUES(307,'2025-10-18 23:03:36','2025-10-18 23:04:15',7,NULL,3,1,3,2,0,1,0,0,0,6,6,6,18,35,9);
INSERT INTO standings VALUES(308,'2025-10-18 23:03:36','2025-10-18 23:04:15',7,NULL,4,2,3,2,0,1,0,0,0,6,7,6,0,0,9);
INSERT INTO standings VALUES(309,'2025-10-18 23:03:36','2025-10-18 23:04:15',7,NULL,9,4,3,1,0,2,0,0,0,3,6,6,35,18,9);
INSERT INTO standings VALUES(310,'2025-10-18 23:03:36','2025-10-18 23:04:15',7,NULL,16,3,3,1,0,2,0,0,0,3,7,8,0,0,9);
INSERT INTO standings VALUES(317,'2025-10-21 12:11:29','2025-10-23 11:47:35',9,NULL,5,3,1,0,0,1,0,0,0,0,2,3,39,41,35);
INSERT INTO standings VALUES(318,'2025-10-21 12:11:29','2025-10-23 11:47:35',9,NULL,2,1,1,0,0,1,0,0,0,0,2,8,10,22,35);
INSERT INTO standings VALUES(319,'2025-10-21 12:11:29','2025-10-23 11:47:35',9,NULL,6,2,2,2,0,0,0,0,0,4,11,4,63,49,35);
INSERT INTO standings VALUES(334,'2025-10-22 13:54:18','2025-10-22 13:54:18',15,NULL,34,1,0,0,0,0,0,0,0,0,0,0,0,0,41);
INSERT INTO standings VALUES(335,'2025-10-22 13:54:18','2025-10-22 13:54:18',15,NULL,35,1,0,0,0,0,0,0,0,0,0,0,0,0,41);
INSERT INTO standings VALUES(336,'2025-10-22 13:54:18','2025-10-22 13:54:18',15,NULL,33,1,0,0,0,0,0,0,0,0,0,0,0,0,41);
INSERT INTO standings VALUES(341,'2025-10-22 13:57:45','2025-10-22 13:57:45',15,NULL,30,1,1,0,0,0,0,0,0,1,2,2,0,0,40);
INSERT INTO standings VALUES(342,'2025-10-22 13:57:45','2025-10-22 13:57:46',15,NULL,32,2,1,0,0,0,0,0,0,1,2,2,0,0,40);
INSERT INTO standings VALUES(343,'2025-10-22 13:57:46','2025-10-22 13:57:46',15,NULL,39,3,0,0,0,0,0,0,0,0,0,0,0,0,40);
INSERT INTO standings VALUES(344,'2025-10-22 13:57:46','2025-10-22 13:57:46',15,NULL,37,4,0,0,0,0,0,0,0,0,0,0,0,0,40);
INSERT INTO standings VALUES(349,'2025-10-22 14:06:23','2025-10-22 14:06:23',15,NULL,29,1,0,0,0,0,0,0,0,0,0,0,0,0,39);
INSERT INTO standings VALUES(350,'2025-10-22 14:06:23','2025-10-22 14:06:23',15,NULL,31,2,0,0,0,0,0,0,0,0,0,0,0,0,39);
INSERT INTO standings VALUES(351,'2025-10-22 14:06:23','2025-10-22 14:06:23',15,NULL,36,3,0,0,0,0,0,0,0,0,0,0,0,0,39);
INSERT INTO standings VALUES(352,'2025-10-22 14:06:23','2025-10-22 14:06:24',15,NULL,38,4,0,0,0,0,0,0,0,0,0,0,0,0,39);
INSERT INTO standings VALUES(514,'2025-10-24 08:47:34','2025-10-24 08:47:34',11,NULL,6,3,3,1,0,2,0,0,0,2,7,7,0,0,63);
INSERT INTO standings VALUES(515,'2025-10-24 08:47:34','2025-10-24 08:47:34',11,NULL,16,4,3,1,0,2,0,0,0,2,7,8,0,0,63);
INSERT INTO standings VALUES(516,'2025-10-24 08:47:34','2025-10-24 08:47:34',11,NULL,15,2,3,2,0,1,0,0,0,4,7,7,0,0,63);
INSERT INTO standings VALUES(517,'2025-10-24 08:47:34','2025-10-24 08:47:34',11,NULL,12,1,3,2,0,1,0,0,0,4,8,7,0,0,63);
INSERT INTO standings VALUES(524,'2025-10-24 08:48:29','2025-10-24 08:48:29',11,NULL,3,1,2,2,0,0,0,0,0,4,6,1,0,0,64);
INSERT INTO standings VALUES(525,'2025-10-24 08:48:29','2025-10-24 08:48:29',11,NULL,11,2,2,1,0,1,0,0,0,2,3,3,0,0,64);
INSERT INTO standings VALUES(526,'2025-10-24 08:48:29','2025-10-24 08:48:29',11,NULL,4,3,2,0,0,2,0,0,0,0,1,6,0,0,64);
INSERT INTO standings VALUES(533,'2025-10-24 08:49:01','2025-10-24 08:49:01',11,NULL,9,3,2,1,0,1,0,0,0,2,4,5,0,0,65);
INSERT INTO standings VALUES(534,'2025-10-24 08:49:01','2025-10-24 08:49:01',11,NULL,1,2,2,1,0,1,0,0,0,2,5,5,0,0,65);
INSERT INTO standings VALUES(535,'2025-10-24 08:49:01','2025-10-24 08:49:01',11,NULL,14,1,2,1,0,1,0,0,0,2,5,4,0,0,65);
INSERT INTO standings VALUES(542,'2025-10-24 08:49:30','2025-10-24 08:49:30',11,NULL,5,2,2,1,0,1,0,0,0,2,4,5,0,0,66);
INSERT INTO standings VALUES(543,'2025-10-24 08:49:30','2025-10-24 08:49:30',11,NULL,28,1,2,2,0,0,0,0,0,4,6,2,0,0,66);
INSERT INTO standings VALUES(544,'2025-10-24 08:49:30','2025-10-24 08:49:30',11,NULL,8,3,2,0,0,2,0,0,0,0,3,6,0,0,66);
INSERT INTO standings VALUES(548,'2025-10-24 11:17:14','2025-10-24 11:17:14',9,NULL,3,1,2,2,0,0,0,0,0,4,6,1,0,0,36);
INSERT INTO standings VALUES(549,'2025-10-24 11:17:14','2025-10-24 11:17:14',9,NULL,1,2,2,1,0,1,0,0,0,2,3,5,0,0,36);
INSERT INTO standings VALUES(550,'2025-10-24 11:17:14','2025-10-24 11:17:14',9,NULL,4,3,2,0,0,2,0,0,0,0,3,6,0,0,36);
INSERT INTO standings VALUES(554,'2025-10-24 11:21:43','2025-10-24 11:21:43',10,NULL,1,1,2,2,0,0,0,0,0,6,6,1,0,0,37);
INSERT INTO standings VALUES(555,'2025-10-24 11:21:43','2025-10-24 11:21:43',10,NULL,2,3,2,0,0,2,0,0,0,0,2,6,0,0,37);
INSERT INTO standings VALUES(556,'2025-10-24 11:21:43','2025-10-24 11:21:43',10,NULL,6,2,2,1,0,1,0,0,0,3,3,4,0,0,37);
INSERT INTO standings VALUES(560,'2025-10-24 11:21:59','2025-10-24 11:21:59',10,NULL,4,1,2,2,0,0,0,0,0,6,6,1,0,0,38);
INSERT INTO standings VALUES(561,'2025-10-24 11:21:59','2025-10-24 11:21:59',10,NULL,3,2,2,1,0,1,0,0,0,3,4,4,0,0,38);
INSERT INTO standings VALUES(562,'2025-10-24 11:21:59','2025-10-24 11:22:00',10,NULL,5,3,2,0,0,2,0,0,0,0,1,6,0,0,38);
INSERT INTO standings VALUES(563,'2025-10-24 11:43:18','2025-10-24 11:43:18',11,NULL,7,1,3,3,0,0,0,0,0,6,9,4,0,0,62);
INSERT INTO standings VALUES(564,'2025-10-24 11:43:18','2025-10-24 11:43:18',11,NULL,13,4,3,1,0,2,0,0,0,2,5,8,0,0,62);
INSERT INTO standings VALUES(565,'2025-10-24 11:43:18','2025-10-24 11:43:18',11,NULL,2,2,3,1,0,2,0,0,0,2,7,7,0,0,62);
INSERT INTO standings VALUES(566,'2025-10-24 11:43:18','2025-10-24 11:43:18',11,NULL,10,3,3,1,0,2,0,0,0,2,5,7,0,0,62);
CREATE TABLE IF NOT EXISTS "competitions" ("id" integer primary key autoincrement not null, "name" varchar not null, "slug" varchar not null, "description" text, "organization_id" integer not null, "sport_id" integer not null, "type" varchar not null default ('league'), "start_date" date, "end_date" date, "max_teams" integer not null default ('8'), "is_team_based" tinyint(1) not null default ('0'), "status" varchar not null default ('draft'), "settings" text, "is_active" tinyint(1) not null default ('1'), "max_participants" integer not null default ('16'), "group_count" integer not null default ('4'), "players_per_group" integer not null default ('4'), "players_advancing_per_group" integer not null default ('2'), "advancement_method" varchar not null default ('automatic'), "current_phase" varchar not null default ('groups'), "knockout_bracket" text, "groups_completed_at" datetime, "knockout_completed_at" datetime, "sets_to_win" integer not null default ('2'), "points_per_set" integer not null default ('21'), "deuce_at" integer not null default ('20'), "must_win_by_two" tinyint(1) not null default ('1'), "points_for_win" integer not null default ('3'), "points_for_draw" integer not null default ('1'), "points_for_loss" integer not null default ('0'), "has_tiebreak" tinyint(1) not null default ('1'), "tiebreak_points" integer not null default ('7'), "created_at" datetime, "updated_at" datetime, "manual_knockout_selection" tinyint(1) not null default '0', "is_public" tinyint(1) not null default '0', foreign key("sport_id") references sports("id") on delete cascade on update no action, foreign key("organization_id") references organizations("id") on delete cascade on update no action);
INSERT INTO competitions VALUES(2,'Asee liga Oktobar','asee-liga-oktobar-1760744929',NULL,1,1,'league',NULL,NULL,8,0,'draft','{"format":"round_robin","points_win":"2","points_draw":"0","points_loss":"1","sets_to_win":"3","is_public":true}',1,16,4,4,2,'automatic','groups',NULL,NULL,NULL,2,21,20,1,3,1,0,1,7,'2025-10-17 23:48:49','2025-10-23 09:34:31',0,1);
INSERT INTO competitions VALUES(3,'Ligaa','ligaa-1760774155',NULL,2,1,'league',NULL,NULL,8,0,'active','{"format":"dual_robin","points_win":"3","points_draw":"1","points_loss":"0","sets_to_win":"3"}',1,16,4,4,2,'automatic','groups',NULL,NULL,NULL,2,21,20,1,3,1,0,1,7,'2025-10-18 07:55:55','2025-10-18 07:57:40',0,0);
INSERT INTO competitions VALUES(4,'Turnir','turnir-1760774393',NULL,2,1,'tournament','2025-10-18 00:00:00',NULL,8,0,'completed',NULL,1,6,2,3,2,'automatic','completed',NULL,NULL,'2025-10-18 08:35:17',2,21,20,1,3,1,0,1,7,'2025-10-18 07:59:53','2025-10-18 08:35:17',0,0);
INSERT INTO competitions VALUES(5,'Turnir 2','turnir-2-1760776969',NULL,2,1,'tournament','2025-10-18 00:00:00',NULL,8,0,'completed',NULL,1,9,3,3,2,'manual','completed',NULL,NULL,'2025-10-18 09:07:29',2,21,20,1,3,1,0,1,7,'2025-10-18 08:42:49','2025-10-18 18:13:36',0,1);
INSERT INTO competitions VALUES(7,'Tuzla Open','tuzla-open-1760779715',NULL,1,1,'tournament','2025-10-18 00:00:00',NULL,8,0,'completed',NULL,1,7,2,4,2,'manual','completed','{"round":1,"left":{"round":1,"matches":[{"player1_id":1,"player2_id":16,"is_bye":false,"round":1}],"is_final":true},"right":{"round":1,"matches":[{"player1_id":2,"player2_id":9,"is_bye":false,"round":1}],"is_final":true},"winner_match":{"player1_id":null,"player2_id":null,"is_bye":false,"round":2}}',NULL,'2025-10-21 10:31:33',2,21,20,1,3,1,0,1,7,'2025-10-18 09:28:35','2025-10-21 10:31:33',0,1);
INSERT INTO competitions VALUES(9,'Asee Turnir','asee-turnir-1760782782',NULL,1,1,'tournament','2025-10-18 00:00:00',NULL,8,0,'completed',NULL,1,6,2,3,2,'manual','completed',NULL,NULL,'2025-10-24 11:19:36',3,11,10,1,2,1,0,0,7,'2025-10-18 10:19:42','2025-10-24 11:19:36',1,1);
INSERT INTO competitions VALUES(10,'Open Tuzla','open-tuzla-1760784277',NULL,1,1,'tournament','2025-10-18 00:00:00',NULL,8,0,'completed',NULL,1,6,2,3,2,'automatic','completed',NULL,NULL,'2025-10-24 11:33:50',2,21,20,1,3,1,0,1,7,'2025-10-18 10:44:37','2025-10-24 11:33:50',1,1);
INSERT INTO competitions VALUES(11,'Veterani','veterani-1761046981',NULL,1,1,'tournament','2025-10-29 00:00:00',NULL,8,0,'completed',NULL,1,25,5,4,2,'automatic','completed',NULL,NULL,'2025-10-24 12:19:02',3,11,10,1,2,0,0,0,7,'2025-10-21 11:43:01','2025-10-24 12:19:02',1,1);
INSERT INTO competitions VALUES(15,'JOOLA KUP KADETI TEST','joola-kup-kadeti-test-1761141176',NULL,4,1,'tournament','2025-10-22 00:00:00','2025-10-22 00:00:00',8,0,'active',NULL,1,11,3,4,2,'automatic','groups',NULL,NULL,NULL,2,21,20,1,3,1,0,1,7,'2025-10-22 13:52:56','2025-10-22 13:58:05',1,1);
CREATE TABLE IF NOT EXISTS "display_leagues" ("id" integer primary key autoincrement not null, "league_id" integer not null, "display_order" integer not null default '0', "created_at" datetime, "updated_at" datetime, foreign key("league_id") references "leagues"("id") on delete cascade);
CREATE TABLE IF NOT EXISTS "tables" ("id" integer primary key autoincrement not null, "organization_id" integer not null, "name" varchar not null, "description" text, "is_active" tinyint(1) not null default '1', "created_at" datetime, "updated_at" datetime, foreign key("organization_id") references "organizations"("id") on delete cascade);
INSERT INTO tables VALUES(1,1,'Centralni',NULL,1,'2025-10-23 09:29:52','2025-10-23 09:29:52');
INSERT INTO tables VALUES(2,1,'Stol 1',NULL,1,'2025-10-23 09:30:07','2025-10-23 09:30:07');
CREATE TABLE IF NOT EXISTS "matches" ("id" integer primary key autoincrement not null, "created_at" datetime, "updated_at" datetime, "league_id" integer, "home_team_id" integer, "away_team_id" integer, "home_player_id" integer, "away_player_id" integer, "home_score" integer, "away_score" integer, "scheduled_at" datetime, "played_at" datetime, "status" varchar not null default ('scheduled'), "forfeited_by" varchar, "round" integer not null default ('1'), "sets" text, "first_server" varchar, "current_server" varchar, "set_durations" text, "current_set_started_at" datetime, "competition_id" integer, "phase" varchar, "tournament_group_id" integer, "round_number" integer, "bracket_position" integer, "is_bye" tinyint(1) not null default ('0'), "moderator_id" integer, "edited_by" integer, "completed_by" integer, "edited_at" datetime, "completed_at" datetime, "table_id" integer, "referee_user_id" integer, "match_order" integer, foreign key("tournament_group_id") references tournament_groups("id") on delete cascade on update no action, foreign key("away_player_id") references players("id") on delete cascade on update no action, foreign key("home_player_id") references players("id") on delete cascade on update no action, foreign key("away_team_id") references teams("id") on delete cascade on update no action, foreign key("home_team_id") references teams("id") on delete cascade on update no action, foreign key("league_id") references competitions("id") on delete cascade on update no action, foreign key("competition_id") references competitions("id") on delete cascade on update no action, foreign key("moderator_id") references users("id") on delete set null on update no action, foreign key("edited_by") references users("id") on delete set null on update no action, foreign key("completed_by") references users("id") on delete set null on update no action);
INSERT INTO matches VALUES(30,'2025-10-18 07:57:40','2025-10-23 09:39:59',NULL,NULL,NULL,18,21,0,3,NULL,'2025-10-18 07:58:36','completed',NULL,1,'[{"home_score":0,"away_score":11},{"home_score":0,"away_score":11},{"home_score":0,"away_score":11}]','home','home','[2.962645,3.100999,27.558379000000002,"-1:-3"]','2025-10-18 07:58:33',3,NULL,NULL,NULL,NULL,0,NULL,NULL,NULL,NULL,NULL,NULL,2,NULL);
INSERT INTO matches VALUES(31,'2025-10-18 07:57:40','2025-10-18 08:36:06',NULL,NULL,NULL,19,20,0,3,NULL,'2025-10-18 08:36:06','completed',NULL,1,'[{"home_score":3,"away_score":11},{"home_score":5,"away_score":11},{"home_score":5,"away_score":11}]','away','away','[3.6068189999999998,4.43763,5.490287,"-1:-2"]','2025-10-18 08:36:04',3,NULL,NULL,NULL,NULL,0,NULL,NULL,NULL,NULL,NULL,NULL,NULL,NULL);
INSERT INTO matches VALUES(32,'2025-10-18 07:57:40','2025-10-18 08:37:23',NULL,NULL,NULL,17,21,3,0,NULL,'2025-10-18 08:37:23','completed',NULL,2,'[{"home_score":11,"away_score":2},{"home_score":11,"away_score":5},{"home_score":11,"away_score":4}]','away','away','[4.002777,3.993355,5.654046999999999,"-1:-2"]','2025-10-18 08:37:21',3,NULL,NULL,NULL,NULL,0,NULL,NULL,NULL,NULL,NULL,NULL,NULL,NULL);
INSERT INTO matches VALUES(33,'2025-10-18 07:57:40','2025-10-18 08:40:37',NULL,NULL,NULL,18,19,0,3,NULL,'2025-10-18 08:40:37','completed',NULL,2,'[{"home_score":4,"away_score":11},{"home_score":5,"away_score":11},{"home_score":4,"away_score":11}]','home','home','[6.261013,4.513515999999999,5.327156,"-1:-2"]','2025-10-18 08:40:35',3,NULL,NULL,NULL,NULL,0,NULL,NULL,NULL,NULL,NULL,NULL,NULL,NULL);
INSERT INTO matches VALUES(34,'2025-10-18 07:57:40','2025-10-18 08:41:52',NULL,NULL,NULL,17,20,0,3,NULL,'2025-10-18 08:41:52','completed',NULL,3,'[{"home_score":4,"away_score":11},{"home_score":4,"away_score":11},{"home_score":3,"away_score":11}]','home','home','[4.426988000000001,3.112841,3.751319,"-1:-2"]','2025-10-18 08:41:50',3,NULL,NULL,NULL,NULL,0,NULL,NULL,NULL,NULL,NULL,NULL,NULL,NULL);
INSERT INTO matches VALUES(35,'2025-10-18 07:57:40','2025-10-18 08:42:09',NULL,NULL,NULL,21,19,3,2,NULL,'2025-10-18 08:42:09','completed',NULL,3,NULL,NULL,NULL,NULL,NULL,3,NULL,NULL,NULL,NULL,0,NULL,NULL,NULL,NULL,NULL,NULL,NULL,NULL);
INSERT INTO matches VALUES(36,'2025-10-18 07:57:40','2025-10-18 07:57:40',NULL,NULL,NULL,17,19,NULL,NULL,NULL,NULL,'scheduled',NULL,4,NULL,NULL,NULL,NULL,NULL,3,NULL,NULL,NULL,NULL,0,NULL,NULL,NULL,NULL,NULL,NULL,NULL,NULL);
INSERT INTO matches VALUES(37,'2025-10-18 07:57:40','2025-10-18 07:57:40',NULL,NULL,NULL,20,18,NULL,NULL,NULL,NULL,'scheduled',NULL,4,NULL,NULL,NULL,NULL,NULL,3,NULL,NULL,NULL,NULL,0,NULL,NULL,NULL,NULL,NULL,NULL,NULL,NULL);
INSERT INTO matches VALUES(38,'2025-10-18 07:57:40','2025-10-18 07:57:40',NULL,NULL,NULL,17,18,NULL,NULL,NULL,NULL,'scheduled',NULL,5,NULL,NULL,NULL,NULL,NULL,3,NULL,NULL,NULL,NULL,0,NULL,NULL,NULL,NULL,NULL,NULL,NULL,NULL);
INSERT INTO matches VALUES(39,'2025-10-18 07:57:40','2025-10-18 07:57:40',NULL,NULL,NULL,20,21,NULL,NULL,NULL,NULL,'scheduled',NULL,5,NULL,NULL,NULL,NULL,NULL,3,NULL,NULL,NULL,NULL,0,NULL,NULL,NULL,NULL,NULL,NULL,NULL,NULL);
INSERT INTO matches VALUES(40,'2025-10-18 07:57:40','2025-10-18 07:57:40',NULL,NULL,NULL,21,18,NULL,NULL,NULL,NULL,'scheduled',NULL,6,NULL,NULL,NULL,NULL,NULL,3,NULL,NULL,NULL,NULL,0,NULL,NULL,NULL,NULL,NULL,NULL,NULL,NULL);
INSERT INTO matches VALUES(41,'2025-10-18 07:57:40','2025-10-18 07:57:40',NULL,NULL,NULL,20,19,NULL,NULL,NULL,NULL,'scheduled',NULL,6,NULL,NULL,NULL,NULL,NULL,3,NULL,NULL,NULL,NULL,0,NULL,NULL,NULL,NULL,NULL,NULL,NULL,NULL);
INSERT INTO matches VALUES(42,'2025-10-18 07:57:40','2025-10-18 07:57:40',NULL,NULL,NULL,21,17,NULL,NULL,NULL,NULL,'scheduled',NULL,7,NULL,NULL,NULL,NULL,NULL,3,NULL,NULL,NULL,NULL,0,NULL,NULL,NULL,NULL,NULL,NULL,NULL,NULL);
INSERT INTO matches VALUES(43,'2025-10-18 07:57:40','2025-10-18 07:57:40',NULL,NULL,NULL,19,18,NULL,NULL,NULL,NULL,'scheduled',NULL,7,NULL,NULL,NULL,NULL,NULL,3,NULL,NULL,NULL,NULL,0,NULL,NULL,NULL,NULL,NULL,NULL,NULL,NULL);
INSERT INTO matches VALUES(44,'2025-10-18 07:57:40','2025-10-18 07:57:40',NULL,NULL,NULL,20,17,NULL,NULL,NULL,NULL,'scheduled',NULL,8,NULL,NULL,NULL,NULL,NULL,3,NULL,NULL,NULL,NULL,0,NULL,NULL,NULL,NULL,NULL,NULL,NULL,NULL);
INSERT INTO matches VALUES(45,'2025-10-18 07:57:40','2025-10-18 07:57:40',NULL,NULL,NULL,19,21,NULL,NULL,NULL,NULL,'scheduled',NULL,8,NULL,NULL,NULL,NULL,NULL,3,NULL,NULL,NULL,NULL,0,NULL,NULL,NULL,NULL,NULL,NULL,NULL,NULL);
INSERT INTO matches VALUES(46,'2025-10-18 07:57:40','2025-10-18 07:57:40',NULL,NULL,NULL,19,17,NULL,NULL,NULL,NULL,'scheduled',NULL,9,NULL,NULL,NULL,NULL,NULL,3,NULL,NULL,NULL,NULL,0,NULL,NULL,NULL,NULL,NULL,NULL,NULL,NULL);
INSERT INTO matches VALUES(47,'2025-10-18 07:57:40','2025-10-18 07:57:40',NULL,NULL,NULL,18,20,NULL,NULL,NULL,NULL,'scheduled',NULL,9,NULL,NULL,NULL,NULL,NULL,3,NULL,NULL,NULL,NULL,0,NULL,NULL,NULL,NULL,NULL,NULL,NULL,NULL);
INSERT INTO matches VALUES(48,'2025-10-18 07:57:40','2025-10-18 07:57:40',NULL,NULL,NULL,18,17,NULL,NULL,NULL,NULL,'scheduled',NULL,10,NULL,NULL,NULL,NULL,NULL,3,NULL,NULL,NULL,NULL,0,NULL,NULL,NULL,NULL,NULL,NULL,NULL,NULL);
INSERT INTO matches VALUES(49,'2025-10-18 07:57:40','2025-10-18 07:57:40',NULL,NULL,NULL,21,20,NULL,NULL,NULL,NULL,'scheduled',NULL,10,NULL,NULL,NULL,NULL,NULL,3,NULL,NULL,NULL,NULL,0,NULL,NULL,NULL,NULL,NULL,NULL,NULL,NULL);
INSERT INTO matches VALUES(50,'2025-10-18 08:02:12','2025-10-18 10:02:06',NULL,NULL,NULL,21,18,3,0,'2025-10-18 08:02:12','2025-10-18 08:34:24','completed',NULL,1,'[{"home_score":"11","away_score":"3"},{"home_score":"11","away_score":"8"},{"home_score":"11","away_score":"2"}]','away','away','[3.160815,13.715883,6.847316,"-1:-3"]','2025-10-18 08:02:38',4,'group',4,NULL,NULL,0,NULL,NULL,NULL,NULL,NULL,NULL,NULL,NULL);
INSERT INTO matches VALUES(51,'2025-10-18 08:02:12','2025-10-18 10:02:06',NULL,NULL,NULL,21,19,0,3,'2025-10-18 08:02:12','2025-10-18 08:34:19','completed',NULL,1,'[{"home_score":"5","away_score":"11"},{"home_score":"6","away_score":"11"},{"home_score":"6","away_score":"11"}]','home','home','[4.616004,4.313033000000001,9.024977999999999,"-1:-2"]','2025-10-18 08:06:52',4,'group',4,NULL,NULL,0,NULL,NULL,NULL,NULL,NULL,NULL,NULL,NULL);
INSERT INTO matches VALUES(52,'2025-10-18 08:02:12','2025-10-18 10:02:06',NULL,NULL,NULL,18,19,0,3,'2025-10-18 08:02:12','2025-10-18 08:10:14','completed',NULL,1,'[{"home_score":3,"away_score":11},{"home_score":5,"away_score":11},{"home_score":8,"away_score":11}]','away','away','[5.487692,4.351408,5.758573999999999,"-1:-3"]','2025-10-18 08:10:11',4,'group',4,NULL,NULL,0,NULL,NULL,NULL,NULL,NULL,NULL,NULL,NULL);
INSERT INTO matches VALUES(53,'2025-10-18 08:02:12','2025-10-18 10:02:06',NULL,NULL,NULL,23,17,0,3,'2025-10-18 08:02:12','2025-10-18 08:23:35','completed',NULL,1,'[{"home_score":5,"away_score":11},{"home_score":3,"away_score":11},{"home_score":5,"away_score":11}]','home','home','[13.118675,4.742621,5.404085,"-1:-2"]','2025-10-18 08:23:33',4,'group',5,NULL,NULL,0,NULL,NULL,NULL,NULL,NULL,NULL,NULL,NULL);
INSERT INTO matches VALUES(54,'2025-10-18 08:02:12','2025-10-18 10:02:06',NULL,NULL,NULL,23,20,0,3,'2025-10-18 08:02:12','2025-10-18 08:24:37','completed',NULL,1,'[{"home_score":4,"away_score":11},{"home_score":7,"away_score":11},{"home_score":6,"away_score":11}]','away','away','[4.703464,5.620116,5.388372,"-1:-2"]','2025-10-18 08:24:35',4,'group',5,NULL,NULL,0,NULL,NULL,NULL,NULL,NULL,NULL,NULL,NULL);
INSERT INTO matches VALUES(55,'2025-10-18 08:02:12','2025-10-18 10:02:06',NULL,NULL,NULL,17,20,3,1,'2025-10-18 08:02:12','2025-10-18 08:34:09','completed',NULL,1,'[{"home_score":"11","away_score":"8"},{"home_score":"11","away_score":"9"},{"home_score":"9","away_score":"11"},{"home_score":"12","away_score":"10"}]',NULL,NULL,NULL,NULL,4,'group',5,NULL,NULL,0,NULL,NULL,NULL,NULL,NULL,NULL,NULL,NULL);
INSERT INTO matches VALUES(56,'2025-10-18 08:34:30','2025-10-18 08:35:04',NULL,NULL,NULL,21,20,1,3,'2025-10-18 08:34:30','2025-10-18 08:35:04','completed',NULL,1,'[]',NULL,NULL,NULL,NULL,4,'knockout',NULL,1,NULL,0,NULL,NULL,NULL,NULL,NULL,NULL,NULL,NULL);
INSERT INTO matches VALUES(57,'2025-10-18 08:34:30','2025-10-18 08:35:11',NULL,NULL,NULL,19,17,1,3,'2025-10-18 08:34:30','2025-10-18 08:35:11','completed',NULL,1,'[]',NULL,NULL,NULL,NULL,4,'knockout',NULL,1,NULL,0,NULL,NULL,NULL,NULL,NULL,NULL,NULL,NULL);
INSERT INTO matches VALUES(58,'2025-10-18 08:35:11','2025-10-18 08:35:17',NULL,NULL,NULL,20,17,2,3,'2025-10-18 08:35:11','2025-10-18 08:35:17','completed',NULL,1,'[]',NULL,NULL,NULL,NULL,4,'knockout',NULL,2,NULL,0,NULL,NULL,NULL,NULL,NULL,NULL,NULL,NULL);
INSERT INTO matches VALUES(59,'2025-10-18 08:44:44','2025-10-18 10:02:06',NULL,NULL,NULL,26,22,0,3,'2025-10-18 08:44:44','2025-10-18 08:45:24','completed',NULL,1,'[{"home_score":7,"away_score":11},{"home_score":4,"away_score":11},{"home_score":5,"away_score":11}]','home','home','[7.280685999999999,4.761578999999999,4.7654250000000005,"-1:-3"]','2025-10-18 08:45:21',5,'group',6,NULL,NULL,0,NULL,NULL,NULL,NULL,NULL,NULL,NULL,NULL);
INSERT INTO matches VALUES(60,'2025-10-18 08:44:44','2025-10-18 10:02:06',NULL,NULL,NULL,26,18,1,3,'2025-10-18 08:44:44','2025-10-18 08:45:33','completed',NULL,1,'[]',NULL,NULL,NULL,NULL,5,'group',6,NULL,NULL,0,NULL,NULL,NULL,NULL,NULL,NULL,NULL,NULL);
INSERT INTO matches VALUES(61,'2025-10-18 08:44:44','2025-10-18 10:02:06',NULL,NULL,NULL,22,18,3,2,'2025-10-18 08:44:44','2025-10-18 08:45:38','completed',NULL,1,'[]',NULL,NULL,NULL,NULL,5,'group',6,NULL,NULL,0,NULL,NULL,NULL,NULL,NULL,NULL,NULL,NULL);
INSERT INTO matches VALUES(62,'2025-10-18 08:44:44','2025-10-18 10:02:06',NULL,NULL,NULL,24,19,3,1,'2025-10-18 08:44:44','2025-10-18 08:45:44','completed',NULL,1,'[]',NULL,NULL,NULL,NULL,5,'group',7,NULL,NULL,0,NULL,NULL,NULL,NULL,NULL,NULL,NULL,NULL);
INSERT INTO matches VALUES(63,'2025-10-18 08:44:44','2025-10-18 10:02:06',NULL,NULL,NULL,24,21,3,2,'2025-10-18 08:44:44','2025-10-18 08:45:50','completed',NULL,1,'[]',NULL,NULL,NULL,NULL,5,'group',7,NULL,NULL,0,NULL,NULL,NULL,NULL,NULL,NULL,NULL,NULL);
INSERT INTO matches VALUES(64,'2025-10-18 08:44:44','2025-10-18 10:02:06',NULL,NULL,NULL,19,21,3,1,'2025-10-18 08:44:44','2025-10-18 08:45:55','completed',NULL,1,'[]',NULL,NULL,NULL,NULL,5,'group',7,NULL,NULL,0,NULL,NULL,NULL,NULL,NULL,NULL,NULL,NULL);
INSERT INTO matches VALUES(65,'2025-10-18 08:44:44','2025-10-18 10:02:06',NULL,NULL,NULL,23,25,3,2,'2025-10-18 08:44:44','2025-10-18 08:46:03','completed',NULL,1,'[]',NULL,NULL,NULL,NULL,5,'group',8,NULL,NULL,0,NULL,NULL,NULL,NULL,NULL,NULL,NULL,NULL);
INSERT INTO matches VALUES(66,'2025-10-18 08:44:44','2025-10-18 10:02:06',NULL,NULL,NULL,23,17,1,3,'2025-10-18 08:44:44','2025-10-18 08:46:10','completed',NULL,1,'[]',NULL,NULL,NULL,NULL,5,'group',8,NULL,NULL,0,NULL,NULL,NULL,NULL,NULL,NULL,NULL,NULL);
INSERT INTO matches VALUES(67,'2025-10-18 08:44:44','2025-10-18 10:02:06',NULL,NULL,NULL,25,17,1,3,'2025-10-18 08:44:44','2025-10-18 08:46:16','completed',NULL,1,'[]',NULL,NULL,NULL,NULL,5,'group',8,NULL,NULL,0,NULL,NULL,NULL,NULL,NULL,NULL,NULL,NULL);
INSERT INTO matches VALUES(84,'2025-10-18 09:06:56','2025-10-18 09:07:02',NULL,NULL,NULL,22,19,3,1,'2025-10-18 09:06:56','2025-10-18 09:07:02','completed',NULL,1,'[]',NULL,NULL,NULL,NULL,5,'knockout',NULL,1,NULL,0,NULL,NULL,NULL,NULL,NULL,NULL,NULL,NULL);
INSERT INTO matches VALUES(85,'2025-10-18 09:06:56','2025-10-18 09:07:07',NULL,NULL,NULL,17,18,3,2,'2025-10-18 09:06:56','2025-10-18 09:07:07','completed',NULL,1,'[]',NULL,NULL,NULL,NULL,5,'knockout',NULL,1,NULL,0,NULL,NULL,NULL,NULL,NULL,NULL,NULL,NULL);
INSERT INTO matches VALUES(86,'2025-10-18 09:06:56','2025-10-18 09:07:10',NULL,NULL,NULL,24,23,3,1,'2025-10-18 09:06:56','2025-10-18 09:07:10','completed',NULL,1,'[]',NULL,NULL,NULL,NULL,5,'knockout',NULL,1,NULL,0,NULL,NULL,NULL,NULL,NULL,NULL,NULL,NULL);
INSERT INTO matches VALUES(87,'2025-10-18 09:07:10','2025-10-18 09:07:23',NULL,NULL,NULL,22,17,1,3,'2025-10-18 09:07:10','2025-10-18 09:07:23','completed',NULL,1,'[]',NULL,NULL,NULL,NULL,5,'knockout',NULL,2,NULL,0,NULL,NULL,NULL,NULL,NULL,NULL,NULL,NULL);
INSERT INTO matches VALUES(88,'2025-10-18 09:07:10','2025-10-18 09:07:10',NULL,NULL,NULL,24,NULL,1,0,'2025-10-18 09:07:10','2025-10-18 09:07:10','completed',NULL,1,NULL,NULL,NULL,NULL,NULL,5,'knockout',NULL,2,NULL,1,NULL,NULL,NULL,NULL,NULL,NULL,NULL,NULL);
INSERT INTO matches VALUES(89,'2025-10-18 09:07:23','2025-10-18 09:07:29',NULL,NULL,NULL,17,24,1,3,'2025-10-18 09:07:23','2025-10-18 09:07:29','completed',NULL,1,'[]',NULL,NULL,NULL,NULL,5,'knockout',NULL,3,NULL,0,NULL,NULL,NULL,NULL,NULL,NULL,NULL,NULL);
INSERT INTO matches VALUES(90,'2025-10-18 09:37:50','2025-10-18 16:05:24',NULL,NULL,NULL,3,4,3,1,'2025-10-18 09:37:50','2025-10-18 16:05:24','completed',NULL,1,'[]',NULL,NULL,NULL,NULL,7,'group',9,NULL,NULL,0,NULL,NULL,NULL,NULL,NULL,NULL,NULL,NULL);
INSERT INTO matches VALUES(91,'2025-10-18 09:37:50','2025-10-18 23:04:15',NULL,NULL,NULL,3,9,0,3,'2025-10-18 09:37:50','2025-10-18 23:04:15','completed',NULL,1,'[{"home_score":"11","away_score":"13"},{"home_score":5,"away_score":11},{"home_score":2,"away_score":11}]','away','away','[25.131344000000002,5.232792000000001,"-1:-2"]','2025-10-18 23:04:13',7,'group',9,NULL,NULL,0,NULL,NULL,NULL,NULL,NULL,NULL,NULL,NULL);
INSERT INTO matches VALUES(92,'2025-10-18 09:37:50','2025-10-18 10:02:06',NULL,NULL,NULL,3,16,3,2,'2025-10-18 09:37:50','2025-10-18 09:38:12','completed',NULL,1,'[]',NULL,NULL,NULL,NULL,7,'group',9,NULL,NULL,0,NULL,NULL,NULL,NULL,NULL,NULL,NULL,NULL);
INSERT INTO matches VALUES(93,'2025-10-18 09:37:50','2025-10-18 10:02:06',NULL,NULL,NULL,4,9,3,1,'2025-10-18 09:37:50','2025-10-18 09:38:18','completed',NULL,1,'[]',NULL,NULL,NULL,NULL,7,'group',9,NULL,NULL,0,NULL,NULL,NULL,NULL,NULL,NULL,NULL,NULL);
INSERT INTO matches VALUES(94,'2025-10-18 09:37:50','2025-10-18 10:02:06',NULL,NULL,NULL,4,16,3,2,'2025-10-18 09:37:50','2025-10-18 09:38:24','completed',NULL,1,'[]',NULL,NULL,NULL,NULL,7,'group',9,NULL,NULL,0,NULL,NULL,NULL,NULL,NULL,NULL,NULL,NULL);
INSERT INTO matches VALUES(95,'2025-10-18 09:37:50','2025-10-18 10:02:06',NULL,NULL,NULL,9,16,2,3,'2025-10-18 09:37:50','2025-10-18 09:43:53','completed',NULL,1,'[]',NULL,NULL,NULL,NULL,7,'group',9,NULL,NULL,0,NULL,NULL,NULL,NULL,NULL,NULL,NULL,NULL);
INSERT INTO matches VALUES(96,'2025-10-18 09:37:50','2025-10-18 10:02:06',NULL,NULL,NULL,2,1,3,1,'2025-10-18 09:37:50','2025-10-18 09:38:41','completed',NULL,1,'[]',NULL,NULL,NULL,NULL,7,'group',10,NULL,NULL,0,NULL,NULL,NULL,NULL,NULL,NULL,NULL,NULL);
INSERT INTO matches VALUES(97,'2025-10-18 09:37:50','2025-10-18 10:02:06',NULL,NULL,NULL,2,7,3,2,'2025-10-18 09:37:50','2025-10-18 09:38:48','completed',NULL,1,'[]',NULL,NULL,NULL,NULL,7,'group',10,NULL,NULL,0,NULL,NULL,NULL,NULL,NULL,NULL,NULL,NULL);
INSERT INTO matches VALUES(98,'2025-10-18 09:37:50','2025-10-18 10:02:06',NULL,NULL,NULL,1,7,3,1,'2025-10-18 09:37:50','2025-10-18 09:38:54','completed',NULL,1,'[]',NULL,NULL,NULL,NULL,7,'group',10,NULL,NULL,0,NULL,NULL,NULL,NULL,NULL,NULL,NULL,NULL);
INSERT INTO matches VALUES(105,'2025-10-18 09:47:41','2025-10-18 22:44:44',NULL,NULL,NULL,1,16,2,3,'2025-10-18 09:47:41','2025-10-18 22:44:44','completed',NULL,1,'[{"home_score":11,"away_score":6},{"home_score":5,"away_score":11},{"home_score":11,"away_score":7},{"home_score":7,"away_score":11},{"home_score":10,"away_score":12}]','away','away','[3666.792607,106.432501,1187.535879,1879.318619,10138.14114,"-1:-2"]','2025-10-18 22:44:42',7,'knockout',NULL,1,NULL,0,NULL,NULL,NULL,NULL,NULL,NULL,NULL,NULL);
INSERT INTO matches VALUES(106,'2025-10-18 09:47:41','2025-10-21 10:00:59',NULL,NULL,NULL,2,9,2,3,'2025-10-18 09:47:41','2025-10-21 10:00:59','completed',NULL,1,'[{"home_score":11,"away_score":0},{"home_score":10,"away_score":12},{"home_score":6,"away_score":11},{"home_score":11,"away_score":6},{"home_score":1,"away_score":11}]','home','home','[8.321815,403.287516,210131.72125200002,22.523787,97.48797,"-1:-9"]','2025-10-21 10:00:50',7,'knockout',NULL,1,NULL,0,NULL,NULL,NULL,NULL,NULL,NULL,NULL,NULL);
INSERT INTO matches VALUES(186,'2025-10-21 10:00:59','2025-10-21 10:31:33',NULL,NULL,NULL,16,9,3,0,'2025-10-21 10:00:59','2025-10-21 10:31:33','completed',NULL,1,'[{"home_score":11,"away_score":7},{"home_score":11,"away_score":2},{"home_score":11,"away_score":0}]','away','away','[11.846862999999999,78.743374,13.866225,"-1:-9"]','2025-10-21 10:02:57',7,'knockout',NULL,2,NULL,0,NULL,NULL,NULL,NULL,NULL,NULL,NULL,NULL);
INSERT INTO matches VALUES(204,'2025-10-21 12:10:05','2025-10-23 12:20:13',NULL,NULL,NULL,5,2,3,2,'2025-10-21 12:10:05','2025-10-23 10:38:57','completed',NULL,1,NULL,'away','away',NULL,'2025-10-23 10:38:57',9,NULL,35,NULL,NULL,0,NULL,NULL,NULL,NULL,NULL,2,2,NULL);
INSERT INTO matches VALUES(205,'2025-10-21 12:10:05','2025-10-23 11:47:35',NULL,NULL,NULL,5,6,2,3,'2025-10-21 12:10:05','2025-10-23 11:47:35','completed',NULL,1,'[{"home_score":7,"away_score":11},{"home_score":11,"away_score":7},{"home_score":2,"away_score":11},{"home_score":11,"away_score":1},{"home_score":8,"away_score":11}]','home','home','[82.274367,101.461258,37.007965,1712.823878,66.945929,"-1:-15"]','2025-10-23 11:47:20',9,NULL,35,NULL,NULL,0,NULL,NULL,NULL,NULL,NULL,1,2,NULL);
INSERT INTO matches VALUES(206,'2025-10-21 12:10:05','2025-10-21 18:05:14',NULL,NULL,NULL,2,6,2,8,'2025-10-21 12:10:05','2025-10-21 18:04:46','completed',NULL,1,'[{"home_score":8,"away_score":11},{"home_score":2,"away_score":11}]','home','home','[10323.773055,9.478796]','2025-10-21 18:04:10',9,NULL,35,NULL,NULL,0,NULL,NULL,NULL,NULL,NULL,NULL,NULL,NULL);
INSERT INTO matches VALUES(207,'2025-10-21 12:10:05','2025-10-23 09:48:22',NULL,NULL,NULL,3,1,3,0,'2025-10-21 12:10:05','2025-10-23 09:48:22','completed',NULL,1,'[{"home_score":"11","away_score":"2"},{"home_score":"11","away_score":"3"},{"home_score":"11","away_score":"8"}]','home','home','[10392.096120999999,17.184922999999998,20.062368,"-1:-8"]','2025-10-21 18:06:31',9,NULL,36,NULL,NULL,0,NULL,NULL,NULL,NULL,NULL,2,2,NULL);
INSERT INTO matches VALUES(208,'2025-10-21 12:10:05','2025-10-23 09:53:18',NULL,NULL,NULL,3,4,3,1,'2025-10-21 12:10:05','2025-10-23 09:53:18','completed',NULL,1,'[{"home_score":"12","away_score":"10"},{"home_score":"11","away_score":"6"},{"home_score":"9","away_score":"11"},{"home_score":"11","away_score":"5"}]',NULL,NULL,NULL,NULL,9,NULL,36,NULL,NULL,0,NULL,NULL,NULL,NULL,NULL,1,2,NULL);
INSERT INTO matches VALUES(209,'2025-10-21 12:10:05','2025-10-24 11:17:14',NULL,NULL,NULL,1,4,3,2,'2025-10-21 12:10:05','2025-10-24 11:17:14','completed',NULL,1,NULL,'away','away','[2.621622,2.510018,4.824044,"-1:-4"]','2025-10-24 06:23:51',9,NULL,36,NULL,NULL,0,NULL,NULL,NULL,NULL,NULL,1,2,NULL);
INSERT INTO matches VALUES(210,'2025-10-21 13:53:39','2025-10-24 11:21:34',NULL,NULL,NULL,1,2,3,1,'2025-10-21 13:53:39','2025-10-24 11:21:34','completed',NULL,1,'[]',NULL,NULL,NULL,NULL,10,NULL,37,NULL,NULL,0,NULL,NULL,NULL,NULL,NULL,NULL,NULL,NULL);
INSERT INTO matches VALUES(211,'2025-10-21 13:53:39','2025-10-21 14:00:27',NULL,NULL,NULL,1,6,3,0,'2025-10-21 13:53:39','2025-10-21 14:00:27','completed',NULL,1,'[{"home_score":11,"away_score":5},{"home_score":11,"away_score":6},{"home_score":11,"away_score":5}]','home','home','[132.45305,214.498635,37.640012999999996,"-1:-4"]','2025-10-21 14:00:23',10,NULL,37,NULL,NULL,0,NULL,NULL,NULL,NULL,NULL,NULL,NULL,NULL);
INSERT INTO matches VALUES(212,'2025-10-21 13:53:39','2025-10-24 11:21:43',NULL,NULL,NULL,2,6,1,3,'2025-10-21 13:53:39','2025-10-24 11:21:43','completed',NULL,1,'[]',NULL,NULL,NULL,NULL,10,NULL,37,NULL,NULL,0,NULL,NULL,NULL,NULL,NULL,NULL,NULL,NULL);
INSERT INTO matches VALUES(213,'2025-10-21 13:53:39','2025-10-24 11:21:50',NULL,NULL,NULL,4,3,3,1,'2025-10-21 13:53:39','2025-10-24 11:21:50','completed',NULL,1,'[]',NULL,NULL,NULL,NULL,10,NULL,38,NULL,NULL,0,NULL,NULL,NULL,NULL,NULL,NULL,NULL,NULL);
INSERT INTO matches VALUES(214,'2025-10-21 13:53:39','2025-10-21 14:01:06',NULL,NULL,NULL,4,5,3,0,'2025-10-21 13:53:39','2025-10-21 14:01:06','completed',NULL,1,'[{"home_score":11,"away_score":3},{"home_score":11,"away_score":0},{"home_score":11,"away_score":0}]','home','home','[410.294294,1.90602,13.003480999999999,"-1:-13"]','2025-10-21 14:00:53',10,NULL,38,NULL,NULL,0,NULL,NULL,NULL,NULL,NULL,NULL,NULL,NULL);
INSERT INTO matches VALUES(215,'2025-10-21 13:53:39','2025-10-24 11:21:59',NULL,NULL,NULL,3,5,3,1,'2025-10-21 13:53:39','2025-10-24 11:21:59','completed',NULL,1,'[]',NULL,NULL,NULL,NULL,10,NULL,38,NULL,NULL,0,NULL,NULL,NULL,NULL,NULL,NULL,NULL,NULL);
INSERT INTO matches VALUES(216,'2025-10-22 13:55:22','2025-10-22 14:06:22',NULL,NULL,NULL,29,31,3,3,'2025-10-22 13:55:22','2025-10-22 14:05:56','in_progress',NULL,1,'[{"home_score":"11","away_score":"10"}]',NULL,NULL,NULL,NULL,15,NULL,39,NULL,NULL,0,NULL,NULL,NULL,NULL,NULL,NULL,NULL,NULL);
INSERT INTO matches VALUES(217,'2025-10-22 13:55:22','2025-10-22 13:55:22',NULL,NULL,NULL,29,36,NULL,NULL,'2025-10-22 13:55:22',NULL,'scheduled',NULL,1,NULL,NULL,NULL,NULL,NULL,15,NULL,39,NULL,NULL,0,NULL,NULL,NULL,NULL,NULL,NULL,NULL,NULL);
INSERT INTO matches VALUES(218,'2025-10-22 13:55:22','2025-10-22 13:55:22',NULL,NULL,NULL,29,38,NULL,NULL,'2025-10-22 13:55:22',NULL,'scheduled',NULL,1,NULL,NULL,NULL,NULL,NULL,15,NULL,39,NULL,NULL,0,NULL,NULL,NULL,NULL,NULL,NULL,NULL,NULL);
INSERT INTO matches VALUES(219,'2025-10-22 13:55:23','2025-10-22 13:55:23',NULL,NULL,NULL,31,36,NULL,NULL,'2025-10-22 13:55:23',NULL,'scheduled',NULL,1,NULL,NULL,NULL,NULL,NULL,15,NULL,39,NULL,NULL,0,NULL,NULL,NULL,NULL,NULL,NULL,NULL,NULL);
INSERT INTO matches VALUES(220,'2025-10-22 13:55:23','2025-10-22 13:55:23',NULL,NULL,NULL,31,38,NULL,NULL,'2025-10-22 13:55:23',NULL,'scheduled',NULL,1,NULL,NULL,NULL,NULL,NULL,15,NULL,39,NULL,NULL,0,NULL,NULL,NULL,NULL,NULL,NULL,NULL,NULL);
INSERT INTO matches VALUES(221,'2025-10-22 13:55:23','2025-10-22 13:55:23',NULL,NULL,NULL,36,38,NULL,NULL,'2025-10-22 13:55:23',NULL,'scheduled',NULL,1,NULL,NULL,NULL,NULL,NULL,15,NULL,39,NULL,NULL,0,NULL,NULL,NULL,NULL,NULL,NULL,NULL,NULL);
INSERT INTO matches VALUES(222,'2025-10-22 13:55:23','2025-10-22 13:57:44',NULL,NULL,NULL,30,32,2,2,'2025-10-22 13:55:23','2025-10-22 13:57:44','completed',NULL,1,'[]',NULL,NULL,NULL,NULL,15,NULL,40,NULL,NULL,0,NULL,NULL,NULL,NULL,NULL,NULL,NULL,NULL);
INSERT INTO matches VALUES(223,'2025-10-22 13:55:23','2025-10-22 13:55:23',NULL,NULL,NULL,30,39,NULL,NULL,'2025-10-22 13:55:23',NULL,'scheduled',NULL,1,NULL,NULL,NULL,NULL,NULL,15,NULL,40,NULL,NULL,0,NULL,NULL,NULL,NULL,NULL,NULL,NULL,NULL);
INSERT INTO matches VALUES(224,'2025-10-22 13:55:23','2025-10-22 13:55:23',NULL,NULL,NULL,30,37,NULL,NULL,'2025-10-22 13:55:23',NULL,'scheduled',NULL,1,NULL,NULL,NULL,NULL,NULL,15,NULL,40,NULL,NULL,0,NULL,NULL,NULL,NULL,NULL,NULL,NULL,NULL);
INSERT INTO matches VALUES(225,'2025-10-22 13:55:23','2025-10-22 13:55:23',NULL,NULL,NULL,32,39,NULL,NULL,'2025-10-22 13:55:23',NULL,'scheduled',NULL,1,NULL,NULL,NULL,NULL,NULL,15,NULL,40,NULL,NULL,0,NULL,NULL,NULL,NULL,NULL,NULL,NULL,NULL);
INSERT INTO matches VALUES(226,'2025-10-22 13:55:23','2025-10-22 13:55:23',NULL,NULL,NULL,32,37,NULL,NULL,'2025-10-22 13:55:23',NULL,'scheduled',NULL,1,NULL,NULL,NULL,NULL,NULL,15,NULL,40,NULL,NULL,0,NULL,NULL,NULL,NULL,NULL,NULL,NULL,NULL);
INSERT INTO matches VALUES(227,'2025-10-22 13:55:24','2025-10-22 13:55:24',NULL,NULL,NULL,39,37,NULL,NULL,'2025-10-22 13:55:24',NULL,'scheduled',NULL,1,NULL,NULL,NULL,NULL,NULL,15,NULL,40,NULL,NULL,0,NULL,NULL,NULL,NULL,NULL,NULL,NULL,NULL);
INSERT INTO matches VALUES(228,'2025-10-22 13:55:24','2025-10-22 13:55:24',NULL,NULL,NULL,34,35,NULL,NULL,'2025-10-22 13:55:24',NULL,'scheduled',NULL,1,NULL,NULL,NULL,NULL,NULL,15,NULL,41,NULL,NULL,0,NULL,NULL,NULL,NULL,NULL,NULL,NULL,NULL);
INSERT INTO matches VALUES(229,'2025-10-22 13:55:24','2025-10-22 13:55:24',NULL,NULL,NULL,34,33,NULL,NULL,'2025-10-22 13:55:24',NULL,'scheduled',NULL,1,NULL,NULL,NULL,NULL,NULL,15,NULL,41,NULL,NULL,0,NULL,NULL,NULL,NULL,NULL,NULL,NULL,NULL);
INSERT INTO matches VALUES(230,'2025-10-22 13:55:24','2025-10-22 13:55:24',NULL,NULL,NULL,35,33,NULL,NULL,'2025-10-22 13:55:24',NULL,'scheduled',NULL,1,NULL,NULL,NULL,NULL,NULL,15,NULL,41,NULL,NULL,0,NULL,NULL,NULL,NULL,NULL,NULL,NULL,NULL);
INSERT INTO matches VALUES(344,'2025-10-24 07:39:26','2025-10-24 11:43:18',NULL,NULL,NULL,7,13,3,1,NULL,'2025-10-24 11:43:18','completed',NULL,1,'[{"home_score":"11","away_score":"2"},{"home_score":"11","away_score":"7"},{"home_score":"8","away_score":"11"},{"home_score":"11","away_score":"9"}]',NULL,NULL,NULL,NULL,11,'groups',62,1,NULL,0,NULL,NULL,NULL,NULL,NULL,NULL,NULL,NULL);
INSERT INTO matches VALUES(345,'2025-10-24 07:39:26','2025-10-24 08:43:14',NULL,NULL,NULL,2,10,3,1,NULL,'2025-10-24 08:43:14','completed',NULL,1,'[]',NULL,NULL,NULL,NULL,11,'groups',62,1,NULL,0,NULL,NULL,NULL,NULL,NULL,NULL,NULL,NULL);
INSERT INTO matches VALUES(346,'2025-10-24 07:39:26','2025-10-24 08:44:07',NULL,NULL,NULL,7,2,3,2,NULL,'2025-10-24 08:44:07','completed',NULL,1,'[]',NULL,NULL,NULL,NULL,11,'groups',62,2,NULL,0,NULL,NULL,NULL,NULL,NULL,NULL,NULL,NULL);
INSERT INTO matches VALUES(347,'2025-10-24 07:39:26','2025-10-24 08:44:48',NULL,NULL,NULL,10,13,3,1,NULL,'2025-10-24 08:44:48','completed',NULL,1,'[{"home":"11","away":"6"},{"home":"7","away":"11"},{"home":"11","away":"9"},{"home":"11","away":"7"}]',NULL,NULL,NULL,NULL,11,'groups',62,2,NULL,0,NULL,NULL,NULL,NULL,NULL,NULL,NULL,NULL);
INSERT INTO matches VALUES(348,'2025-10-24 07:39:26','2025-10-24 08:46:05',NULL,NULL,NULL,7,10,3,1,NULL,'2025-10-24 08:46:05','completed',NULL,1,NULL,NULL,NULL,NULL,NULL,11,'groups',62,3,NULL,0,NULL,NULL,NULL,NULL,NULL,1,2,NULL);
INSERT INTO matches VALUES(349,'2025-10-24 07:39:26','2025-10-24 08:46:14',NULL,NULL,NULL,13,2,3,2,NULL,'2025-10-24 08:46:14','completed',NULL,1,'[]',NULL,NULL,NULL,NULL,11,'groups',62,3,NULL,0,NULL,NULL,NULL,NULL,NULL,NULL,NULL,NULL);
INSERT INTO matches VALUES(350,'2025-10-24 07:39:26','2025-10-24 08:46:56',NULL,NULL,NULL,6,16,2,3,NULL,'2025-10-24 08:46:56','completed',NULL,1,'[]',NULL,NULL,NULL,NULL,11,'groups',63,1,NULL,0,NULL,NULL,NULL,NULL,NULL,NULL,NULL,NULL);
INSERT INTO matches VALUES(351,'2025-10-24 07:39:26','2025-10-24 08:47:05',NULL,NULL,NULL,15,12,3,2,NULL,'2025-10-24 08:47:05','completed',NULL,1,'[]',NULL,NULL,NULL,NULL,11,'groups',63,1,NULL,0,NULL,NULL,NULL,NULL,NULL,NULL,NULL,NULL);
INSERT INTO matches VALUES(352,'2025-10-24 07:39:26','2025-10-24 08:47:12',NULL,NULL,NULL,6,15,3,1,NULL,'2025-10-24 08:47:12','completed',NULL,1,'[]',NULL,NULL,NULL,NULL,11,'groups',63,2,NULL,0,NULL,NULL,NULL,NULL,NULL,NULL,NULL,NULL);
INSERT INTO matches VALUES(353,'2025-10-24 07:39:26','2025-10-24 08:47:19',NULL,NULL,NULL,12,16,3,2,NULL,'2025-10-24 08:47:19','completed',NULL,1,'[]',NULL,NULL,NULL,NULL,11,'groups',63,2,NULL,0,NULL,NULL,NULL,NULL,NULL,NULL,NULL,NULL);
INSERT INTO matches VALUES(354,'2025-10-24 07:39:26','2025-10-24 08:47:26',NULL,NULL,NULL,6,12,2,3,NULL,'2025-10-24 08:47:26','completed',NULL,1,'[]',NULL,NULL,NULL,NULL,11,'groups',63,3,NULL,0,NULL,NULL,NULL,NULL,NULL,NULL,NULL,NULL);
INSERT INTO matches VALUES(355,'2025-10-24 07:39:26','2025-10-24 08:47:34',NULL,NULL,NULL,16,15,2,3,NULL,'2025-10-24 08:47:34','completed',NULL,1,'[]',NULL,NULL,NULL,NULL,11,'groups',63,3,NULL,0,NULL,NULL,NULL,NULL,NULL,NULL,NULL,NULL);
INSERT INTO matches VALUES(356,'2025-10-24 07:39:26','2025-10-24 08:48:20',NULL,NULL,NULL,3,11,3,0,NULL,'2025-10-24 08:48:20','completed',NULL,1,'[]',NULL,NULL,NULL,NULL,11,'groups',64,1,NULL,0,NULL,NULL,NULL,NULL,NULL,NULL,NULL,NULL);
INSERT INTO matches VALUES(357,'2025-10-24 07:39:26','2025-10-24 08:48:11',NULL,NULL,NULL,3,4,3,1,NULL,'2025-10-24 08:48:11','completed',NULL,1,'[]',NULL,NULL,NULL,NULL,11,'groups',64,2,NULL,0,NULL,NULL,NULL,NULL,NULL,NULL,NULL,NULL);
INSERT INTO matches VALUES(358,'2025-10-24 07:39:26','2025-10-24 08:48:29',NULL,NULL,NULL,11,4,3,0,NULL,'2025-10-24 08:48:29','completed',NULL,1,'[]',NULL,NULL,NULL,NULL,11,'groups',64,3,NULL,0,NULL,NULL,NULL,NULL,NULL,NULL,NULL,NULL);
INSERT INTO matches VALUES(359,'2025-10-24 07:39:26','2025-10-24 08:48:44',NULL,NULL,NULL,9,1,3,2,NULL,'2025-10-24 08:48:44','completed',NULL,1,'[]',NULL,NULL,NULL,NULL,11,'groups',65,1,NULL,0,NULL,NULL,NULL,NULL,NULL,NULL,NULL,NULL);
INSERT INTO matches VALUES(360,'2025-10-24 07:39:26','2025-10-24 08:48:53',NULL,NULL,NULL,9,14,1,3,NULL,'2025-10-24 08:48:53','completed',NULL,1,'[]',NULL,NULL,NULL,NULL,11,'groups',65,2,NULL,0,NULL,NULL,NULL,NULL,NULL,NULL,NULL,NULL);
INSERT INTO matches VALUES(361,'2025-10-24 07:39:26','2025-10-24 08:49:01',NULL,NULL,NULL,1,14,3,2,NULL,'2025-10-24 08:49:01','completed',NULL,1,'[]',NULL,NULL,NULL,NULL,11,'groups',65,3,NULL,0,NULL,NULL,NULL,NULL,NULL,NULL,NULL,NULL);
INSERT INTO matches VALUES(362,'2025-10-24 07:39:26','2025-10-24 08:49:11',NULL,NULL,NULL,5,28,1,3,NULL,'2025-10-24 08:49:11','completed',NULL,1,'[]',NULL,NULL,NULL,NULL,11,'groups',66,1,NULL,0,NULL,NULL,NULL,NULL,NULL,NULL,NULL,NULL);
INSERT INTO matches VALUES(363,'2025-10-24 07:39:26','2025-10-24 08:49:22',NULL,NULL,NULL,5,8,3,2,NULL,'2025-10-24 08:49:22','completed',NULL,1,'[]',NULL,NULL,NULL,NULL,11,'groups',66,2,NULL,0,NULL,NULL,NULL,NULL,NULL,NULL,NULL,NULL);
INSERT INTO matches VALUES(364,'2025-10-24 07:39:26','2025-10-24 08:49:30',NULL,NULL,NULL,28,8,3,1,NULL,'2025-10-24 08:49:30','completed',NULL,1,'[]',NULL,NULL,NULL,NULL,11,'groups',66,3,NULL,0,NULL,NULL,NULL,NULL,NULL,NULL,NULL,NULL);
INSERT INTO matches VALUES(370,'2025-10-24 11:18:56','2025-10-24 11:19:09',NULL,NULL,NULL,3,5,3,2,NULL,'2025-10-24 11:19:09','completed',NULL,1,'[]',NULL,NULL,NULL,NULL,9,'knockout',NULL,NULL,NULL,0,NULL,NULL,NULL,NULL,NULL,NULL,NULL,NULL);
INSERT INTO matches VALUES(371,'2025-10-24 11:18:56','2025-10-24 11:19:17',NULL,NULL,NULL,6,1,3,1,NULL,'2025-10-24 11:19:17','completed',NULL,1,'[]',NULL,NULL,NULL,NULL,9,'knockout',NULL,NULL,NULL,0,NULL,NULL,NULL,NULL,NULL,NULL,NULL,NULL);
INSERT INTO matches VALUES(372,'2025-10-24 11:19:17','2025-10-24 11:19:36',NULL,NULL,NULL,3,6,2,3,'2025-10-24 11:19:17','2025-10-24 11:19:36','completed',NULL,1,'[]',NULL,NULL,NULL,NULL,9,'knockout',NULL,1,NULL,0,NULL,NULL,NULL,NULL,NULL,NULL,NULL,NULL);
INSERT INTO matches VALUES(373,'2025-10-24 11:22:23','2025-10-24 11:32:11',NULL,NULL,NULL,1,3,3,2,NULL,'2025-10-24 11:32:11','completed',NULL,1,'[]',NULL,NULL,NULL,NULL,10,'knockout',NULL,NULL,NULL,0,NULL,NULL,NULL,NULL,NULL,NULL,NULL,NULL);
INSERT INTO matches VALUES(374,'2025-10-24 11:22:23','2025-10-24 11:32:20',NULL,NULL,NULL,6,4,3,1,NULL,'2025-10-24 11:32:20','completed',NULL,1,'[]',NULL,NULL,NULL,NULL,10,'knockout',NULL,NULL,NULL,0,NULL,NULL,NULL,NULL,NULL,NULL,NULL,NULL);
INSERT INTO matches VALUES(375,'2025-10-24 11:32:20','2025-10-24 11:33:50',NULL,NULL,NULL,1,6,3,2,'2025-10-24 11:32:20','2025-10-24 11:33:50','completed',NULL,1,'[]',NULL,NULL,NULL,NULL,10,'knockout',NULL,1,NULL,0,NULL,NULL,NULL,NULL,NULL,NULL,NULL,NULL);
INSERT INTO matches VALUES(405,'2025-10-24 12:16:07','2025-10-24 12:16:31',NULL,NULL,NULL,1,5,3,2,NULL,'2025-10-24 12:16:31','completed',NULL,1,'[]',NULL,NULL,NULL,NULL,11,'knockout',NULL,NULL,NULL,0,NULL,NULL,NULL,NULL,NULL,NULL,NULL,NULL);
INSERT INTO matches VALUES(406,'2025-10-24 12:16:07','2025-10-24 12:16:07',NULL,NULL,NULL,7,NULL,1,0,NULL,'2025-10-24 12:16:07','completed',NULL,1,NULL,NULL,NULL,NULL,NULL,11,'knockout',NULL,NULL,NULL,1,NULL,NULL,NULL,NULL,NULL,NULL,NULL,NULL);
INSERT INTO matches VALUES(407,'2025-10-24 12:16:07','2025-10-24 12:16:07',NULL,NULL,NULL,2,NULL,1,0,NULL,'2025-10-24 12:16:07','completed',NULL,1,NULL,NULL,NULL,NULL,NULL,11,'knockout',NULL,NULL,NULL,1,NULL,NULL,NULL,NULL,NULL,NULL,NULL,NULL);
INSERT INTO matches VALUES(408,'2025-10-24 12:16:07','2025-10-24 12:16:07',NULL,NULL,NULL,28,NULL,1,0,NULL,'2025-10-24 12:16:07','completed',NULL,1,NULL,NULL,NULL,NULL,NULL,11,'knockout',NULL,NULL,NULL,1,NULL,NULL,NULL,NULL,NULL,NULL,NULL,NULL);
INSERT INTO matches VALUES(409,'2025-10-24 12:16:07','2025-10-24 12:16:24',NULL,NULL,NULL,15,14,3,1,NULL,'2025-10-24 12:16:24','completed',NULL,1,'[]',NULL,NULL,NULL,NULL,11,'knockout',NULL,NULL,NULL,0,NULL,NULL,NULL,NULL,NULL,NULL,NULL,NULL);
INSERT INTO matches VALUES(410,'2025-10-24 12:16:07','2025-10-24 12:16:07',NULL,NULL,NULL,12,NULL,1,0,NULL,'2025-10-24 12:16:07','completed',NULL,1,NULL,NULL,NULL,NULL,NULL,11,'knockout',NULL,NULL,NULL,1,NULL,NULL,NULL,NULL,NULL,NULL,NULL,NULL);
INSERT INTO matches VALUES(411,'2025-10-24 12:16:07','2025-10-24 12:16:07',NULL,NULL,NULL,3,NULL,1,0,NULL,'2025-10-24 12:16:07','completed',NULL,1,NULL,NULL,NULL,NULL,NULL,11,'knockout',NULL,NULL,NULL,1,NULL,NULL,NULL,NULL,NULL,NULL,NULL,NULL);
INSERT INTO matches VALUES(412,'2025-10-24 12:16:07','2025-10-24 12:16:07',NULL,NULL,NULL,11,NULL,1,0,NULL,'2025-10-24 12:16:07','completed',NULL,1,NULL,NULL,NULL,NULL,NULL,11,'knockout',NULL,NULL,NULL,1,NULL,NULL,NULL,NULL,NULL,NULL,NULL,NULL);
INSERT INTO matches VALUES(413,'2025-10-24 12:16:31','2025-10-24 12:17:13',NULL,NULL,NULL,7,2,3,1,'2025-10-24 12:16:31','2025-10-24 12:17:13','completed',NULL,1,'[]',NULL,NULL,NULL,NULL,11,'knockout',NULL,1,NULL,0,NULL,NULL,NULL,NULL,NULL,NULL,NULL,NULL);
INSERT INTO matches VALUES(414,'2025-10-24 12:16:31','2025-10-24 12:17:23',NULL,NULL,NULL,28,12,3,2,'2025-10-24 12:16:31','2025-10-24 12:17:23','completed',NULL,1,'[]',NULL,NULL,NULL,NULL,11,'knockout',NULL,1,NULL,0,NULL,NULL,NULL,NULL,NULL,NULL,NULL,NULL);
INSERT INTO matches VALUES(415,'2025-10-24 12:16:31','2025-10-24 12:17:33',NULL,NULL,NULL,3,11,2,3,'2025-10-24 12:16:31','2025-10-24 12:17:33','completed',NULL,1,'[]',NULL,NULL,NULL,NULL,11,'knockout',NULL,1,NULL,0,NULL,NULL,NULL,NULL,NULL,NULL,NULL,NULL);
INSERT INTO matches VALUES(416,'2025-10-24 12:16:31','2025-10-24 12:17:40',NULL,NULL,NULL,15,1,3,1,'2025-10-24 12:16:31','2025-10-24 12:17:40','completed',NULL,1,'[]',NULL,NULL,NULL,NULL,11,'knockout',NULL,1,NULL,0,NULL,NULL,NULL,NULL,NULL,NULL,NULL,NULL);
INSERT INTO matches VALUES(417,'2025-10-24 12:17:40','2025-10-24 12:17:50',NULL,NULL,NULL,7,28,3,1,'2025-10-24 12:17:40','2025-10-24 12:17:50','completed',NULL,1,'[]',NULL,NULL,NULL,NULL,11,'knockout',NULL,2,NULL,0,NULL,NULL,NULL,NULL,NULL,NULL,NULL,NULL);
INSERT INTO matches VALUES(418,'2025-10-24 12:17:40','2025-10-24 12:18:24',NULL,NULL,NULL,11,15,3,0,'2025-10-24 12:17:40','2025-10-24 12:18:24','completed',NULL,1,'[{"home":"11","away":"8"},{"home":"12","away":"10"},{"home":"11","away":"9"}]',NULL,NULL,NULL,NULL,11,'knockout',NULL,2,NULL,0,NULL,NULL,NULL,NULL,NULL,NULL,NULL,NULL);
INSERT INTO matches VALUES(419,'2025-10-24 12:18:24','2025-10-24 12:19:02',NULL,NULL,NULL,7,11,3,2,'2025-10-24 12:18:24','2025-10-24 12:19:02','completed',NULL,1,'[{"home":"11","away":"8"},{"home":"9","away":"11"},{"home":"12","away":"19"},{"home":"7","away":"11"},{"home":"11","away":"7"}]',NULL,NULL,NULL,NULL,11,'knockout',NULL,3,NULL,0,NULL,NULL,NULL,NULL,NULL,NULL,NULL,NULL);
DELETE FROM sqlite_sequence;
INSERT INTO sqlite_sequence VALUES('migrations',75);
INSERT INTO sqlite_sequence VALUES('organizations',4);
INSERT INTO sqlite_sequence VALUES('users',4);
INSERT INTO sqlite_sequence VALUES('plans',3);
INSERT INTO sqlite_sequence VALUES('sports',5);
INSERT INTO sqlite_sequence VALUES('user_plans',4);
INSERT INTO sqlite_sequence VALUES('teams',0);
INSERT INTO sqlite_sequence VALUES('competition_user',0);
INSERT INTO sqlite_sequence VALUES('competition_player',106);
INSERT INTO sqlite_sequence VALUES('players',39);
INSERT INTO sqlite_sequence VALUES('standings',566);
INSERT INTO sqlite_sequence VALUES('competitions',15);
INSERT INTO sqlite_sequence VALUES('tournament_groups',66);
INSERT INTO sqlite_sequence VALUES('organization_user',1);
INSERT INTO sqlite_sequence VALUES('bug_reports',1);
INSERT INTO sqlite_sequence VALUES('tables',2);
INSERT INTO sqlite_sequence VALUES('matches',419);
CREATE UNIQUE INDEX "users_email_unique" on "users" ("email");
CREATE INDEX "sessions_user_id_index" on "sessions" ("user_id");
CREATE INDEX "sessions_last_activity_index" on "sessions" ("last_activity");
CREATE INDEX "jobs_queue_index" on "jobs" ("queue");
CREATE UNIQUE INDEX "failed_jobs_uuid_unique" on "failed_jobs" ("uuid");
CREATE UNIQUE INDEX "sports_slug_unique" on "sports" ("slug");
CREATE UNIQUE INDEX "plans_slug_unique" on "plans" ("slug");
CREATE UNIQUE INDEX "unique_active_user_plan" on "user_plans" ("user_id", "is_active");
CREATE UNIQUE INDEX "organizations_slug_unique" on "organizations" ("slug");
CREATE INDEX "players_organization_id_is_active_index" on "players" ("organization_id", "is_active");
CREATE INDEX "players_user_id_organization_id_index" on "players" ("user_id", "organization_id");
CREATE UNIQUE INDEX "team_user_team_id_user_id_unique" on "team_user" ("team_id", "user_id");
CREATE UNIQUE INDEX "organization_user_organization_id_user_id_unique" on "organization_user" ("organization_id", "user_id");
CREATE UNIQUE INDEX "league_user_league_id_user_id_unique" on "competition_user" ("competition_id", "user_id");
CREATE UNIQUE INDEX "league_player_league_id_player_id_unique" on "competition_player" ("competition_id", "player_id");
CREATE INDEX "notifications_notifiable_type_notifiable_id_index" on "notifications" ("notifiable_type", "notifiable_id");
CREATE INDEX "standings_competition_played_critical" on "standings" ("competition_id", "played");
CREATE INDEX "standings_competition_points_critical" on "standings" ("competition_id", "points");
CREATE UNIQUE INDEX "competitions_slug_unique" on "competitions" ("slug");
CREATE INDEX "idx_standings_league_id" on "standings" ("league_id");
CREATE INDEX "idx_standings_competition_id" on "standings" ("competition_id");
CREATE INDEX "idx_standings_team_id" on "standings" ("team_id");
CREATE INDEX "idx_standings_player_id" on "standings" ("player_id");
CREATE INDEX "idx_standings_tournament_group_id" on "standings" ("tournament_group_id");
CREATE INDEX "idx_standings_position" on "standings" ("position");
CREATE INDEX "idx_standings_league_position" on "standings" ("league_id", "position");
CREATE INDEX "idx_standings_competition_position" on "standings" ("competition_id", "position");
CREATE INDEX "idx_standings_group_position" on "standings" ("tournament_group_id", "position");
CREATE INDEX "idx_standings_league_points_gd" on "standings" ("league_id", "points", "goal_difference");
CREATE INDEX "idx_standings_competition_points_sets" on "standings" ("competition_id", "points", "sets_won");
CREATE INDEX "idx_players_user_id" on "players" ("user_id");
CREATE INDEX "idx_players_organization_id" on "players" ("organization_id");
CREATE INDEX "idx_players_is_active" on "players" ("is_active");
CREATE INDEX "idx_players_org_active" on "players" ("organization_id", "is_active");
CREATE INDEX "idx_players_user_org" on "players" ("user_id", "organization_id");
CREATE INDEX "idx_teams_competition_id" on "teams" ("competition_id");
CREATE INDEX "idx_teams_competition_type" on "teams" ("competition_type");
CREATE INDEX "idx_teams_competition_lookup" on "teams" ("competition_type", "competition_id");
CREATE INDEX "players_user_id_index" on "players" ("user_id");
CREATE INDEX "players_organization_id_index" on "players" ("organization_id");
CREATE INDEX "players_is_active_index" on "players" ("is_active");
CREATE INDEX "idx_matches_competition_id" on "matches" ("competition_id");
CREATE INDEX "idx_matches_competition_status_scheduled" on "matches" ("competition_id", "status", "scheduled_at");
CREATE INDEX "idx_matches_league_id" on "matches" ("league_id");
CREATE INDEX "idx_matches_league_status_scheduled" on "matches" ("league_id", "status", "scheduled_at");
CREATE INDEX "idx_matches_moderator_id" on "matches" ("moderator_id");
CREATE INDEX "idx_matches_played_at" on "matches" ("played_at");
CREATE INDEX "idx_matches_referee_user_id" on "matches" ("referee_user_id");
CREATE INDEX "idx_matches_round" on "matches" ("round");
CREATE INDEX "idx_matches_scheduled_at" on "matches" ("scheduled_at");
CREATE INDEX "idx_matches_status" on "matches" ("status");
CREATE INDEX "idx_matches_status_moderator" on "matches" ("status", "moderator_id");
CREATE INDEX "idx_matches_status_referee" on "matches" ("status", "referee_user_id");
CREATE INDEX "idx_matches_tournament_group_id" on "matches" ("tournament_group_id");
CREATE INDEX "matches_competition_status_critical" on "matches" ("competition_id", "status");
CREATE INDEX "matches_dates_critical" on "matches" ("scheduled_at", "played_at");
CREATE INDEX "matches_status_scheduled_critical" on "matches" ("status", "scheduled_at");
CREATE INDEX "matches_status_updated_live_scoring" on "matches" ("status", "updated_at");
CREATE INDEX "matches_updated_at_live_scoring" on "matches" ("updated_at");
CREATE INDEX "matches_competition_status_updated_live" on "matches" ("competition_id", "status", "updated_at");
COMMIT;
