-- phpMyAdmin SQL Dump
-- version 5.2.1
-- https://www.phpmyadmin.net/
--
-- Host: 127.0.0.1
-- Generation Time: Oct 29, 2025 at 07:33 PM
-- Server version: 10.4.32-MariaDB
-- PHP Version: 8.2.12

SET SQL_MODE = "NO_AUTO_VALUE_ON_ZERO";
START TRANSACTION;
SET time_zone = "+02:00";


/*!40101 SET @OLD_CHARACTER_SET_CLIENT=@@CHARACTER_SET_CLIENT */;
/*!40101 SET @OLD_CHARACTER_SET_RESULTS=@@CHARACTER_SET_RESULTS */;
/*!40101 SET @OLD_COLLATION_CONNECTION=@@COLLATION_CONNECTION */;
/*!40101 SET NAMES utf8mb4 */;

--
-- Database: `teamsphere`
--

-- --------------------------------------------------------

--
-- Table structure for table `bug_reports`
--

CREATE TABLE `bug_reports` (
  `id` int(11) NOT NULL,
  `type` text NOT NULL,
  `subject` text NOT NULL,
  `description` text NOT NULL,
  `name` VARCHAR(255) DEFAULT NULL,
  `email` VARCHAR(255) DEFAULT NULL,
  `user_id` int(11) DEFAULT NULL,
  `status` VARCHAR(50) NOT NULL DEFAULT 'pending',
  `admin_notes` TEXT DEFAULT NULL,
  `resolved_at` datetime DEFAULT NULL,
  `created_at` datetime DEFAULT NULL,
  `updated_at` datetime DEFAULT NULL
) ENGINE=InnoDB DEFAULT CHARSET=utf8mb4 COLLATE=utf8mb4_unicode_ci;

--
-- Dumping data for table `bug_reports`
--

INSERT INTO `bug_reports` (`id`, `type`, `subject`, `description`, `name`, `email`, `user_id`, `status`, `admin_notes`, `resolved_at`, `created_at`, `updated_at`) VALUES
(1, 'feature', 'dodati br stola na kome se igra', 'stol na kome se igra bi trebao biti kao parametar na meču jer ga treba birati na osnovu slobodnog mjesta. neki mečevi se brže završe pa je na turniru bitno da se primjeti da je stol slobodan i da ga se dodjeli sljedećem meču koji se igra. (Mada to i sudija prijavi kad završi meč). Obično na početku sudija bude vezan uz stol dok su svi stolovi popunjeni, al mislim da se sudije kasnije biraju po iskustvu ako je meč ozbiljniji', NULL, NULL, 4, 'resolved', NULL, '2025-10-23 10:26:09', '2025-10-22 13:48:22', '2025-10-23 10:26:09'),
(2, 'bug', 'dodatna grupa', 'kreirao turnir sa 8 grupa a trebalo sa 9. mogu dodati još jednu grupu ali kad odem da unesem devetu ovih prvih 8 ponovo prazno', NULL, NULL, 4, 'resolved', NULL, '2025-10-28 22:37:53', '2025-10-28 13:16:04', '2025-10-28 22:37:53'),
(3, 'feature', 'scroll na grupama', 'scroll na grupama ako može da pamti poziciju nakon unešenog rezultata meča', NULL, NULL, 4, 'resolved', NULL, '2025-10-28 22:37:34', '2025-10-28 16:24:53', '2025-10-28 22:37:34');

-- --------------------------------------------------------

--
-- Table structure for table `cache`
--

CREATE TABLE `cache` (
  `key` varchar(255) NOT NULL,
  `value` text NOT NULL,
  `expiration` int(11) NOT NULL
) ENGINE=InnoDB DEFAULT CHARSET=utf8mb4 COLLATE=utf8mb4_unicode_ci;

-- --------------------------------------------------------

--
-- Table structure for table `cache_locks`
--

CREATE TABLE `cache_locks` (
  `key` varchar(255) NOT NULL,
  `owner` text NOT NULL,
  `expiration` int(11) NOT NULL
) ENGINE=InnoDB DEFAULT CHARSET=utf8mb4 COLLATE=utf8mb4_unicode_ci;

-- --------------------------------------------------------

--
-- Table structure for table `competitions`
--

CREATE TABLE `competitions` (
  `id` int(11) NOT NULL,
  `name` text NOT NULL,
  `slug` VARCHAR(255) NOT NULL,
  `description` TEXT DEFAULT NULL,
  `organization_id` int(11) NOT NULL,
  `sport_id` int(11) NOT NULL,
  `type` VARCHAR(50) NOT NULL DEFAULT 'league',
  `start_date` date DEFAULT NULL,
  `end_date` date DEFAULT NULL,
  `max_teams` int(11) NOT NULL DEFAULT 8,
  `is_team_based` varchar(255) NOT NULL DEFAULT '0',
  `status` VARCHAR(50) NOT NULL DEFAULT 'draft',
  `settings` TEXT DEFAULT NULL,
  `is_active` varchar(255) NOT NULL DEFAULT '1',
  `max_participants` int(11) DEFAULT NULL,
  `group_count` int(11) DEFAULT NULL,
  `players_per_group` int(11) DEFAULT NULL,
  `players_advancing_per_group` int(11) NOT NULL DEFAULT 2,
  `advancement_method` VARCHAR(50) NOT NULL DEFAULT 'automatic',
  `current_phase` VARCHAR(50) NOT NULL DEFAULT 'groups',
  `knockout_bracket` TEXT DEFAULT NULL,
  `groups_completed_at` datetime DEFAULT NULL,
  `knockout_completed_at` datetime DEFAULT NULL,
  `sets_to_win` int(11) NOT NULL DEFAULT 2,
  `points_per_set` int(11) NOT NULL DEFAULT 21,
  `deuce_at` int(11) NOT NULL DEFAULT 20,
  `must_win_by_two` varchar(255) NOT NULL DEFAULT '1',
  `points_for_win` int(11) NOT NULL DEFAULT 3,
  `points_for_draw` int(11) NOT NULL DEFAULT 1,
  `points_for_loss` int(11) NOT NULL DEFAULT 0,
  `has_tiebreak` varchar(255) NOT NULL DEFAULT '1',
  `tiebreak_points` int(11) NOT NULL DEFAULT 7,
  `created_at` datetime DEFAULT NULL,
  `updated_at` datetime DEFAULT NULL,
  `manual_knockout_selection` varchar(255) NOT NULL DEFAULT '0',
  `is_public` varchar(255) NOT NULL DEFAULT '0',
  `knockout_matches_count` int(11) DEFAULT NULL
) ENGINE=InnoDB DEFAULT CHARSET=utf8mb4 COLLATE=utf8mb4_unicode_ci;

--
-- Dumping data for table `competitions`
--

INSERT INTO `competitions` (`id`, `name`, `slug`, `description`, `organization_id`, `sport_id`, `type`, `start_date`, `end_date`, `max_teams`, `is_team_based`, `status`, `settings`, `is_active`, `max_participants`, `group_count`, `players_per_group`, `players_advancing_per_group`, `advancement_method`, `current_phase`, `knockout_bracket`, `groups_completed_at`, `knockout_completed_at`, `sets_to_win`, `points_per_set`, `deuce_at`, `must_win_by_two`, `points_for_win`, `points_for_draw`, `points_for_loss`, `has_tiebreak`, `tiebreak_points`, `created_at`, `updated_at`, `manual_knockout_selection`, `is_public`, `knockout_matches_count`) VALUES
(2, 'Asee liga Oktobar', 'asee-liga-oktobar-1760744929', NULL, 1, 1, 'league', NULL, NULL, 8, '0', 'draft', '{\"format\":\"round_robin\",\"points_win\":\"2\",\"points_draw\":\"0\",\"points_loss\":\"1\",\"sets_to_win\":\"3\",\"is_public\":true}', '1', 16, 4, 4, 2, 'automatic', 'groups', NULL, NULL, NULL, 2, 21, 20, '1', 3, 1, 0, '1', 7, '2025-10-17 23:48:49', '2025-10-23 09:34:31', '0', '1', NULL),
(3, 'Ligaa', 'ligaa-1760774155', NULL, 2, 1, 'league', NULL, NULL, 8, '0', 'active', '{\"format\":\"dual_robin\",\"points_win\":\"3\",\"points_draw\":\"1\",\"points_loss\":\"0\",\"sets_to_win\":\"3\"}', '1', 16, 4, 4, 2, 'automatic', 'groups', NULL, NULL, NULL, 2, 21, 20, '1', 3, 1, 0, '1', 7, '2025-10-18 07:55:55', '2025-10-18 07:57:40', '0', '0', NULL),
(4, 'Turnir', 'turnir-1760774393', NULL, 2, 1, 'tournament', '2025-10-18', NULL, 8, '0', 'completed', NULL, '1', 6, 2, 3, 2, 'automatic', 'completed', NULL, NULL, '2025-10-18 08:35:17', 2, 21, 20, '1', 3, 1, 0, '1', 7, '2025-10-18 07:59:53', '2025-10-18 08:35:17', '0', '0', 7),
(5, 'Turnir 2', 'turnir-2-1760776969', NULL, 2, 1, 'tournament', '2025-10-18', NULL, 8, '0', 'completed', NULL, '1', 9, 3, 3, 2, 'manual', 'completed', NULL, NULL, '2025-10-18 09:07:29', 2, 21, 20, '1', 3, 1, 0, '1', 7, '2025-10-18 08:42:49', '2025-10-18 18:13:36', '0', '1', 7),
(7, 'Tuzla Open', 'tuzla-open-1760779715', NULL, 1, 1, 'tournament', '2025-10-18', NULL, 8, '0', 'completed', NULL, '1', 7, 2, 4, 2, 'manual', 'completed', '{\"round\":1,\"left\":{\"round\":1,\"matches\":[{\"player1_id\":1,\"player2_id\":16,\"is_bye\":false,\"round\":1}],\"is_final\":true},\"right\":{\"round\":1,\"matches\":[{\"player1_id\":2,\"player2_id\":9,\"is_bye\":false,\"round\":1}],\"is_final\":true},\"winner_match\":{\"player1_id\":null,\"player2_id\":null,\"is_bye\":false,\"round\":2}}', NULL, '2025-10-21 10:31:33', 2, 21, 20, '1', 3, 1, 0, '1', 7, '2025-10-18 09:28:35', '2025-10-21 10:31:33', '0', '1', 7),
(9, 'Asee Turnir', 'asee-turnir-1760782782', NULL, 1, 1, 'tournament', '2025-10-18', NULL, 8, '0', 'completed', NULL, '1', 6, 2, 3, 2, 'manual', 'completed', NULL, NULL, '2025-10-24 11:19:36', 3, 11, 10, '1', 2, 1, 0, '0', 7, '2025-10-18 10:19:42', '2025-10-24 11:19:36', '1', '1', 7),
(10, 'Open Tuzla', 'open-tuzla-1760784277', NULL, 1, 1, 'tournament', '2025-10-18', NULL, 8, '0', 'draft', NULL, '1', 6, 2, 3, 2, 'automatic', 'groups', NULL, NULL, NULL, 3, 11, 10, '1', 2, 0, 0, '0', 7, '2025-10-18 10:44:37', '2025-10-28 22:22:39', '1', '1', 7),
(11, 'Veterani', 'veterani-1761046981', NULL, 1, 1, 'tournament', '2025-10-29', NULL, 8, '0', 'completed', NULL, '1', 25, 5, 4, 2, 'automatic', 'completed', NULL, NULL, '2025-10-24 12:19:02', 3, 11, 10, '1', 2, 0, 0, '0', 7, '2025-10-21 11:43:01', '2025-10-24 12:19:02', '1', '1', 7),
(16, 'Joola Kup 2006 godište', 'joola-kup-2006-godiste-1761335055', NULL, 1, 1, 'tournament', '2025-10-24', NULL, 8, '0', 'active', NULL, '1', 30, 8, 4, 2, 'automatic', 'groups', NULL, NULL, NULL, 3, 11, 10, '1', 2, 0, 0, '0', 7, '2025-10-24 19:44:15', '2025-10-28 22:33:10', '1', '0', 7),
(17, 'Joola Kup 2025 - Juniorke', 'joola-kup-2025-juniorke-1761344299', NULL, 1, 1, 'tournament', '2025-10-24', NULL, 8, '0', 'active', NULL, '1', 20, 5, 4, 2, 'automatic', 'groups', NULL, NULL, NULL, 2, 11, 10, '1', 2, 0, 0, '0', 7, '2025-10-24 22:18:19', '2025-10-27 20:25:54', '1', '1', 7),
(30, 'Test Tournament - Berger Groups', 'test-tournament-berger-1761345945', NULL, 5, 1, 'tournament', '2025-10-24', NULL, 8, '0', 'draft', NULL, '1', 16, 2, 4, 2, 'automatic', 'groups', NULL, NULL, NULL, 2, 21, 20, '1', 3, 1, 0, '1', 7, '2025-10-24 22:45:45', '2025-10-24 22:45:45', '0', '0', 7),
(31, 'Najmlađe kadetkinje', 'najmlade-kadetkinje-1761644327', 'JOOLA CUP 2024 - Najmlađe kadetkinje', 4, 1, 'tournament', '2025-10-28', NULL, 8, '0', 'draft', NULL, '1', 16, 4, 4, 2, 'automatic', 'groups', NULL, NULL, NULL, 2, 11, 10, '1', 2, 1, 0, '0', 7, '2025-10-28 09:38:47', '2025-10-28 09:47:49', '0', '0', NULL),
(32, 'Najmlađi kadeti', 'najmladi-kadeti-1761644562', 'JOOLA CUP 2024', 4, 1, 'tournament', '2025-10-28', NULL, 8, '0', 'draft', NULL, '1', 24, 6, 4, 2, 'automatic', 'groups', NULL, NULL, NULL, 2, 21, 20, '1', 3, 1, 0, '1', 7, '2025-10-28 09:42:42', '2025-10-28 09:42:42', '0', '0', NULL),
(33, 'Mlađi kadeti', 'mladi-kadeti-1761644668', 'JOOLA CUP 2024 - Mlađi kadeti', 4, 1, 'tournament', '2025-10-28', NULL, 8, '0', 'draft', NULL, '1', 32, 8, 4, 2, 'automatic', 'groups', NULL, NULL, NULL, 2, 11, 10, '1', 2, 1, 0, '0', 7, '2025-10-28 09:44:28', '2025-10-28 09:45:23', '0', '0', NULL),
(34, 'Mlađe kadetkinje', 'mlade-kadetkinje-1761645141', 'JOOLA CUP 2024 - Mlađe kadetkinje', 4, 1, 'tournament', '2025-10-28', NULL, 8, '0', 'draft', NULL, '1', 24, 6, 4, 2, 'automatic', 'groups', NULL, NULL, NULL, 2, 11, 10, '1', 2, 1, 0, '0', 7, '2025-10-28 09:52:21', '2025-10-28 09:52:34', '0', '0', NULL),
(35, 'Kadeti', 'kadeti-1761649029', 'JOOLA CUP 2024 - Kadeti', 4, 1, 'tournament', '2025-10-28', NULL, 8, '0', 'active', NULL, '1', 36, 9, 4, 2, 'automatic', 'groups', NULL, NULL, NULL, 2, 11, 10, '1', 2, 1, 0, '0', 7, '2025-10-28 10:57:09', '2025-10-28 13:31:51', '0', '0', NULL),
(36, 'Asee liga Oktobar', 'asee-liga-oktobar-1761690913', NULL, 1, 1, 'tournament', '2025-10-28', NULL, 8, '0', 'draft', NULL, '1', NULL, 4, 4, 2, 'automatic', 'groups', NULL, NULL, NULL, 3, 11, 10, '1', 2, 0, 0, '0', 7, '2025-10-28 22:35:13', '2025-10-28 22:35:30', '1', '0', NULL);

-- --------------------------------------------------------

--
-- Table structure for table `competition_player`
--

CREATE TABLE `competition_player` (
  `id` int(11) NOT NULL,
  `competition_id` int(11) NOT NULL,
  `player_id` int(11) NOT NULL,
  `joined_at` datetime NOT NULL DEFAULT current_timestamp(),
  `created_at` datetime DEFAULT NULL,
  `updated_at` datetime DEFAULT NULL,
  `team_id` int(11) DEFAULT NULL
) ENGINE=InnoDB DEFAULT CHARSET=utf8mb4 COLLATE=utf8mb4_unicode_ci;

--
-- Dumping data for table `competition_player`
--

INSERT INTO `competition_player` (`id`, `competition_id`, `player_id`, `joined_at`, `created_at`, `updated_at`, `team_id`) VALUES
(19, 2, 1, '2025-10-17 23:49:13', '2025-10-17 23:49:13', '2025-10-17 23:49:13', NULL),
(20, 2, 2, '2025-10-17 23:49:13', '2025-10-17 23:49:13', '2025-10-17 23:49:13', NULL),
(21, 2, 3, '2025-10-17 23:49:13', '2025-10-17 23:49:13', '2025-10-17 23:49:13', NULL),
(22, 2, 4, '2025-10-17 23:49:13', '2025-10-17 23:49:13', '2025-10-17 23:49:13', NULL),
(23, 2, 5, '2025-10-17 23:49:13', '2025-10-17 23:49:13', '2025-10-17 23:49:13', NULL),
(24, 3, 17, '2025-10-18 07:57:40', '2025-10-18 07:57:40', '2025-10-18 07:57:40', NULL),
(25, 3, 18, '2025-10-18 07:57:40', '2025-10-18 07:57:40', '2025-10-18 07:57:40', NULL),
(26, 3, 19, '2025-10-18 07:57:40', '2025-10-18 07:57:40', '2025-10-18 07:57:40', NULL),
(27, 3, 20, '2025-10-18 07:57:40', '2025-10-18 07:57:40', '2025-10-18 07:57:40', NULL),
(28, 3, 21, '2025-10-18 07:57:40', '2025-10-18 07:57:40', '2025-10-18 07:57:40', NULL),
(30, 4, 23, '2025-10-18 08:00:34', '2025-10-18 08:00:34', '2025-10-18 08:00:34', NULL),
(31, 4, 17, '2025-10-18 08:00:55', '2025-10-18 08:00:55', '2025-10-18 08:00:55', NULL),
(32, 4, 18, '2025-10-18 08:00:55', '2025-10-18 08:00:55', '2025-10-18 08:00:55', NULL),
(33, 4, 19, '2025-10-18 08:00:55', '2025-10-18 08:00:55', '2025-10-18 08:00:55', NULL),
(34, 4, 21, '2025-10-18 08:00:55', '2025-10-18 08:00:55', '2025-10-18 08:00:55', NULL),
(35, 4, 20, '2025-10-18 08:01:10', '2025-10-18 08:01:10', '2025-10-18 08:01:10', NULL),
(36, 5, 18, '2025-10-18 08:43:03', '2025-10-18 08:43:03', '2025-10-18 08:43:03', NULL),
(37, 5, 17, '2025-10-18 08:43:03', '2025-10-18 08:43:03', '2025-10-18 08:43:03', NULL),
(38, 5, 19, '2025-10-18 08:43:03', '2025-10-18 08:43:03', '2025-10-18 08:43:03', NULL),
(40, 5, 21, '2025-10-18 08:43:03', '2025-10-18 08:43:03', '2025-10-18 08:43:03', NULL),
(41, 5, 22, '2025-10-18 08:43:03', '2025-10-18 08:43:03', '2025-10-18 08:43:03', NULL),
(42, 5, 23, '2025-10-18 08:43:36', '2025-10-18 08:43:36', '2025-10-18 08:43:36', NULL),
(43, 5, 24, '2025-10-18 08:43:49', '2025-10-18 08:43:49', '2025-10-18 08:43:49', NULL),
(44, 5, 25, '2025-10-18 08:44:13', '2025-10-18 08:44:13', '2025-10-18 08:44:13', NULL),
(45, 5, 26, '2025-10-18 08:44:30', '2025-10-18 08:44:30', '2025-10-18 08:44:30', NULL),
(46, 7, 1, '2025-10-18 09:28:46', '2025-10-18 09:28:46', '2025-10-18 09:28:46', NULL),
(48, 7, 3, '2025-10-18 09:28:46', '2025-10-18 09:28:46', '2025-10-18 09:28:46', NULL),
(49, 7, 4, '2025-10-18 09:31:43', '2025-10-18 09:31:43', '2025-10-18 09:31:43', NULL),
(51, 7, 7, '2025-10-18 09:32:25', '2025-10-18 09:32:25', '2025-10-18 09:32:25', NULL),
(52, 7, 2, '2025-10-18 09:34:00', '2025-10-18 09:34:00', '2025-10-18 09:34:00', NULL),
(53, 7, 9, '2025-10-18 09:36:23', '2025-10-18 09:36:23', '2025-10-18 09:36:23', NULL),
(55, 7, 16, '2025-10-18 09:37:34', '2025-10-18 09:37:34', '2025-10-18 09:37:34', NULL),
(62, 9, 1, '2025-10-18 10:19:55', '2025-10-18 10:19:55', '2025-10-18 10:19:55', NULL),
(63, 9, 2, '2025-10-18 10:19:55', '2025-10-18 10:19:55', '2025-10-18 10:19:55', NULL),
(64, 9, 3, '2025-10-18 10:19:55', '2025-10-18 10:19:55', '2025-10-18 10:19:55', NULL),
(65, 9, 4, '2025-10-18 10:19:55', '2025-10-18 10:19:55', '2025-10-18 10:19:55', NULL),
(66, 9, 5, '2025-10-18 10:19:55', '2025-10-18 10:19:55', '2025-10-18 10:19:55', NULL),
(67, 9, 6, '2025-10-18 10:19:55', '2025-10-18 10:19:55', '2025-10-18 10:19:55', NULL),
(68, 10, 2, '2025-10-18 10:44:53', '2025-10-18 10:44:53', '2025-10-18 10:44:53', NULL),
(69, 10, 1, '2025-10-18 10:44:53', '2025-10-18 10:44:53', '2025-10-18 10:44:53', NULL),
(70, 10, 3, '2025-10-18 10:44:53', '2025-10-18 10:44:53', '2025-10-18 10:44:53', NULL),
(71, 10, 4, '2025-10-18 10:44:53', '2025-10-18 10:44:53', '2025-10-18 10:44:53', NULL),
(72, 10, 5, '2025-10-18 10:44:53', '2025-10-18 10:44:53', '2025-10-18 10:44:53', NULL),
(73, 10, 6, '2025-10-18 10:44:53', '2025-10-18 10:44:53', '2025-10-18 10:44:53', NULL),
(90, 11, 1, '2025-10-24 07:06:35', '2025-10-24 07:06:35', '2025-10-24 07:06:35', NULL),
(91, 11, 2, '2025-10-24 07:06:35', '2025-10-24 07:06:35', '2025-10-24 07:06:35', NULL),
(92, 11, 3, '2025-10-24 07:06:35', '2025-10-24 07:06:35', '2025-10-24 07:06:35', NULL),
(93, 11, 4, '2025-10-24 07:06:35', '2025-10-24 07:06:35', '2025-10-24 07:06:35', NULL),
(94, 11, 5, '2025-10-24 07:06:35', '2025-10-24 07:06:35', '2025-10-24 07:06:35', NULL),
(95, 11, 6, '2025-10-24 07:06:35', '2025-10-24 07:06:35', '2025-10-24 07:06:35', NULL),
(96, 11, 7, '2025-10-24 07:06:35', '2025-10-24 07:06:35', '2025-10-24 07:06:35', NULL),
(97, 11, 8, '2025-10-24 07:06:35', '2025-10-24 07:06:35', '2025-10-24 07:06:35', NULL),
(98, 11, 9, '2025-10-24 07:06:35', '2025-10-24 07:06:35', '2025-10-24 07:06:35', NULL),
(99, 11, 10, '2025-10-24 07:06:35', '2025-10-24 07:06:35', '2025-10-24 07:06:35', NULL),
(100, 11, 11, '2025-10-24 07:06:35', '2025-10-24 07:06:35', '2025-10-24 07:06:35', NULL),
(101, 11, 12, '2025-10-24 07:06:35', '2025-10-24 07:06:35', '2025-10-24 07:06:35', NULL),
(102, 11, 13, '2025-10-24 07:06:35', '2025-10-24 07:06:35', '2025-10-24 07:06:35', NULL),
(103, 11, 14, '2025-10-24 07:06:35', '2025-10-24 07:06:35', '2025-10-24 07:06:35', NULL),
(104, 11, 15, '2025-10-24 07:06:35', '2025-10-24 07:06:35', '2025-10-24 07:06:35', NULL),
(105, 11, 16, '2025-10-24 07:06:35', '2025-10-24 07:06:35', '2025-10-24 07:06:35', NULL),
(106, 11, 28, '2025-10-24 07:06:35', '2025-10-24 07:06:35', '2025-10-24 07:06:35', NULL),
(108, 16, 41, '2025-10-24 22:10:36', '2025-10-24 22:10:36', '2025-10-24 22:10:36', NULL),
(109, 16, 42, '2025-10-24 22:10:36', '2025-10-24 22:10:36', '2025-10-24 22:10:36', NULL),
(110, 16, 43, '2025-10-24 22:10:36', '2025-10-24 22:10:36', '2025-10-24 22:10:36', NULL),
(111, 16, 44, '2025-10-24 22:10:36', '2025-10-24 22:10:36', '2025-10-24 22:10:36', NULL),
(112, 16, 45, '2025-10-24 22:10:36', '2025-10-24 22:10:36', '2025-10-24 22:10:36', NULL),
(113, 16, 46, '2025-10-24 22:10:36', '2025-10-24 22:10:36', '2025-10-24 22:10:36', NULL),
(114, 16, 47, '2025-10-24 22:10:36', '2025-10-24 22:10:36', '2025-10-24 22:10:36', NULL),
(115, 16, 48, '2025-10-24 22:10:36', '2025-10-24 22:10:36', '2025-10-24 22:10:36', NULL),
(116, 16, 49, '2025-10-24 22:10:36', '2025-10-24 22:10:36', '2025-10-24 22:10:36', NULL),
(117, 16, 50, '2025-10-24 22:10:36', '2025-10-24 22:10:36', '2025-10-24 22:10:36', NULL),
(118, 16, 51, '2025-10-24 22:10:36', '2025-10-24 22:10:36', '2025-10-24 22:10:36', NULL),
(119, 16, 52, '2025-10-24 22:10:36', '2025-10-24 22:10:36', '2025-10-24 22:10:36', NULL),
(120, 16, 53, '2025-10-24 22:10:36', '2025-10-24 22:10:36', '2025-10-24 22:10:36', NULL),
(121, 16, 54, '2025-10-24 22:10:36', '2025-10-24 22:10:36', '2025-10-24 22:10:36', NULL),
(122, 16, 55, '2025-10-24 22:10:36', '2025-10-24 22:10:36', '2025-10-24 22:10:36', NULL),
(123, 16, 56, '2025-10-24 22:10:36', '2025-10-24 22:10:36', '2025-10-24 22:10:36', NULL),
(124, 16, 57, '2025-10-24 22:10:36', '2025-10-24 22:10:36', '2025-10-24 22:10:36', NULL),
(125, 16, 58, '2025-10-24 22:10:36', '2025-10-24 22:10:36', '2025-10-24 22:10:36', NULL),
(126, 16, 59, '2025-10-24 22:10:36', '2025-10-24 22:10:36', '2025-10-24 22:10:36', NULL),
(127, 16, 60, '2025-10-24 22:10:36', '2025-10-24 22:10:36', '2025-10-24 22:10:36', NULL),
(128, 16, 61, '2025-10-24 22:10:36', '2025-10-24 22:10:36', '2025-10-24 22:10:36', NULL),
(129, 16, 62, '2025-10-24 22:10:36', '2025-10-24 22:10:36', '2025-10-24 22:10:36', NULL),
(130, 16, 63, '2025-10-24 22:10:36', '2025-10-24 22:10:36', '2025-10-24 22:10:36', NULL),
(131, 16, 64, '2025-10-24 22:10:36', '2025-10-24 22:10:36', '2025-10-24 22:10:36', NULL),
(132, 16, 65, '2025-10-24 22:10:36', '2025-10-24 22:10:36', '2025-10-24 22:10:36', NULL),
(133, 16, 66, '2025-10-24 22:10:36', '2025-10-24 22:10:36', '2025-10-24 22:10:36', NULL),
(134, 16, 67, '2025-10-24 22:10:36', '2025-10-24 22:10:36', '2025-10-24 22:10:36', NULL),
(135, 16, 40, '2025-10-24 22:11:35', '2025-10-24 22:11:35', '2025-10-24 22:11:35', NULL),
(136, 17, 68, '2025-10-24 22:20:01', '2025-10-24 22:20:01', '2025-10-24 22:20:01', NULL),
(137, 17, 69, '2025-10-24 22:20:01', '2025-10-24 22:20:01', '2025-10-24 22:20:01', NULL),
(138, 17, 70, '2025-10-24 22:20:01', '2025-10-24 22:20:01', '2025-10-24 22:20:01', NULL),
(139, 17, 71, '2025-10-24 22:20:01', '2025-10-24 22:20:01', '2025-10-24 22:20:01', NULL),
(140, 17, 72, '2025-10-24 22:20:01', '2025-10-24 22:20:01', '2025-10-24 22:20:01', NULL),
(141, 17, 73, '2025-10-24 22:20:01', '2025-10-24 22:20:01', '2025-10-24 22:20:01', NULL),
(142, 17, 74, '2025-10-24 22:20:01', '2025-10-24 22:20:01', '2025-10-24 22:20:01', NULL),
(143, 17, 75, '2025-10-24 22:20:01', '2025-10-24 22:20:01', '2025-10-24 22:20:01', NULL),
(144, 17, 76, '2025-10-24 22:20:01', '2025-10-24 22:20:01', '2025-10-24 22:20:01', NULL),
(145, 17, 77, '2025-10-24 22:20:01', '2025-10-24 22:20:01', '2025-10-24 22:20:01', NULL),
(146, 17, 78, '2025-10-24 22:20:01', '2025-10-24 22:20:01', '2025-10-24 22:20:01', NULL),
(147, 17, 79, '2025-10-24 22:20:01', '2025-10-24 22:20:01', '2025-10-24 22:20:01', NULL),
(148, 17, 80, '2025-10-24 22:20:01', '2025-10-24 22:20:01', '2025-10-24 22:20:01', NULL),
(149, 17, 81, '2025-10-24 22:20:01', '2025-10-24 22:20:01', '2025-10-24 22:20:01', NULL),
(150, 17, 82, '2025-10-24 22:20:01', '2025-10-24 22:20:01', '2025-10-24 22:20:01', NULL),
(151, 17, 83, '2025-10-24 22:20:01', '2025-10-24 22:20:01', '2025-10-24 22:20:01', NULL),
(152, 17, 84, '2025-10-24 22:20:01', '2025-10-24 22:20:01', '2025-10-24 22:20:01', NULL),
(153, 17, 85, '2025-10-24 22:20:01', '2025-10-24 22:20:01', '2025-10-24 22:20:01', NULL),
(154, 17, 86, '2025-10-24 22:20:01', '2025-10-24 22:20:01', '2025-10-24 22:20:01', NULL),
(232, 31, 156, '2025-10-28 09:39:43', '2025-10-28 09:39:43', '2025-10-28 09:39:43', NULL),
(233, 31, 157, '2025-10-28 09:39:43', '2025-10-28 09:39:43', '2025-10-28 09:39:43', NULL),
(234, 31, 158, '2025-10-28 09:39:44', '2025-10-28 09:39:44', '2025-10-28 09:39:44', NULL),
(235, 31, 159, '2025-10-28 09:39:44', '2025-10-28 09:39:44', '2025-10-28 09:39:44', NULL),
(236, 31, 160, '2025-10-28 09:39:44', '2025-10-28 09:39:44', '2025-10-28 09:39:44', NULL),
(237, 31, 161, '2025-10-28 09:39:44', '2025-10-28 09:39:44', '2025-10-28 09:39:44', NULL),
(238, 31, 162, '2025-10-28 09:39:45', '2025-10-28 09:39:45', '2025-10-28 09:39:45', NULL),
(239, 31, 163, '2025-10-28 09:39:45', '2025-10-28 09:39:45', '2025-10-28 09:39:45', NULL),
(240, 31, 164, '2025-10-28 09:39:46', '2025-10-28 09:39:46', '2025-10-28 09:39:46', NULL),
(241, 31, 165, '2025-10-28 09:39:46', '2025-10-28 09:39:46', '2025-10-28 09:39:46', NULL),
(242, 31, 166, '2025-10-28 09:39:46', '2025-10-28 09:39:46', '2025-10-28 09:39:46', NULL),
(243, 31, 167, '2025-10-28 09:39:47', '2025-10-28 09:39:47', '2025-10-28 09:39:47', NULL),
(244, 31, 168, '2025-10-28 09:39:47', '2025-10-28 09:39:47', '2025-10-28 09:39:47', NULL),
(245, 32, 169, '2025-10-28 09:42:57', '2025-10-28 09:42:57', '2025-10-28 09:42:57', NULL),
(246, 32, 170, '2025-10-28 09:42:57', '2025-10-28 09:42:57', '2025-10-28 09:42:57', NULL),
(247, 32, 171, '2025-10-28 09:42:57', '2025-10-28 09:42:57', '2025-10-28 09:42:57', NULL),
(248, 32, 172, '2025-10-28 09:42:58', '2025-10-28 09:42:58', '2025-10-28 09:42:58', NULL),
(249, 32, 173, '2025-10-28 09:42:58', '2025-10-28 09:42:58', '2025-10-28 09:42:58', NULL),
(250, 32, 174, '2025-10-28 09:42:59', '2025-10-28 09:42:59', '2025-10-28 09:42:59', NULL),
(251, 32, 175, '2025-10-28 09:42:59', '2025-10-28 09:42:59', '2025-10-28 09:42:59', NULL),
(252, 32, 176, '2025-10-28 09:42:59', '2025-10-28 09:42:59', '2025-10-28 09:42:59', NULL),
(253, 32, 177, '2025-10-28 09:42:59', '2025-10-28 09:42:59', '2025-10-28 09:42:59', NULL),
(254, 32, 178, '2025-10-28 09:43:00', '2025-10-28 09:43:00', '2025-10-28 09:43:00', NULL),
(255, 32, 179, '2025-10-28 09:43:00', '2025-10-28 09:43:00', '2025-10-28 09:43:00', NULL),
(256, 32, 180, '2025-10-28 09:43:00', '2025-10-28 09:43:00', '2025-10-28 09:43:00', NULL),
(257, 32, 181, '2025-10-28 09:43:00', '2025-10-28 09:43:00', '2025-10-28 09:43:00', NULL),
(258, 32, 182, '2025-10-28 09:43:01', '2025-10-28 09:43:01', '2025-10-28 09:43:01', NULL),
(259, 32, 183, '2025-10-28 09:43:01', '2025-10-28 09:43:01', '2025-10-28 09:43:01', NULL),
(260, 32, 184, '2025-10-28 09:43:01', '2025-10-28 09:43:01', '2025-10-28 09:43:01', NULL),
(261, 33, 185, '2025-10-28 09:46:31', '2025-10-28 09:46:31', '2025-10-28 09:46:31', NULL),
(262, 33, 186, '2025-10-28 09:46:32', '2025-10-28 09:46:32', '2025-10-28 09:46:32', NULL),
(263, 33, 187, '2025-10-28 09:46:32', '2025-10-28 09:46:32', '2025-10-28 09:46:32', NULL),
(264, 33, 188, '2025-10-28 09:46:32', '2025-10-28 09:46:32', '2025-10-28 09:46:32', NULL),
(265, 33, 189, '2025-10-28 09:46:33', '2025-10-28 09:46:33', '2025-10-28 09:46:33', NULL),
(266, 33, 190, '2025-10-28 09:46:33', '2025-10-28 09:46:33', '2025-10-28 09:46:33', NULL),
(267, 33, 191, '2025-10-28 09:46:34', '2025-10-28 09:46:34', '2025-10-28 09:46:34', NULL),
(268, 33, 192, '2025-10-28 09:46:35', '2025-10-28 09:46:35', '2025-10-28 09:46:35', NULL),
(269, 33, 193, '2025-10-28 09:46:37', '2025-10-28 09:46:37', '2025-10-28 09:46:37', NULL),
(270, 33, 194, '2025-10-28 09:46:40', '2025-10-28 09:46:40', '2025-10-28 09:46:40', NULL),
(271, 33, 195, '2025-10-28 09:46:41', '2025-10-28 09:46:41', '2025-10-28 09:46:41', NULL),
(272, 33, 196, '2025-10-28 09:46:42', '2025-10-28 09:46:42', '2025-10-28 09:46:42', NULL),
(273, 33, 181, '2025-10-28 09:46:42', '2025-10-28 09:46:42', '2025-10-28 09:46:42', NULL),
(274, 33, 197, '2025-10-28 09:46:43', '2025-10-28 09:46:43', '2025-10-28 09:46:43', NULL),
(275, 33, 198, '2025-10-28 09:46:43', '2025-10-28 09:46:43', '2025-10-28 09:46:43', NULL),
(276, 33, 199, '2025-10-28 09:46:44', '2025-10-28 09:46:44', '2025-10-28 09:46:44', NULL),
(277, 33, 174, '2025-10-28 09:46:45', '2025-10-28 09:46:45', '2025-10-28 09:46:45', NULL),
(278, 33, 200, '2025-10-28 09:46:46', '2025-10-28 09:46:46', '2025-10-28 09:46:46', NULL),
(279, 33, 201, '2025-10-28 09:46:46', '2025-10-28 09:46:46', '2025-10-28 09:46:46', NULL),
(280, 33, 202, '2025-10-28 09:46:47', '2025-10-28 09:46:47', '2025-10-28 09:46:47', NULL),
(281, 33, 203, '2025-10-28 09:46:47', '2025-10-28 09:46:47', '2025-10-28 09:46:47', NULL),
(282, 33, 204, '2025-10-28 09:46:48', '2025-10-28 09:46:48', '2025-10-28 09:46:48', NULL),
(283, 33, 175, '2025-10-28 09:46:48', '2025-10-28 09:46:48', '2025-10-28 09:46:48', NULL),
(284, 33, 177, '2025-10-28 09:46:49', '2025-10-28 09:46:49', '2025-10-28 09:46:49', NULL),
(285, 33, 205, '2025-10-28 09:46:49', '2025-10-28 09:46:49', '2025-10-28 09:46:49', NULL),
(286, 33, 206, '2025-10-28 09:46:50', '2025-10-28 09:46:50', '2025-10-28 09:46:50', NULL),
(287, 33, 207, '2025-10-28 09:46:51', '2025-10-28 09:46:51', '2025-10-28 09:46:51', NULL),
(288, 33, 183, '2025-10-28 09:46:51', '2025-10-28 09:46:51', '2025-10-28 09:46:51', NULL),
(289, 33, 184, '2025-10-28 09:46:51', '2025-10-28 09:46:51', '2025-10-28 09:46:51', NULL),
(290, 34, 208, '2025-10-28 09:52:49', '2025-10-28 09:52:49', '2025-10-28 09:52:49', NULL),
(291, 34, 209, '2025-10-28 09:52:50', '2025-10-28 09:52:50', '2025-10-28 09:52:50', NULL),
(292, 34, 210, '2025-10-28 09:52:50', '2025-10-28 09:52:50', '2025-10-28 09:52:50', NULL),
(293, 34, 211, '2025-10-28 09:52:50', '2025-10-28 09:52:50', '2025-10-28 09:52:50', NULL),
(294, 34, 212, '2025-10-28 09:52:50', '2025-10-28 09:52:50', '2025-10-28 09:52:50', NULL),
(295, 34, 213, '2025-10-28 09:52:50', '2025-10-28 09:52:50', '2025-10-28 09:52:50', NULL),
(296, 34, 214, '2025-10-28 09:52:51', '2025-10-28 09:52:51', '2025-10-28 09:52:51', NULL),
(297, 34, 215, '2025-10-28 09:52:51', '2025-10-28 09:52:51', '2025-10-28 09:52:51', NULL),
(298, 34, 216, '2025-10-28 09:52:51', '2025-10-28 09:52:51', '2025-10-28 09:52:51', NULL),
(299, 34, 156, '2025-10-28 09:52:51', '2025-10-28 09:52:51', '2025-10-28 09:52:51', NULL),
(300, 34, 217, '2025-10-28 09:52:52', '2025-10-28 09:52:52', '2025-10-28 09:52:52', NULL),
(301, 34, 218, '2025-10-28 09:52:52', '2025-10-28 09:52:52', '2025-10-28 09:52:52', NULL),
(302, 34, 219, '2025-10-28 09:52:52', '2025-10-28 09:52:52', '2025-10-28 09:52:52', NULL),
(303, 34, 220, '2025-10-28 09:52:53', '2025-10-28 09:52:53', '2025-10-28 09:52:53', NULL),
(304, 34, 160, '2025-10-28 09:52:53', '2025-10-28 09:52:53', '2025-10-28 09:52:53', NULL),
(305, 34, 221, '2025-10-28 09:52:53', '2025-10-28 09:52:53', '2025-10-28 09:52:53', NULL),
(306, 34, 222, '2025-10-28 09:52:53', '2025-10-28 09:52:53', '2025-10-28 09:52:53', NULL),
(307, 34, 223, '2025-10-28 09:52:53', '2025-10-28 09:52:53', '2025-10-28 09:52:53', NULL),
(308, 34, 224, '2025-10-28 09:52:54', '2025-10-28 09:52:54', '2025-10-28 09:52:54', NULL),
(309, 34, 225, '2025-10-28 09:52:54', '2025-10-28 09:52:54', '2025-10-28 09:52:54', NULL),
(310, 34, 226, '2025-10-28 09:52:54', '2025-10-28 09:52:54', '2025-10-28 09:52:54', NULL),
(311, 35, 227, '2025-10-28 10:57:48', '2025-10-28 10:57:48', '2025-10-28 10:57:48', NULL),
(312, 35, 228, '2025-10-28 10:57:48', '2025-10-28 10:57:48', '2025-10-28 10:57:48', NULL),
(313, 35, 199, '2025-10-28 10:57:48', '2025-10-28 10:57:48', '2025-10-28 10:57:48', NULL),
(314, 35, 229, '2025-10-28 10:57:49', '2025-10-28 10:57:49', '2025-10-28 10:57:49', NULL),
(315, 35, 230, '2025-10-28 10:57:49', '2025-10-28 10:57:49', '2025-10-28 10:57:49', NULL),
(316, 35, 202, '2025-10-28 10:57:49', '2025-10-28 10:57:49', '2025-10-28 10:57:49', NULL),
(317, 35, 231, '2025-10-28 10:57:49', '2025-10-28 10:57:49', '2025-10-28 10:57:49', NULL),
(318, 35, 232, '2025-10-28 10:57:49', '2025-10-28 10:57:49', '2025-10-28 10:57:49', NULL),
(319, 35, 233, '2025-10-28 10:57:50', '2025-10-28 10:57:50', '2025-10-28 10:57:50', NULL),
(320, 35, 234, '2025-10-28 10:57:50', '2025-10-28 10:57:50', '2025-10-28 10:57:50', NULL),
(321, 35, 235, '2025-10-28 10:57:50', '2025-10-28 10:57:50', '2025-10-28 10:57:50', NULL),
(322, 35, 204, '2025-10-28 10:57:50', '2025-10-28 10:57:50', '2025-10-28 10:57:50', NULL),
(323, 35, 236, '2025-10-28 10:57:51', '2025-10-28 10:57:51', '2025-10-28 10:57:51', NULL),
(324, 35, 237, '2025-10-28 10:57:51', '2025-10-28 10:57:51', '2025-10-28 10:57:51', NULL),
(325, 35, 238, '2025-10-28 10:57:51', '2025-10-28 10:57:51', '2025-10-28 10:57:51', NULL),
(326, 35, 206, '2025-10-28 10:57:51', '2025-10-28 10:57:51', '2025-10-28 10:57:51', NULL),
(327, 35, 239, '2025-10-28 10:57:51', '2025-10-28 10:57:51', '2025-10-28 10:57:51', NULL),
(328, 35, 240, '2025-10-28 10:57:52', '2025-10-28 10:57:52', '2025-10-28 10:57:52', NULL),
(329, 35, 241, '2025-10-28 10:57:52', '2025-10-28 10:57:52', '2025-10-28 10:57:52', NULL),
(330, 35, 194, '2025-10-28 10:57:52', '2025-10-28 10:57:52', '2025-10-28 10:57:52', NULL),
(331, 35, 188, '2025-10-28 10:57:52', '2025-10-28 10:57:52', '2025-10-28 10:57:52', NULL),
(332, 35, 242, '2025-10-28 10:57:52', '2025-10-28 10:57:52', '2025-10-28 10:57:52', NULL),
(333, 35, 243, '2025-10-28 10:57:52', '2025-10-28 10:57:52', '2025-10-28 10:57:52', NULL),
(334, 35, 190, '2025-10-28 10:57:53', '2025-10-28 10:57:53', '2025-10-28 10:57:53', NULL),
(335, 35, 244, '2025-10-28 10:57:53', '2025-10-28 10:57:53', '2025-10-28 10:57:53', NULL),
(336, 35, 193, '2025-10-28 10:57:53', '2025-10-28 10:57:53', '2025-10-28 10:57:53', NULL),
(337, 35, 245, '2025-10-28 10:57:53', '2025-10-28 10:57:53', '2025-10-28 10:57:53', NULL),
(338, 35, 246, '2025-10-28 10:57:54', '2025-10-28 10:57:54', '2025-10-28 10:57:54', NULL),
(339, 35, 185, '2025-10-28 10:57:54', '2025-10-28 10:57:54', '2025-10-28 10:57:54', NULL),
(340, 35, 247, '2025-10-28 10:57:54', '2025-10-28 10:57:54', '2025-10-28 10:57:54', NULL),
(341, 35, 187, '2025-10-28 10:57:54', '2025-10-28 10:57:54', '2025-10-28 10:57:54', NULL),
(342, 35, 248, '2025-10-28 10:57:54', '2025-10-28 10:57:54', '2025-10-28 10:57:54', NULL),
(343, 35, 207, '2025-10-28 10:57:54', '2025-10-28 10:57:54', '2025-10-28 10:57:54', NULL),
(344, 35, 249, '2025-10-28 10:57:55', '2025-10-28 10:57:55', '2025-10-28 10:57:55', NULL),
(345, 32, 250, '2025-10-28 11:02:51', '2025-10-28 11:02:51', '2025-10-28 11:02:51', NULL),
(346, 32, 251, '2025-10-28 11:02:51', '2025-10-28 11:02:51', '2025-10-28 11:02:51', NULL),
(347, 32, 252, '2025-10-28 11:02:51', '2025-10-28 11:02:51', '2025-10-28 11:02:51', NULL),
(348, 32, 253, '2025-10-28 11:02:51', '2025-10-28 11:02:51', '2025-10-28 11:02:51', NULL),
(349, 32, 254, '2025-10-28 11:02:52', '2025-10-28 11:02:52', '2025-10-28 11:02:52', NULL),
(350, 32, 255, '2025-10-28 11:02:52', '2025-10-28 11:02:52', '2025-10-28 11:02:52', NULL),
(351, 35, 256, '2025-10-28 13:21:15', '2025-10-28 13:21:15', '2025-10-28 13:21:15', NULL),
(352, 35, 189, '2025-10-28 13:21:15', '2025-10-28 13:21:15', '2025-10-28 13:21:15', NULL);

-- --------------------------------------------------------

--
-- Table structure for table `competition_user`
--

CREATE TABLE `competition_user` (
  `id` int(11) NOT NULL,
  `competition_id` int(11) NOT NULL,
  `user_id` int(11) NOT NULL,
  `joined_at` datetime NOT NULL DEFAULT current_timestamp(),
  `created_at` datetime DEFAULT NULL,
  `updated_at` datetime DEFAULT NULL
) ENGINE=InnoDB DEFAULT CHARSET=utf8mb4 COLLATE=utf8mb4_unicode_ci;

-- --------------------------------------------------------

--
-- Table structure for table `display_leagues`
--

CREATE TABLE `display_leagues` (
  `id` int(11) NOT NULL,
  `league_id` int(11) NOT NULL,
  `display_order` int(11) NOT NULL DEFAULT 0,
  `created_at` datetime DEFAULT NULL,
  `updated_at` datetime DEFAULT NULL
) ENGINE=InnoDB DEFAULT CHARSET=utf8mb4 COLLATE=utf8mb4_unicode_ci;

-- --------------------------------------------------------

--
-- Table structure for table `failed_jobs`
--

CREATE TABLE `failed_jobs` (
  `id` int(11) NOT NULL,
  `uuid` VARCHAR(255) NOT NULL,
  `connection` text NOT NULL,
  `queue` VARCHAR(255) NOT NULL,
  `payload` text NOT NULL,
  `exception` text NOT NULL,
  `failed_at` datetime NOT NULL DEFAULT current_timestamp()
) ENGINE=InnoDB DEFAULT CHARSET=utf8mb4 COLLATE=utf8mb4_unicode_ci;

-- --------------------------------------------------------

--
-- Table structure for table `friendly_matches`
--

CREATE TABLE `friendly_matches` (
  `id` int(11) NOT NULL,
  `organization_id` int(11) NOT NULL,
  `home_player_id` int(11) NOT NULL,
  `away_player_id` int(11) NOT NULL,
  `home_player_name` text NOT NULL,
  `away_player_name` text NOT NULL,
  `sets` text NOT NULL,
  `set_durations` text NOT NULL,
  `winner_name` text NOT NULL,
  `completed_at` datetime NOT NULL,
  `created_at` datetime DEFAULT NULL,
  `updated_at` datetime DEFAULT NULL
) ENGINE=InnoDB DEFAULT CHARSET=utf8mb4 COLLATE=utf8mb4_unicode_ci;

-- --------------------------------------------------------

--
-- Table structure for table `jobs`
--

CREATE TABLE `jobs` (
  `id` int(11) NOT NULL,
  `queue` VARCHAR(255) NOT NULL,
  `payload` text NOT NULL,
  `attempts` int(11) NOT NULL,
  `reserved_at` int(11) DEFAULT NULL,
  `available_at` int(11) NOT NULL,
  `created_at` int(11) NOT NULL
) ENGINE=InnoDB DEFAULT CHARSET=utf8mb4 COLLATE=utf8mb4_unicode_ci;

-- --------------------------------------------------------

--
-- Table structure for table `job_batches`
--

CREATE TABLE `job_batches` (
  `id` varchar(255) NOT NULL,
  `name` text NOT NULL,
  `total_jobs` int(11) NOT NULL,
  `pending_jobs` int(11) NOT NULL,
  `failed_jobs` int(11) NOT NULL,
  `failed_job_ids` text NOT NULL,
  `options` TEXT DEFAULT NULL,
  `cancelled_at` int(11) DEFAULT NULL,
  `created_at` int(11) NOT NULL,
  `finished_at` int(11) DEFAULT NULL
) ENGINE=InnoDB DEFAULT CHARSET=utf8mb4 COLLATE=utf8mb4_unicode_ci;

-- --------------------------------------------------------

--
-- Table structure for table `matches`
--

CREATE TABLE `matches` (
  `id` int(11) NOT NULL,
  `created_at` datetime DEFAULT NULL,
  `updated_at` datetime DEFAULT NULL,
  `league_id` int(11) DEFAULT NULL,
  `home_team_id` int(11) DEFAULT NULL,
  `away_team_id` int(11) DEFAULT NULL,
  `home_player_id` int(11) DEFAULT NULL,
  `away_player_id` int(11) DEFAULT NULL,
  `home_score` int(11) DEFAULT NULL,
  `away_score` int(11) DEFAULT NULL,
  `scheduled_at` datetime DEFAULT NULL,
  `played_at` datetime DEFAULT NULL,
  `status` VARCHAR(50) NOT NULL DEFAULT 'scheduled',
  `forfeited_by` VARCHAR(50) DEFAULT NULL,
  `round` int(11) NOT NULL DEFAULT 1,
  `sets` TEXT DEFAULT NULL,
  `first_server` VARCHAR(50) DEFAULT NULL,
  `current_server` VARCHAR(50) DEFAULT NULL,
  `set_durations` TEXT DEFAULT NULL,
  `current_set_started_at` datetime DEFAULT NULL,
  `competition_id` int(11) DEFAULT NULL,
  `phase` VARCHAR(50) DEFAULT NULL,
  `tournament_group_id` int(11) DEFAULT NULL,
  `round_number` int(11) DEFAULT NULL,
  `bracket_position` int(11) DEFAULT NULL,
  `is_bye` varchar(255) NOT NULL DEFAULT '0',
  `moderator_id` int(11) DEFAULT NULL,
  `edited_by` int(11) DEFAULT NULL,
  `completed_by` int(11) DEFAULT NULL,
  `edited_at` datetime DEFAULT NULL,
  `completed_at` datetime DEFAULT NULL,
  `table_id` int(11) DEFAULT NULL,
  `referee_user_id` int(11) DEFAULT NULL,
  `match_order` int(11) DEFAULT NULL,
  `home_player_group` VARCHAR(50) DEFAULT NULL,
  `home_player_position` int(11) DEFAULT NULL,
  `away_player_group` VARCHAR(50) DEFAULT NULL,
  `away_player_position` int(11) DEFAULT NULL
) ENGINE=InnoDB DEFAULT CHARSET=utf8mb4 COLLATE=utf8mb4_unicode_ci;

--
-- Dumping data for table `matches`
--

INSERT INTO `matches` (`id`, `created_at`, `updated_at`, `league_id`, `home_team_id`, `away_team_id`, `home_player_id`, `away_player_id`, `home_score`, `away_score`, `scheduled_at`, `played_at`, `status`, `forfeited_by`, `round`, `sets`, `first_server`, `current_server`, `set_durations`, `current_set_started_at`, `competition_id`, `phase`, `tournament_group_id`, `round_number`, `bracket_position`, `is_bye`, `moderator_id`, `edited_by`, `completed_by`, `edited_at`, `completed_at`, `table_id`, `referee_user_id`, `match_order`, `home_player_group`, `home_player_position`, `away_player_group`, `away_player_position`) VALUES
(30, '2025-10-18 07:57:40', '2025-10-23 09:39:59', NULL, NULL, NULL, 18, 21, 0, 3, NULL, '2025-10-18 07:58:36', 'completed', NULL, 1, '[{\"home_score\":0,\"away_score\":11},{\"home_score\":0,\"away_score\":11},{\"home_score\":0,\"away_score\":11}]', 'home', 'home', '[2.962645,3.100999,27.558379000000002,\"-1:-3\"]', '2025-10-18 07:58:33', 3, NULL, NULL, NULL, NULL, '0', NULL, NULL, NULL, NULL, NULL, NULL, 2, NULL, NULL, NULL, NULL, NULL),
(31, '2025-10-18 07:57:40', '2025-10-18 08:36:06', NULL, NULL, NULL, 19, 20, 0, 3, NULL, '2025-10-18 08:36:06', 'completed', NULL, 1, '[{\"home_score\":3,\"away_score\":11},{\"home_score\":5,\"away_score\":11},{\"home_score\":5,\"away_score\":11}]', 'away', 'away', '[3.6068189999999998,4.43763,5.490287,\"-1:-2\"]', '2025-10-18 08:36:04', 3, NULL, NULL, NULL, NULL, '0', NULL, NULL, NULL, NULL, NULL, NULL, NULL, NULL, NULL, NULL, NULL, NULL),
(32, '2025-10-18 07:57:40', '2025-10-18 08:37:23', NULL, NULL, NULL, 17, 21, 3, 0, NULL, '2025-10-18 08:37:23', 'completed', NULL, 2, '[{\"home_score\":11,\"away_score\":2},{\"home_score\":11,\"away_score\":5},{\"home_score\":11,\"away_score\":4}]', 'away', 'away', '[4.002777,3.993355,5.654046999999999,\"-1:-2\"]', '2025-10-18 08:37:21', 3, NULL, NULL, NULL, NULL, '0', NULL, NULL, NULL, NULL, NULL, NULL, NULL, NULL, NULL, NULL, NULL, NULL),
(33, '2025-10-18 07:57:40', '2025-10-18 08:40:37', NULL, NULL, NULL, 18, 19, 0, 3, NULL, '2025-10-18 08:40:37', 'completed', NULL, 2, '[{\"home_score\":4,\"away_score\":11},{\"home_score\":5,\"away_score\":11},{\"home_score\":4,\"away_score\":11}]', 'home', 'home', '[6.261013,4.513515999999999,5.327156,\"-1:-2\"]', '2025-10-18 08:40:35', 3, NULL, NULL, NULL, NULL, '0', NULL, NULL, NULL, NULL, NULL, NULL, NULL, NULL, NULL, NULL, NULL, NULL),
(34, '2025-10-18 07:57:40', '2025-10-18 08:41:52', NULL, NULL, NULL, 17, 20, 0, 3, NULL, '2025-10-18 08:41:52', 'completed', NULL, 3, '[{\"home_score\":4,\"away_score\":11},{\"home_score\":4,\"away_score\":11},{\"home_score\":3,\"away_score\":11}]', 'home', 'home', '[4.426988000000001,3.112841,3.751319,\"-1:-2\"]', '2025-10-18 08:41:50', 3, NULL, NULL, NULL, NULL, '0', NULL, NULL, NULL, NULL, NULL, NULL, NULL, NULL, NULL, NULL, NULL, NULL),
(35, '2025-10-18 07:57:40', '2025-10-18 08:42:09', NULL, NULL, NULL, 21, 19, 3, 2, NULL, '2025-10-18 08:42:09', 'completed', NULL, 3, NULL, NULL, NULL, NULL, NULL, 3, NULL, NULL, NULL, NULL, '0', NULL, NULL, NULL, NULL, NULL, NULL, NULL, NULL, NULL, NULL, NULL, NULL),
(36, '2025-10-18 07:57:40', '2025-10-18 07:57:40', NULL, NULL, NULL, 17, 19, NULL, NULL, NULL, NULL, 'scheduled', NULL, 4, NULL, NULL, NULL, NULL, NULL, 3, NULL, NULL, NULL, NULL, '0', NULL, NULL, NULL, NULL, NULL, NULL, NULL, NULL, NULL, NULL, NULL, NULL),
(37, '2025-10-18 07:57:40', '2025-10-18 07:57:40', NULL, NULL, NULL, 20, 18, NULL, NULL, NULL, NULL, 'scheduled', NULL, 4, NULL, NULL, NULL, NULL, NULL, 3, NULL, NULL, NULL, NULL, '0', NULL, NULL, NULL, NULL, NULL, NULL, NULL, NULL, NULL, NULL, NULL, NULL),
(38, '2025-10-18 07:57:40', '2025-10-18 07:57:40', NULL, NULL, NULL, 17, 18, NULL, NULL, NULL, NULL, 'scheduled', NULL, 5, NULL, NULL, NULL, NULL, NULL, 3, NULL, NULL, NULL, NULL, '0', NULL, NULL, NULL, NULL, NULL, NULL, NULL, NULL, NULL, NULL, NULL, NULL),
(39, '2025-10-18 07:57:40', '2025-10-18 07:57:40', NULL, NULL, NULL, 20, 21, NULL, NULL, NULL, NULL, 'scheduled', NULL, 5, NULL, NULL, NULL, NULL, NULL, 3, NULL, NULL, NULL, NULL, '0', NULL, NULL, NULL, NULL, NULL, NULL, NULL, NULL, NULL, NULL, NULL, NULL),
(40, '2025-10-18 07:57:40', '2025-10-18 07:57:40', NULL, NULL, NULL, 21, 18, NULL, NULL, NULL, NULL, 'scheduled', NULL, 6, NULL, NULL, NULL, NULL, NULL, 3, NULL, NULL, NULL, NULL, '0', NULL, NULL, NULL, NULL, NULL, NULL, NULL, NULL, NULL, NULL, NULL, NULL),
(41, '2025-10-18 07:57:40', '2025-10-18 07:57:40', NULL, NULL, NULL, 20, 19, NULL, NULL, NULL, NULL, 'scheduled', NULL, 6, NULL, NULL, NULL, NULL, NULL, 3, NULL, NULL, NULL, NULL, '0', NULL, NULL, NULL, NULL, NULL, NULL, NULL, NULL, NULL, NULL, NULL, NULL),
(42, '2025-10-18 07:57:40', '2025-10-18 07:57:40', NULL, NULL, NULL, 21, 17, NULL, NULL, NULL, NULL, 'scheduled', NULL, 7, NULL, NULL, NULL, NULL, NULL, 3, NULL, NULL, NULL, NULL, '0', NULL, NULL, NULL, NULL, NULL, NULL, NULL, NULL, NULL, NULL, NULL, NULL),
(43, '2025-10-18 07:57:40', '2025-10-18 07:57:40', NULL, NULL, NULL, 19, 18, NULL, NULL, NULL, NULL, 'scheduled', NULL, 7, NULL, NULL, NULL, NULL, NULL, 3, NULL, NULL, NULL, NULL, '0', NULL, NULL, NULL, NULL, NULL, NULL, NULL, NULL, NULL, NULL, NULL, NULL),
(44, '2025-10-18 07:57:40', '2025-10-18 07:57:40', NULL, NULL, NULL, 20, 17, NULL, NULL, NULL, NULL, 'scheduled', NULL, 8, NULL, NULL, NULL, NULL, NULL, 3, NULL, NULL, NULL, NULL, '0', NULL, NULL, NULL, NULL, NULL, NULL, NULL, NULL, NULL, NULL, NULL, NULL),
(45, '2025-10-18 07:57:40', '2025-10-18 07:57:40', NULL, NULL, NULL, 19, 21, NULL, NULL, NULL, NULL, 'scheduled', NULL, 8, NULL, NULL, NULL, NULL, NULL, 3, NULL, NULL, NULL, NULL, '0', NULL, NULL, NULL, NULL, NULL, NULL, NULL, NULL, NULL, NULL, NULL, NULL),
(46, '2025-10-18 07:57:40', '2025-10-18 07:57:40', NULL, NULL, NULL, 19, 17, NULL, NULL, NULL, NULL, 'scheduled', NULL, 9, NULL, NULL, NULL, NULL, NULL, 3, NULL, NULL, NULL, NULL, '0', NULL, NULL, NULL, NULL, NULL, NULL, NULL, NULL, NULL, NULL, NULL, NULL),
(47, '2025-10-18 07:57:40', '2025-10-18 07:57:40', NULL, NULL, NULL, 18, 20, NULL, NULL, NULL, NULL, 'scheduled', NULL, 9, NULL, NULL, NULL, NULL, NULL, 3, NULL, NULL, NULL, NULL, '0', NULL, NULL, NULL, NULL, NULL, NULL, NULL, NULL, NULL, NULL, NULL, NULL),
(48, '2025-10-18 07:57:40', '2025-10-18 07:57:40', NULL, NULL, NULL, 18, 17, NULL, NULL, NULL, NULL, 'scheduled', NULL, 10, NULL, NULL, NULL, NULL, NULL, 3, NULL, NULL, NULL, NULL, '0', NULL, NULL, NULL, NULL, NULL, NULL, NULL, NULL, NULL, NULL, NULL, NULL),
(49, '2025-10-18 07:57:40', '2025-10-18 07:57:40', NULL, NULL, NULL, 21, 20, NULL, NULL, NULL, NULL, 'scheduled', NULL, 10, NULL, NULL, NULL, NULL, NULL, 3, NULL, NULL, NULL, NULL, '0', NULL, NULL, NULL, NULL, NULL, NULL, NULL, NULL, NULL, NULL, NULL, NULL),
(50, '2025-10-18 08:02:12', '2025-10-18 10:02:06', NULL, NULL, NULL, 21, 18, 3, 0, '2025-10-18 08:02:12', '2025-10-18 08:34:24', 'completed', NULL, 1, '[{\"home_score\":\"11\",\"away_score\":\"3\"},{\"home_score\":\"11\",\"away_score\":\"8\"},{\"home_score\":\"11\",\"away_score\":\"2\"}]', 'away', 'away', '[3.160815,13.715883,6.847316,\"-1:-3\"]', '2025-10-18 08:02:38', 4, 'group', 4, NULL, NULL, '0', NULL, NULL, NULL, NULL, NULL, NULL, NULL, NULL, NULL, NULL, NULL, NULL),
(51, '2025-10-18 08:02:12', '2025-10-18 10:02:06', NULL, NULL, NULL, 21, 19, 0, 3, '2025-10-18 08:02:12', '2025-10-18 08:34:19', 'completed', NULL, 1, '[{\"home_score\":\"5\",\"away_score\":\"11\"},{\"home_score\":\"6\",\"away_score\":\"11\"},{\"home_score\":\"6\",\"away_score\":\"11\"}]', 'home', 'home', '[4.616004,4.313033000000001,9.024977999999999,\"-1:-2\"]', '2025-10-18 08:06:52', 4, 'group', 4, NULL, NULL, '0', NULL, NULL, NULL, NULL, NULL, NULL, NULL, NULL, NULL, NULL, NULL, NULL),
(52, '2025-10-18 08:02:12', '2025-10-18 10:02:06', NULL, NULL, NULL, 18, 19, 0, 3, '2025-10-18 08:02:12', '2025-10-18 08:10:14', 'completed', NULL, 1, '[{\"home_score\":3,\"away_score\":11},{\"home_score\":5,\"away_score\":11},{\"home_score\":8,\"away_score\":11}]', 'away', 'away', '[5.487692,4.351408,5.758573999999999,\"-1:-3\"]', '2025-10-18 08:10:11', 4, 'group', 4, NULL, NULL, '0', NULL, NULL, NULL, NULL, NULL, NULL, NULL, NULL, NULL, NULL, NULL, NULL),
(53, '2025-10-18 08:02:12', '2025-10-18 10:02:06', NULL, NULL, NULL, 23, 17, 0, 3, '2025-10-18 08:02:12', '2025-10-18 08:23:35', 'completed', NULL, 1, '[{\"home_score\":5,\"away_score\":11},{\"home_score\":3,\"away_score\":11},{\"home_score\":5,\"away_score\":11}]', 'home', 'home', '[13.118675,4.742621,5.404085,\"-1:-2\"]', '2025-10-18 08:23:33', 4, 'group', 5, NULL, NULL, '0', NULL, NULL, NULL, NULL, NULL, NULL, NULL, NULL, NULL, NULL, NULL, NULL),
(54, '2025-10-18 08:02:12', '2025-10-18 10:02:06', NULL, NULL, NULL, 23, 20, 0, 3, '2025-10-18 08:02:12', '2025-10-18 08:24:37', 'completed', NULL, 1, '[{\"home_score\":4,\"away_score\":11},{\"home_score\":7,\"away_score\":11},{\"home_score\":6,\"away_score\":11}]', 'away', 'away', '[4.703464,5.620116,5.388372,\"-1:-2\"]', '2025-10-18 08:24:35', 4, 'group', 5, NULL, NULL, '0', NULL, NULL, NULL, NULL, NULL, NULL, NULL, NULL, NULL, NULL, NULL, NULL),
(55, '2025-10-18 08:02:12', '2025-10-18 10:02:06', NULL, NULL, NULL, 17, 20, 3, 1, '2025-10-18 08:02:12', '2025-10-18 08:34:09', 'completed', NULL, 1, '[{\"home_score\":\"11\",\"away_score\":\"8\"},{\"home_score\":\"11\",\"away_score\":\"9\"},{\"home_score\":\"9\",\"away_score\":\"11\"},{\"home_score\":\"12\",\"away_score\":\"10\"}]', NULL, NULL, NULL, NULL, 4, 'group', 5, NULL, NULL, '0', NULL, NULL, NULL, NULL, NULL, NULL, NULL, NULL, NULL, NULL, NULL, NULL),
(56, '2025-10-18 08:34:30', '2025-10-18 08:35:04', NULL, NULL, NULL, 21, 20, 1, 3, '2025-10-18 08:34:30', '2025-10-18 08:35:04', 'completed', NULL, 1, '[]', NULL, NULL, NULL, NULL, 4, 'knockout', NULL, 1, NULL, '0', NULL, NULL, NULL, NULL, NULL, NULL, NULL, NULL, NULL, NULL, NULL, NULL),
(57, '2025-10-18 08:34:30', '2025-10-18 08:35:11', NULL, NULL, NULL, 19, 17, 1, 3, '2025-10-18 08:34:30', '2025-10-18 08:35:11', 'completed', NULL, 1, '[]', NULL, NULL, NULL, NULL, 4, 'knockout', NULL, 1, NULL, '0', NULL, NULL, NULL, NULL, NULL, NULL, NULL, NULL, NULL, NULL, NULL, NULL),
(58, '2025-10-18 08:35:11', '2025-10-18 08:35:17', NULL, NULL, NULL, 20, 17, 2, 3, '2025-10-18 08:35:11', '2025-10-18 08:35:17', 'completed', NULL, 1, '[]', NULL, NULL, NULL, NULL, 4, 'knockout', NULL, 2, NULL, '0', NULL, NULL, NULL, NULL, NULL, NULL, NULL, NULL, NULL, NULL, NULL, NULL),
(59, '2025-10-18 08:44:44', '2025-10-18 10:02:06', NULL, NULL, NULL, 26, 22, 0, 3, '2025-10-18 08:44:44', '2025-10-18 08:45:24', 'completed', NULL, 1, '[{\"home_score\":7,\"away_score\":11},{\"home_score\":4,\"away_score\":11},{\"home_score\":5,\"away_score\":11}]', 'home', 'home', '[7.280685999999999,4.761578999999999,4.7654250000000005,\"-1:-3\"]', '2025-10-18 08:45:21', 5, 'group', 6, NULL, NULL, '0', NULL, NULL, NULL, NULL, NULL, NULL, NULL, NULL, NULL, NULL, NULL, NULL),
(60, '2025-10-18 08:44:44', '2025-10-18 10:02:06', NULL, NULL, NULL, 26, 18, 1, 3, '2025-10-18 08:44:44', '2025-10-18 08:45:33', 'completed', NULL, 1, '[]', NULL, NULL, NULL, NULL, 5, 'group', 6, NULL, NULL, '0', NULL, NULL, NULL, NULL, NULL, NULL, NULL, NULL, NULL, NULL, NULL, NULL),
(61, '2025-10-18 08:44:44', '2025-10-18 10:02:06', NULL, NULL, NULL, 22, 18, 3, 2, '2025-10-18 08:44:44', '2025-10-18 08:45:38', 'completed', NULL, 1, '[]', NULL, NULL, NULL, NULL, 5, 'group', 6, NULL, NULL, '0', NULL, NULL, NULL, NULL, NULL, NULL, NULL, NULL, NULL, NULL, NULL, NULL),
(62, '2025-10-18 08:44:44', '2025-10-18 10:02:06', NULL, NULL, NULL, 24, 19, 3, 1, '2025-10-18 08:44:44', '2025-10-18 08:45:44', 'completed', NULL, 1, '[]', NULL, NULL, NULL, NULL, 5, 'group', 7, NULL, NULL, '0', NULL, NULL, NULL, NULL, NULL, NULL, NULL, NULL, NULL, NULL, NULL, NULL),
(63, '2025-10-18 08:44:44', '2025-10-18 10:02:06', NULL, NULL, NULL, 24, 21, 3, 2, '2025-10-18 08:44:44', '2025-10-18 08:45:50', 'completed', NULL, 1, '[]', NULL, NULL, NULL, NULL, 5, 'group', 7, NULL, NULL, '0', NULL, NULL, NULL, NULL, NULL, NULL, NULL, NULL, NULL, NULL, NULL, NULL),
(64, '2025-10-18 08:44:44', '2025-10-18 10:02:06', NULL, NULL, NULL, 19, 21, 3, 1, '2025-10-18 08:44:44', '2025-10-18 08:45:55', 'completed', NULL, 1, '[]', NULL, NULL, NULL, NULL, 5, 'group', 7, NULL, NULL, '0', NULL, NULL, NULL, NULL, NULL, NULL, NULL, NULL, NULL, NULL, NULL, NULL),
(65, '2025-10-18 08:44:44', '2025-10-18 10:02:06', NULL, NULL, NULL, 23, 25, 3, 2, '2025-10-18 08:44:44', '2025-10-18 08:46:03', 'completed', NULL, 1, '[]', NULL, NULL, NULL, NULL, 5, 'group', 8, NULL, NULL, '0', NULL, NULL, NULL, NULL, NULL, NULL, NULL, NULL, NULL, NULL, NULL, NULL),
(66, '2025-10-18 08:44:44', '2025-10-18 10:02:06', NULL, NULL, NULL, 23, 17, 1, 3, '2025-10-18 08:44:44', '2025-10-18 08:46:10', 'completed', NULL, 1, '[]', NULL, NULL, NULL, NULL, 5, 'group', 8, NULL, NULL, '0', NULL, NULL, NULL, NULL, NULL, NULL, NULL, NULL, NULL, NULL, NULL, NULL),
(67, '2025-10-18 08:44:44', '2025-10-18 10:02:06', NULL, NULL, NULL, 25, 17, 1, 3, '2025-10-18 08:44:44', '2025-10-18 08:46:16', 'completed', NULL, 1, '[]', NULL, NULL, NULL, NULL, 5, 'group', 8, NULL, NULL, '0', NULL, NULL, NULL, NULL, NULL, NULL, NULL, NULL, NULL, NULL, NULL, NULL),
(84, '2025-10-18 09:06:56', '2025-10-18 09:07:02', NULL, NULL, NULL, 22, 19, 3, 1, '2025-10-18 09:06:56', '2025-10-18 09:07:02', 'completed', NULL, 1, '[]', NULL, NULL, NULL, NULL, 5, 'knockout', NULL, 1, NULL, '0', NULL, NULL, NULL, NULL, NULL, NULL, NULL, NULL, NULL, NULL, NULL, NULL),
(85, '2025-10-18 09:06:56', '2025-10-18 09:07:07', NULL, NULL, NULL, 17, 18, 3, 2, '2025-10-18 09:06:56', '2025-10-18 09:07:07', 'completed', NULL, 1, '[]', NULL, NULL, NULL, NULL, 5, 'knockout', NULL, 1, NULL, '0', NULL, NULL, NULL, NULL, NULL, NULL, NULL, NULL, NULL, NULL, NULL, NULL),
(86, '2025-10-18 09:06:56', '2025-10-18 09:07:10', NULL, NULL, NULL, 24, 23, 3, 1, '2025-10-18 09:06:56', '2025-10-18 09:07:10', 'completed', NULL, 1, '[]', NULL, NULL, NULL, NULL, 5, 'knockout', NULL, 1, NULL, '0', NULL, NULL, NULL, NULL, NULL, NULL, NULL, NULL, NULL, NULL, NULL, NULL),
(87, '2025-10-18 09:07:10', '2025-10-18 09:07:23', NULL, NULL, NULL, 22, 17, 1, 3, '2025-10-18 09:07:10', '2025-10-18 09:07:23', 'completed', NULL, 1, '[]', NULL, NULL, NULL, NULL, 5, 'knockout', NULL, 2, NULL, '0', NULL, NULL, NULL, NULL, NULL, NULL, NULL, NULL, NULL, NULL, NULL, NULL),
(88, '2025-10-18 09:07:10', '2025-10-18 09:07:10', NULL, NULL, NULL, 24, NULL, 1, 0, '2025-10-18 09:07:10', '2025-10-18 09:07:10', 'completed', NULL, 1, NULL, NULL, NULL, NULL, NULL, 5, 'knockout', NULL, 2, NULL, '1', NULL, NULL, NULL, NULL, NULL, NULL, NULL, NULL, NULL, NULL, NULL, NULL),
(89, '2025-10-18 09:07:23', '2025-10-18 09:07:29', NULL, NULL, NULL, 17, 24, 1, 3, '2025-10-18 09:07:23', '2025-10-18 09:07:29', 'completed', NULL, 1, '[]', NULL, NULL, NULL, NULL, 5, 'knockout', NULL, 3, NULL, '0', NULL, NULL, NULL, NULL, NULL, NULL, NULL, NULL, NULL, NULL, NULL, NULL),
(90, '2025-10-18 09:37:50', '2025-10-18 16:05:24', NULL, NULL, NULL, 3, 4, 3, 1, '2025-10-18 09:37:50', '2025-10-18 16:05:24', 'completed', NULL, 1, '[]', NULL, NULL, NULL, NULL, 7, 'group', 9, NULL, NULL, '0', NULL, NULL, NULL, NULL, NULL, NULL, NULL, NULL, NULL, NULL, NULL, NULL),
(91, '2025-10-18 09:37:50', '2025-10-18 23:04:15', NULL, NULL, NULL, 3, 9, 0, 3, '2025-10-18 09:37:50', '2025-10-18 23:04:15', 'completed', NULL, 1, '[{\"home_score\":\"11\",\"away_score\":\"13\"},{\"home_score\":5,\"away_score\":11},{\"home_score\":2,\"away_score\":11}]', 'away', 'away', '[25.131344000000002,5.232792000000001,\"-1:-2\"]', '2025-10-18 23:04:13', 7, 'group', 9, NULL, NULL, '0', NULL, NULL, NULL, NULL, NULL, NULL, NULL, NULL, NULL, NULL, NULL, NULL),
(92, '2025-10-18 09:37:50', '2025-10-18 10:02:06', NULL, NULL, NULL, 3, 16, 3, 2, '2025-10-18 09:37:50', '2025-10-18 09:38:12', 'completed', NULL, 1, '[]', NULL, NULL, NULL, NULL, 7, 'group', 9, NULL, NULL, '0', NULL, NULL, NULL, NULL, NULL, NULL, NULL, NULL, NULL, NULL, NULL, NULL),
(93, '2025-10-18 09:37:50', '2025-10-18 10:02:06', NULL, NULL, NULL, 4, 9, 3, 1, '2025-10-18 09:37:50', '2025-10-18 09:38:18', 'completed', NULL, 1, '[]', NULL, NULL, NULL, NULL, 7, 'group', 9, NULL, NULL, '0', NULL, NULL, NULL, NULL, NULL, NULL, NULL, NULL, NULL, NULL, NULL, NULL),
(94, '2025-10-18 09:37:50', '2025-10-18 10:02:06', NULL, NULL, NULL, 4, 16, 3, 2, '2025-10-18 09:37:50', '2025-10-18 09:38:24', 'completed', NULL, 1, '[]', NULL, NULL, NULL, NULL, 7, 'group', 9, NULL, NULL, '0', NULL, NULL, NULL, NULL, NULL, NULL, NULL, NULL, NULL, NULL, NULL, NULL),
(95, '2025-10-18 09:37:50', '2025-10-18 10:02:06', NULL, NULL, NULL, 9, 16, 2, 3, '2025-10-18 09:37:50', '2025-10-18 09:43:53', 'completed', NULL, 1, '[]', NULL, NULL, NULL, NULL, 7, 'group', 9, NULL, NULL, '0', NULL, NULL, NULL, NULL, NULL, NULL, NULL, NULL, NULL, NULL, NULL, NULL),
(96, '2025-10-18 09:37:50', '2025-10-18 10:02:06', NULL, NULL, NULL, 2, 1, 3, 1, '2025-10-18 09:37:50', '2025-10-18 09:38:41', 'completed', NULL, 1, '[]', NULL, NULL, NULL, NULL, 7, 'group', 10, NULL, NULL, '0', NULL, NULL, NULL, NULL, NULL, NULL, NULL, NULL, NULL, NULL, NULL, NULL),
(97, '2025-10-18 09:37:50', '2025-10-18 10:02:06', NULL, NULL, NULL, 2, 7, 3, 2, '2025-10-18 09:37:50', '2025-10-18 09:38:48', 'completed', NULL, 1, '[]', NULL, NULL, NULL, NULL, 7, 'group', 10, NULL, NULL, '0', NULL, NULL, NULL, NULL, NULL, NULL, NULL, NULL, NULL, NULL, NULL, NULL),
(98, '2025-10-18 09:37:50', '2025-10-18 10:02:06', NULL, NULL, NULL, 1, 7, 3, 1, '2025-10-18 09:37:50', '2025-10-18 09:38:54', 'completed', NULL, 1, '[]', NULL, NULL, NULL, NULL, 7, 'group', 10, NULL, NULL, '0', NULL, NULL, NULL, NULL, NULL, NULL, NULL, NULL, NULL, NULL, NULL, NULL),
(105, '2025-10-18 09:47:41', '2025-10-18 22:44:44', NULL, NULL, NULL, 1, 16, 2, 3, '2025-10-18 09:47:41', '2025-10-18 22:44:44', 'completed', NULL, 1, '[{\"home_score\":11,\"away_score\":6},{\"home_score\":5,\"away_score\":11},{\"home_score\":11,\"away_score\":7},{\"home_score\":7,\"away_score\":11},{\"home_score\":10,\"away_score\":12}]', 'away', 'away', '[3666.792607,106.432501,1187.535879,1879.318619,10138.14114,\"-1:-2\"]', '2025-10-18 22:44:42', 7, 'knockout', NULL, 1, NULL, '0', NULL, NULL, NULL, NULL, NULL, NULL, NULL, NULL, NULL, NULL, NULL, NULL),
(106, '2025-10-18 09:47:41', '2025-10-21 10:00:59', NULL, NULL, NULL, 2, 9, 2, 3, '2025-10-18 09:47:41', '2025-10-21 10:00:59', 'completed', NULL, 1, '[{\"home_score\":11,\"away_score\":0},{\"home_score\":10,\"away_score\":12},{\"home_score\":6,\"away_score\":11},{\"home_score\":11,\"away_score\":6},{\"home_score\":1,\"away_score\":11}]', 'home', 'home', '[8.321815,403.287516,210131.72125200002,22.523787,97.48797,\"-1:-9\"]', '2025-10-21 10:00:50', 7, 'knockout', NULL, 1, NULL, '0', NULL, NULL, NULL, NULL, NULL, NULL, NULL, NULL, NULL, NULL, NULL, NULL),
(186, '2025-10-21 10:00:59', '2025-10-21 10:31:33', NULL, NULL, NULL, 16, 9, 3, 0, '2025-10-21 10:00:59', '2025-10-21 10:31:33', 'completed', NULL, 1, '[{\"home_score\":11,\"away_score\":7},{\"home_score\":11,\"away_score\":2},{\"home_score\":11,\"away_score\":0}]', 'away', 'away', '[11.846862999999999,78.743374,13.866225,\"-1:-9\"]', '2025-10-21 10:02:57', 7, 'knockout', NULL, 2, NULL, '0', NULL, NULL, NULL, NULL, NULL, NULL, NULL, NULL, NULL, NULL, NULL, NULL),
(204, '2025-10-21 12:10:05', '2025-10-23 12:20:13', NULL, NULL, NULL, 5, 2, 3, 2, '2025-10-21 12:10:05', '2025-10-23 10:38:57', 'completed', NULL, 1, NULL, 'away', 'away', NULL, '2025-10-23 10:38:57', 9, NULL, 35, NULL, NULL, '0', NULL, NULL, NULL, NULL, NULL, 2, 2, NULL, NULL, NULL, NULL, NULL),
(205, '2025-10-21 12:10:05', '2025-10-23 11:47:35', NULL, NULL, NULL, 5, 6, 2, 3, '2025-10-21 12:10:05', '2025-10-23 11:47:35', 'completed', NULL, 1, '[{\"home_score\":7,\"away_score\":11},{\"home_score\":11,\"away_score\":7},{\"home_score\":2,\"away_score\":11},{\"home_score\":11,\"away_score\":1},{\"home_score\":8,\"away_score\":11}]', 'home', 'home', '[82.274367,101.461258,37.007965,1712.823878,66.945929,\"-1:-15\"]', '2025-10-23 11:47:20', 9, NULL, 35, NULL, NULL, '0', NULL, NULL, NULL, NULL, NULL, 1, 2, NULL, NULL, NULL, NULL, NULL),
(206, '2025-10-21 12:10:05', '2025-10-21 18:05:14', NULL, NULL, NULL, 2, 6, 2, 8, '2025-10-21 12:10:05', '2025-10-21 18:04:46', 'completed', NULL, 1, '[{\"home_score\":8,\"away_score\":11},{\"home_score\":2,\"away_score\":11}]', 'home', 'home', '[10323.773055,9.478796]', '2025-10-21 18:04:10', 9, NULL, 35, NULL, NULL, '0', NULL, NULL, NULL, NULL, NULL, NULL, NULL, NULL, NULL, NULL, NULL, NULL),
(207, '2025-10-21 12:10:05', '2025-10-23 09:48:22', NULL, NULL, NULL, 3, 1, 3, 0, '2025-10-21 12:10:05', '2025-10-23 09:48:22', 'completed', NULL, 1, '[{\"home_score\":\"11\",\"away_score\":\"2\"},{\"home_score\":\"11\",\"away_score\":\"3\"},{\"home_score\":\"11\",\"away_score\":\"8\"}]', 'home', 'home', '[10392.096120999999,17.184922999999998,20.062368,\"-1:-8\"]', '2025-10-21 18:06:31', 9, NULL, 36, NULL, NULL, '0', NULL, NULL, NULL, NULL, NULL, 2, 2, NULL, NULL, NULL, NULL, NULL),
(208, '2025-10-21 12:10:05', '2025-10-23 09:53:18', NULL, NULL, NULL, 3, 4, 3, 1, '2025-10-21 12:10:05', '2025-10-23 09:53:18', 'completed', NULL, 1, '[{\"home_score\":\"12\",\"away_score\":\"10\"},{\"home_score\":\"11\",\"away_score\":\"6\"},{\"home_score\":\"9\",\"away_score\":\"11\"},{\"home_score\":\"11\",\"away_score\":\"5\"}]', NULL, NULL, NULL, NULL, 9, NULL, 36, NULL, NULL, '0', NULL, NULL, NULL, NULL, NULL, 1, 2, NULL, NULL, NULL, NULL, NULL),
(209, '2025-10-21 12:10:05', '2025-10-24 11:17:14', NULL, NULL, NULL, 1, 4, 3, 2, '2025-10-21 12:10:05', '2025-10-24 11:17:14', 'completed', NULL, 1, NULL, 'away', 'away', '[2.621622,2.510018,4.824044,\"-1:-4\"]', '2025-10-24 06:23:51', 9, NULL, 36, NULL, NULL, '0', NULL, NULL, NULL, NULL, NULL, 1, 2, NULL, NULL, NULL, NULL, NULL),
(344, '2025-10-24 07:39:26', '2025-10-24 11:43:18', NULL, NULL, NULL, 7, 13, 3, 1, NULL, '2025-10-24 11:43:18', 'completed', NULL, 1, '[{\"home_score\":\"11\",\"away_score\":\"2\"},{\"home_score\":\"11\",\"away_score\":\"7\"},{\"home_score\":\"8\",\"away_score\":\"11\"},{\"home_score\":\"11\",\"away_score\":\"9\"}]', NULL, NULL, NULL, NULL, 11, 'groups', 62, 1, NULL, '0', NULL, NULL, NULL, NULL, NULL, NULL, NULL, NULL, NULL, NULL, NULL, NULL),
(345, '2025-10-24 07:39:26', '2025-10-24 08:43:14', NULL, NULL, NULL, 2, 10, 3, 1, NULL, '2025-10-24 08:43:14', 'completed', NULL, 1, '[]', NULL, NULL, NULL, NULL, 11, 'groups', 62, 1, NULL, '0', NULL, NULL, NULL, NULL, NULL, NULL, NULL, NULL, NULL, NULL, NULL, NULL),
(346, '2025-10-24 07:39:26', '2025-10-24 08:44:07', NULL, NULL, NULL, 7, 2, 3, 2, NULL, '2025-10-24 08:44:07', 'completed', NULL, 1, '[]', NULL, NULL, NULL, NULL, 11, 'groups', 62, 2, NULL, '0', NULL, NULL, NULL, NULL, NULL, NULL, NULL, NULL, NULL, NULL, NULL, NULL),
(347, '2025-10-24 07:39:26', '2025-10-24 08:44:48', NULL, NULL, NULL, 10, 13, 3, 1, NULL, '2025-10-24 08:44:48', 'completed', NULL, 1, '[{\"home\":\"11\",\"away\":\"6\"},{\"home\":\"7\",\"away\":\"11\"},{\"home\":\"11\",\"away\":\"9\"},{\"home\":\"11\",\"away\":\"7\"}]', NULL, NULL, NULL, NULL, 11, 'groups', 62, 2, NULL, '0', NULL, NULL, NULL, NULL, NULL, NULL, NULL, NULL, NULL, NULL, NULL, NULL),
(348, '2025-10-24 07:39:26', '2025-10-24 08:46:05', NULL, NULL, NULL, 7, 10, 3, 1, NULL, '2025-10-24 08:46:05', 'completed', NULL, 1, NULL, NULL, NULL, NULL, NULL, 11, 'groups', 62, 3, NULL, '0', NULL, NULL, NULL, NULL, NULL, 1, 2, NULL, NULL, NULL, NULL, NULL),
(349, '2025-10-24 07:39:26', '2025-10-24 08:46:14', NULL, NULL, NULL, 13, 2, 3, 2, NULL, '2025-10-24 08:46:14', 'completed', NULL, 1, '[]', NULL, NULL, NULL, NULL, 11, 'groups', 62, 3, NULL, '0', NULL, NULL, NULL, NULL, NULL, NULL, NULL, NULL, NULL, NULL, NULL, NULL),
(350, '2025-10-24 07:39:26', '2025-10-24 08:46:56', NULL, NULL, NULL, 6, 16, 2, 3, NULL, '2025-10-24 08:46:56', 'completed', NULL, 1, '[]', NULL, NULL, NULL, NULL, 11, 'groups', 63, 1, NULL, '0', NULL, NULL, NULL, NULL, NULL, NULL, NULL, NULL, NULL, NULL, NULL, NULL),
(351, '2025-10-24 07:39:26', '2025-10-24 08:47:05', NULL, NULL, NULL, 15, 12, 3, 2, NULL, '2025-10-24 08:47:05', 'completed', NULL, 1, '[]', NULL, NULL, NULL, NULL, 11, 'groups', 63, 1, NULL, '0', NULL, NULL, NULL, NULL, NULL, NULL, NULL, NULL, NULL, NULL, NULL, NULL),
(352, '2025-10-24 07:39:26', '2025-10-24 08:47:12', NULL, NULL, NULL, 6, 15, 3, 1, NULL, '2025-10-24 08:47:12', 'completed', NULL, 1, '[]', NULL, NULL, NULL, NULL, 11, 'groups', 63, 2, NULL, '0', NULL, NULL, NULL, NULL, NULL, NULL, NULL, NULL, NULL, NULL, NULL, NULL),
(353, '2025-10-24 07:39:26', '2025-10-24 08:47:19', NULL, NULL, NULL, 12, 16, 3, 2, NULL, '2025-10-24 08:47:19', 'completed', NULL, 1, '[]', NULL, NULL, NULL, NULL, 11, 'groups', 63, 2, NULL, '0', NULL, NULL, NULL, NULL, NULL, NULL, NULL, NULL, NULL, NULL, NULL, NULL),
(354, '2025-10-24 07:39:26', '2025-10-24 08:47:26', NULL, NULL, NULL, 6, 12, 2, 3, NULL, '2025-10-24 08:47:26', 'completed', NULL, 1, '[]', NULL, NULL, NULL, NULL, 11, 'groups', 63, 3, NULL, '0', NULL, NULL, NULL, NULL, NULL, NULL, NULL, NULL, NULL, NULL, NULL, NULL),
(355, '2025-10-24 07:39:26', '2025-10-24 08:47:34', NULL, NULL, NULL, 16, 15, 2, 3, NULL, '2025-10-24 08:47:34', 'completed', NULL, 1, '[]', NULL, NULL, NULL, NULL, 11, 'groups', 63, 3, NULL, '0', NULL, NULL, NULL, NULL, NULL, NULL, NULL, NULL, NULL, NULL, NULL, NULL),
(356, '2025-10-24 07:39:26', '2025-10-24 08:48:20', NULL, NULL, NULL, 3, 11, 3, 0, NULL, '2025-10-24 08:48:20', 'completed', NULL, 1, '[]', NULL, NULL, NULL, NULL, 11, 'groups', 64, 1, NULL, '0', NULL, NULL, NULL, NULL, NULL, NULL, NULL, NULL, NULL, NULL, NULL, NULL),
(357, '2025-10-24 07:39:26', '2025-10-24 08:48:11', NULL, NULL, NULL, 3, 4, 3, 1, NULL, '2025-10-24 08:48:11', 'completed', NULL, 1, '[]', NULL, NULL, NULL, NULL, 11, 'groups', 64, 2, NULL, '0', NULL, NULL, NULL, NULL, NULL, NULL, NULL, NULL, NULL, NULL, NULL, NULL),
(358, '2025-10-24 07:39:26', '2025-10-24 08:48:29', NULL, NULL, NULL, 11, 4, 3, 0, NULL, '2025-10-24 08:48:29', 'completed', NULL, 1, '[]', NULL, NULL, NULL, NULL, 11, 'groups', 64, 3, NULL, '0', NULL, NULL, NULL, NULL, NULL, NULL, NULL, NULL, NULL, NULL, NULL, NULL),
(359, '2025-10-24 07:39:26', '2025-10-24 08:48:44', NULL, NULL, NULL, 9, 1, 3, 2, NULL, '2025-10-24 08:48:44', 'completed', NULL, 1, '[]', NULL, NULL, NULL, NULL, 11, 'groups', 65, 1, NULL, '0', NULL, NULL, NULL, NULL, NULL, NULL, NULL, NULL, NULL, NULL, NULL, NULL),
(360, '2025-10-24 07:39:26', '2025-10-24 08:48:53', NULL, NULL, NULL, 9, 14, 1, 3, NULL, '2025-10-24 08:48:53', 'completed', NULL, 1, '[]', NULL, NULL, NULL, NULL, 11, 'groups', 65, 2, NULL, '0', NULL, NULL, NULL, NULL, NULL, NULL, NULL, NULL, NULL, NULL, NULL, NULL),
(361, '2025-10-24 07:39:26', '2025-10-24 08:49:01', NULL, NULL, NULL, 1, 14, 3, 2, NULL, '2025-10-24 08:49:01', 'completed', NULL, 1, '[]', NULL, NULL, NULL, NULL, 11, 'groups', 65, 3, NULL, '0', NULL, NULL, NULL, NULL, NULL, NULL, NULL, NULL, NULL, NULL, NULL, NULL),
(362, '2025-10-24 07:39:26', '2025-10-24 08:49:11', NULL, NULL, NULL, 5, 28, 1, 3, NULL, '2025-10-24 08:49:11', 'completed', NULL, 1, '[]', NULL, NULL, NULL, NULL, 11, 'groups', 66, 1, NULL, '0', NULL, NULL, NULL, NULL, NULL, NULL, NULL, NULL, NULL, NULL, NULL, NULL),
(363, '2025-10-24 07:39:26', '2025-10-24 08:49:22', NULL, NULL, NULL, 5, 8, 3, 2, NULL, '2025-10-24 08:49:22', 'completed', NULL, 1, '[]', NULL, NULL, NULL, NULL, 11, 'groups', 66, 2, NULL, '0', NULL, NULL, NULL, NULL, NULL, NULL, NULL, NULL, NULL, NULL, NULL, NULL),
(364, '2025-10-24 07:39:26', '2025-10-24 08:49:30', NULL, NULL, NULL, 28, 8, 3, 1, NULL, '2025-10-24 08:49:30', 'completed', NULL, 1, '[]', NULL, NULL, NULL, NULL, 11, 'groups', 66, 3, NULL, '0', NULL, NULL, NULL, NULL, NULL, NULL, NULL, NULL, NULL, NULL, NULL, NULL),
(370, '2025-10-24 11:18:56', '2025-10-24 11:19:09', NULL, NULL, NULL, 3, 5, 3, 2, NULL, '2025-10-24 11:19:09', 'completed', NULL, 1, '[]', NULL, NULL, NULL, NULL, 9, 'knockout', NULL, NULL, NULL, '0', NULL, NULL, NULL, NULL, NULL, NULL, NULL, NULL, NULL, NULL, NULL, NULL),
(371, '2025-10-24 11:18:56', '2025-10-24 11:19:17', NULL, NULL, NULL, 6, 1, 3, 1, NULL, '2025-10-24 11:19:17', 'completed', NULL, 1, '[]', NULL, NULL, NULL, NULL, 9, 'knockout', NULL, NULL, NULL, '0', NULL, NULL, NULL, NULL, NULL, NULL, NULL, NULL, NULL, NULL, NULL, NULL),
(372, '2025-10-24 11:19:17', '2025-10-24 11:19:36', NULL, NULL, NULL, 3, 6, 2, 3, '2025-10-24 11:19:17', '2025-10-24 11:19:36', 'completed', NULL, 1, '[]', NULL, NULL, NULL, NULL, 9, 'knockout', NULL, 1, NULL, '0', NULL, NULL, NULL, NULL, NULL, NULL, NULL, NULL, NULL, NULL, NULL, NULL),
(405, '2025-10-24 12:16:07', '2025-10-24 12:16:31', NULL, NULL, NULL, 1, 5, 3, 2, NULL, '2025-10-24 12:16:31', 'completed', NULL, 1, '[]', NULL, NULL, NULL, NULL, 11, 'knockout', NULL, NULL, NULL, '0', NULL, NULL, NULL, NULL, NULL, NULL, NULL, NULL, NULL, NULL, NULL, NULL),
(406, '2025-10-24 12:16:07', '2025-10-24 12:16:07', NULL, NULL, NULL, 7, NULL, 1, 0, NULL, '2025-10-24 12:16:07', 'completed', NULL, 1, NULL, NULL, NULL, NULL, NULL, 11, 'knockout', NULL, NULL, NULL, '1', NULL, NULL, NULL, NULL, NULL, NULL, NULL, NULL, NULL, NULL, NULL, NULL),
(407, '2025-10-24 12:16:07', '2025-10-24 12:16:07', NULL, NULL, NULL, 2, NULL, 1, 0, NULL, '2025-10-24 12:16:07', 'completed', NULL, 1, NULL, NULL, NULL, NULL, NULL, 11, 'knockout', NULL, NULL, NULL, '1', NULL, NULL, NULL, NULL, NULL, NULL, NULL, NULL, NULL, NULL, NULL, NULL),
(408, '2025-10-24 12:16:07', '2025-10-24 12:16:07', NULL, NULL, NULL, 28, NULL, 1, 0, NULL, '2025-10-24 12:16:07', 'completed', NULL, 1, NULL, NULL, NULL, NULL, NULL, 11, 'knockout', NULL, NULL, NULL, '1', NULL, NULL, NULL, NULL, NULL, NULL, NULL, NULL, NULL, NULL, NULL, NULL),
(409, '2025-10-24 12:16:07', '2025-10-24 12:16:24', NULL, NULL, NULL, 15, 14, 3, 1, NULL, '2025-10-24 12:16:24', 'completed', NULL, 1, '[]', NULL, NULL, NULL, NULL, 11, 'knockout', NULL, NULL, NULL, '0', NULL, NULL, NULL, NULL, NULL, NULL, NULL, NULL, NULL, NULL, NULL, NULL),
(410, '2025-10-24 12:16:07', '2025-10-24 12:16:07', NULL, NULL, NULL, 12, NULL, 1, 0, NULL, '2025-10-24 12:16:07', 'completed', NULL, 1, NULL, NULL, NULL, NULL, NULL, 11, 'knockout', NULL, NULL, NULL, '1', NULL, NULL, NULL, NULL, NULL, NULL, NULL, NULL, NULL, NULL, NULL, NULL),
(411, '2025-10-24 12:16:07', '2025-10-24 12:16:07', NULL, NULL, NULL, 3, NULL, 1, 0, NULL, '2025-10-24 12:16:07', 'completed', NULL, 1, NULL, NULL, NULL, NULL, NULL, 11, 'knockout', NULL, NULL, NULL, '1', NULL, NULL, NULL, NULL, NULL, NULL, NULL, NULL, NULL, NULL, NULL, NULL),
(412, '2025-10-24 12:16:07', '2025-10-24 12:16:07', NULL, NULL, NULL, 11, NULL, 1, 0, NULL, '2025-10-24 12:16:07', 'completed', NULL, 1, NULL, NULL, NULL, NULL, NULL, 11, 'knockout', NULL, NULL, NULL, '1', NULL, NULL, NULL, NULL, NULL, NULL, NULL, NULL, NULL, NULL, NULL, NULL),
(413, '2025-10-24 12:16:31', '2025-10-24 12:17:13', NULL, NULL, NULL, 7, 2, 3, 1, '2025-10-24 12:16:31', '2025-10-24 12:17:13', 'completed', NULL, 1, '[]', NULL, NULL, NULL, NULL, 11, 'knockout', NULL, 1, NULL, '0', NULL, NULL, NULL, NULL, NULL, NULL, NULL, NULL, NULL, NULL, NULL, NULL),
(414, '2025-10-24 12:16:31', '2025-10-24 12:17:23', NULL, NULL, NULL, 28, 12, 3, 2, '2025-10-24 12:16:31', '2025-10-24 12:17:23', 'completed', NULL, 1, '[]', NULL, NULL, NULL, NULL, 11, 'knockout', NULL, 1, NULL, '0', NULL, NULL, NULL, NULL, NULL, NULL, NULL, NULL, NULL, NULL, NULL, NULL),
(415, '2025-10-24 12:16:31', '2025-10-24 12:17:33', NULL, NULL, NULL, 3, 11, 2, 3, '2025-10-24 12:16:31', '2025-10-24 12:17:33', 'completed', NULL, 1, '[]', NULL, NULL, NULL, NULL, 11, 'knockout', NULL, 1, NULL, '0', NULL, NULL, NULL, NULL, NULL, NULL, NULL, NULL, NULL, NULL, NULL, NULL),
(416, '2025-10-24 12:16:31', '2025-10-24 12:17:40', NULL, NULL, NULL, 15, 1, 3, 1, '2025-10-24 12:16:31', '2025-10-24 12:17:40', 'completed', NULL, 1, '[]', NULL, NULL, NULL, NULL, 11, 'knockout', NULL, 1, NULL, '0', NULL, NULL, NULL, NULL, NULL, NULL, NULL, NULL, NULL, NULL, NULL, NULL),
(417, '2025-10-24 12:17:40', '2025-10-24 12:17:50', NULL, NULL, NULL, 7, 28, 3, 1, '2025-10-24 12:17:40', '2025-10-24 12:17:50', 'completed', NULL, 1, '[]', NULL, NULL, NULL, NULL, 11, 'knockout', NULL, 2, NULL, '0', NULL, NULL, NULL, NULL, NULL, NULL, NULL, NULL, NULL, NULL, NULL, NULL),
(418, '2025-10-24 12:17:40', '2025-10-24 12:18:24', NULL, NULL, NULL, 11, 15, 3, 0, '2025-10-24 12:17:40', '2025-10-24 12:18:24', 'completed', NULL, 1, '[{\"home\":\"11\",\"away\":\"8\"},{\"home\":\"12\",\"away\":\"10\"},{\"home\":\"11\",\"away\":\"9\"}]', NULL, NULL, NULL, NULL, 11, 'knockout', NULL, 2, NULL, '0', NULL, NULL, NULL, NULL, NULL, NULL, NULL, NULL, NULL, NULL, NULL, NULL),
(419, '2025-10-24 12:18:24', '2025-10-24 12:19:02', NULL, NULL, NULL, 7, 11, 3, 2, '2025-10-24 12:18:24', '2025-10-24 12:19:02', 'completed', NULL, 1, '[{\"home\":\"11\",\"away\":\"8\"},{\"home\":\"9\",\"away\":\"11\"},{\"home\":\"12\",\"away\":\"19\"},{\"home\":\"7\",\"away\":\"11\"},{\"home\":\"11\",\"away\":\"7\"}]', NULL, NULL, NULL, NULL, 11, 'knockout', NULL, 3, NULL, '0', NULL, NULL, NULL, NULL, NULL, NULL, NULL, NULL, NULL, NULL, NULL, NULL),
(768, '2025-10-24 22:47:20', '2025-10-24 22:48:29', NULL, NULL, NULL, 84, 79, 3, 0, NULL, '2025-10-24 20:19:29', 'completed', NULL, 1, '[{\"home\":11,\"away\":5},{\"home\":11,\"away\":7},{\"home\":11,\"away\":8}]', NULL, NULL, NULL, NULL, 17, 'groups', 105, 1, NULL, '0', NULL, NULL, NULL, NULL, NULL, NULL, NULL, NULL, NULL, NULL, NULL, NULL),
(769, '2025-10-24 22:47:20', '2025-10-24 22:48:29', NULL, NULL, NULL, 68, 69, 3, 2, NULL, '2025-10-24 21:35:29', 'completed', NULL, 1, '[{\"home\":11,\"away\":8},{\"home\":11,\"away\":6},{\"home\":11,\"away\":9},{\"home\":8,\"away\":11},{\"home\":7,\"away\":11}]', NULL, NULL, NULL, NULL, 17, 'groups', 105, 1, NULL, '0', NULL, NULL, NULL, NULL, NULL, NULL, NULL, NULL, NULL, NULL, NULL, NULL),
(770, '2025-10-24 22:47:20', '2025-10-24 22:48:29', NULL, NULL, NULL, 84, 69, 2, 3, NULL, '2025-10-24 18:25:29', 'completed', NULL, 1, '[{\"home\":11,\"away\":6},{\"home\":11,\"away\":6},{\"home\":9,\"away\":11},{\"home\":8,\"away\":11},{\"home\":5,\"away\":11}]', NULL, NULL, NULL, NULL, 17, 'groups', 105, 2, NULL, '0', NULL, NULL, NULL, NULL, NULL, NULL, NULL, NULL, NULL, NULL, NULL, NULL),
(771, '2025-10-24 22:47:20', '2025-10-24 22:48:29', NULL, NULL, NULL, 79, 68, 2, 3, NULL, '2025-10-24 18:06:29', 'completed', NULL, 1, '[{\"home\":11,\"away\":6},{\"home\":7,\"away\":11},{\"home\":5,\"away\":11},{\"home\":11,\"away\":5},{\"home\":8,\"away\":11}]', NULL, NULL, NULL, NULL, 17, 'groups', 105, 2, NULL, '0', NULL, NULL, NULL, NULL, NULL, NULL, NULL, NULL, NULL, NULL, NULL, NULL),
(772, '2025-10-24 22:47:20', '2025-10-24 22:48:29', NULL, NULL, NULL, 84, 68, 3, 2, NULL, '2025-10-24 21:23:29', 'completed', NULL, 1, '[{\"home\":9,\"away\":11},{\"home\":11,\"away\":9},{\"home\":7,\"away\":11},{\"home\":11,\"away\":8},{\"home\":11,\"away\":8}]', NULL, NULL, NULL, NULL, 17, 'groups', 105, 3, NULL, '0', NULL, NULL, NULL, NULL, NULL, NULL, NULL, NULL, NULL, NULL, NULL, NULL),
(773, '2025-10-24 22:47:20', '2025-10-24 22:48:29', NULL, NULL, NULL, 69, 79, 2, 3, NULL, '2025-10-24 21:19:29', 'completed', NULL, 1, '[{\"home\":7,\"away\":11},{\"home\":11,\"away\":6},{\"home\":6,\"away\":11},{\"home\":5,\"away\":11},{\"home\":11,\"away\":6}]', NULL, NULL, NULL, NULL, 17, 'groups', 105, 3, NULL, '0', NULL, NULL, NULL, NULL, NULL, NULL, NULL, NULL, NULL, NULL, NULL, NULL),
(774, '2025-10-24 22:47:20', '2025-10-24 22:48:29', NULL, NULL, NULL, 78, 72, 3, 0, NULL, '2025-10-24 17:53:29', 'completed', NULL, 1, '[{\"home\":11,\"away\":6},{\"home\":11,\"away\":8},{\"home\":11,\"away\":9}]', NULL, NULL, NULL, NULL, 17, 'groups', 106, 1, NULL, '0', NULL, NULL, NULL, NULL, NULL, NULL, NULL, NULL, NULL, NULL, NULL, NULL),
(775, '2025-10-24 22:47:20', '2025-10-24 22:48:29', NULL, NULL, NULL, 70, 71, 2, 3, NULL, '2025-10-24 18:13:29', 'completed', NULL, 1, '[{\"home\":6,\"away\":11},{\"home\":11,\"away\":9},{\"home\":11,\"away\":8},{\"home\":9,\"away\":11},{\"home\":8,\"away\":11}]', NULL, NULL, NULL, NULL, 17, 'groups', 106, 1, NULL, '0', NULL, NULL, NULL, NULL, NULL, NULL, NULL, NULL, NULL, NULL, NULL, NULL),
(776, '2025-10-24 22:47:20', '2025-10-24 22:48:29', NULL, NULL, NULL, 78, 71, 0, 3, NULL, '2025-10-24 20:42:29', 'completed', NULL, 1, '[{\"home\":5,\"away\":11},{\"home\":6,\"away\":11},{\"home\":5,\"away\":11}]', NULL, NULL, NULL, NULL, 17, 'groups', 106, 2, NULL, '0', NULL, NULL, NULL, NULL, NULL, NULL, NULL, NULL, NULL, NULL, NULL, NULL),
(777, '2025-10-24 22:47:20', '2025-10-24 22:48:29', NULL, NULL, NULL, 72, 70, 3, 2, NULL, '2025-10-24 17:51:29', 'completed', NULL, 1, '[{\"home\":5,\"away\":11},{\"home\":11,\"away\":5},{\"home\":5,\"away\":11},{\"home\":11,\"away\":7},{\"home\":11,\"away\":8}]', NULL, NULL, NULL, NULL, 17, 'groups', 106, 2, NULL, '0', NULL, NULL, NULL, NULL, NULL, NULL, NULL, NULL, NULL, NULL, NULL, NULL),
(778, '2025-10-24 22:47:20', '2025-10-24 22:48:29', NULL, NULL, NULL, 78, 70, 3, 2, NULL, '2025-10-24 19:31:29', 'completed', NULL, 1, '[{\"home\":9,\"away\":11},{\"home\":11,\"away\":8},{\"home\":7,\"away\":11},{\"home\":11,\"away\":8},{\"home\":11,\"away\":6}]', NULL, NULL, NULL, NULL, 17, 'groups', 106, 3, NULL, '0', NULL, NULL, NULL, NULL, NULL, NULL, NULL, NULL, NULL, NULL, NULL, NULL),
(779, '2025-10-24 22:47:20', '2025-10-24 22:48:29', NULL, NULL, NULL, 71, 72, 0, 3, NULL, '2025-10-24 21:53:29', 'completed', NULL, 1, '[{\"home\":9,\"away\":11},{\"home\":7,\"away\":11},{\"home\":7,\"away\":11}]', NULL, NULL, NULL, NULL, 17, 'groups', 106, 3, NULL, '0', NULL, NULL, NULL, NULL, NULL, NULL, NULL, NULL, NULL, NULL, NULL, NULL),
(780, '2025-10-24 22:47:20', '2025-10-24 22:48:29', NULL, NULL, NULL, 86, 73, 0, 3, NULL, '2025-10-24 20:18:29', 'completed', NULL, 1, '[{\"home\":8,\"away\":11},{\"home\":5,\"away\":11},{\"home\":9,\"away\":11}]', NULL, NULL, NULL, NULL, 17, 'groups', 107, 1, NULL, '0', NULL, NULL, NULL, NULL, NULL, NULL, NULL, NULL, NULL, NULL, NULL, NULL),
(781, '2025-10-24 22:47:20', '2025-10-24 22:48:29', NULL, NULL, NULL, 85, 74, 3, 0, NULL, '2025-10-24 22:17:29', 'completed', NULL, 1, '[{\"home\":11,\"away\":8},{\"home\":11,\"away\":8},{\"home\":11,\"away\":7}]', NULL, NULL, NULL, NULL, 17, 'groups', 107, 1, NULL, '0', NULL, NULL, NULL, NULL, NULL, NULL, NULL, NULL, NULL, NULL, NULL, NULL),
(782, '2025-10-24 22:47:20', '2025-10-24 22:48:29', NULL, NULL, NULL, 86, 74, 3, 0, NULL, '2025-10-24 21:53:29', 'completed', NULL, 1, '[{\"home\":11,\"away\":5},{\"home\":11,\"away\":8},{\"home\":11,\"away\":5}]', NULL, NULL, NULL, NULL, 17, 'groups', 107, 2, NULL, '0', NULL, NULL, NULL, NULL, NULL, NULL, NULL, NULL, NULL, NULL, NULL, NULL),
(783, '2025-10-24 22:47:20', '2025-10-24 22:48:29', NULL, NULL, NULL, 73, 85, 2, 3, NULL, '2025-10-24 20:07:29', 'completed', NULL, 1, '[{\"home\":5,\"away\":11},{\"home\":11,\"away\":7},{\"home\":9,\"away\":11},{\"home\":11,\"away\":5},{\"home\":5,\"away\":11}]', NULL, NULL, NULL, NULL, 17, 'groups', 107, 2, NULL, '0', NULL, NULL, NULL, NULL, NULL, NULL, NULL, NULL, NULL, NULL, NULL, NULL),
(784, '2025-10-24 22:47:20', '2025-10-24 22:48:29', NULL, NULL, NULL, 86, 85, 3, 1, NULL, '2025-10-24 19:56:29', 'completed', NULL, 1, '[{\"home\":11,\"away\":7},{\"home\":11,\"away\":6},{\"home\":11,\"away\":9},{\"home\":9,\"away\":11}]', NULL, NULL, NULL, NULL, 17, 'groups', 107, 3, NULL, '0', NULL, NULL, NULL, NULL, NULL, NULL, NULL, NULL, NULL, NULL, NULL, NULL),
(785, '2025-10-24 22:47:20', '2025-10-24 22:48:29', NULL, NULL, NULL, 74, 73, 2, 3, NULL, '2025-10-24 22:04:29', 'completed', NULL, 1, '[{\"home\":11,\"away\":9},{\"home\":9,\"away\":11},{\"home\":11,\"away\":8},{\"home\":5,\"away\":11},{\"home\":8,\"away\":11}]', NULL, NULL, NULL, NULL, 17, 'groups', 107, 3, NULL, '0', NULL, NULL, NULL, NULL, NULL, NULL, NULL, NULL, NULL, NULL, NULL, NULL),
(786, '2025-10-24 22:47:20', '2025-10-24 22:48:29', NULL, NULL, NULL, 75, 76, 3, 0, NULL, '2025-10-24 19:51:29', 'completed', NULL, 1, '[{\"home\":11,\"away\":7},{\"home\":11,\"away\":9},{\"home\":11,\"away\":5}]', NULL, NULL, NULL, NULL, 17, 'groups', 108, 1, NULL, '0', NULL, NULL, NULL, NULL, NULL, NULL, NULL, NULL, NULL, NULL, NULL, NULL),
(787, '2025-10-24 22:47:20', '2025-10-24 22:48:29', NULL, NULL, NULL, 81, 80, 2, 3, NULL, '2025-10-24 20:21:29', 'completed', NULL, 1, '[{\"home\":8,\"away\":11},{\"home\":11,\"away\":8},{\"home\":6,\"away\":11},{\"home\":8,\"away\":11},{\"home\":11,\"away\":5}]', NULL, NULL, NULL, NULL, 17, 'groups', 108, 1, NULL, '0', NULL, NULL, NULL, NULL, NULL, NULL, NULL, NULL, NULL, NULL, NULL, NULL),
(788, '2025-10-24 22:47:20', '2025-10-24 22:48:29', NULL, NULL, NULL, 75, 80, 3, 1, NULL, '2025-10-24 21:28:29', 'completed', NULL, 1, '[{\"home\":5,\"away\":11},{\"home\":11,\"away\":5},{\"home\":11,\"away\":6},{\"home\":11,\"away\":5}]', NULL, NULL, NULL, NULL, 17, 'groups', 108, 2, NULL, '0', NULL, NULL, NULL, NULL, NULL, NULL, NULL, NULL, NULL, NULL, NULL, NULL),
(789, '2025-10-24 22:47:20', '2025-10-24 22:48:29', NULL, NULL, NULL, 76, 81, 2, 3, NULL, '2025-10-24 18:40:29', 'completed', NULL, 1, '[{\"home\":11,\"away\":7},{\"home\":7,\"away\":11},{\"home\":8,\"away\":11},{\"home\":6,\"away\":11},{\"home\":11,\"away\":9}]', NULL, NULL, NULL, NULL, 17, 'groups', 108, 2, NULL, '0', NULL, NULL, NULL, NULL, NULL, NULL, NULL, NULL, NULL, NULL, NULL, NULL),
(790, '2025-10-24 22:47:20', '2025-10-24 22:48:29', NULL, NULL, NULL, 75, 81, 3, 0, NULL, '2025-10-24 21:56:29', 'completed', NULL, 1, '[{\"home\":11,\"away\":5},{\"home\":11,\"away\":8},{\"home\":11,\"away\":6}]', NULL, NULL, NULL, NULL, 17, 'groups', 108, 3, NULL, '0', NULL, NULL, NULL, NULL, NULL, NULL, NULL, NULL, NULL, NULL, NULL, NULL),
(791, '2025-10-24 22:47:20', '2025-10-24 22:48:29', NULL, NULL, NULL, 80, 76, 3, 1, NULL, '2025-10-24 22:07:29', 'completed', NULL, 1, '[{\"home\":11,\"away\":5},{\"home\":11,\"away\":6},{\"home\":8,\"away\":11},{\"home\":11,\"away\":8}]', NULL, NULL, NULL, NULL, 17, 'groups', 108, 3, NULL, '0', NULL, NULL, NULL, NULL, NULL, NULL, NULL, NULL, NULL, NULL, NULL, NULL),
(792, '2025-10-24 22:47:20', '2025-10-24 22:48:29', NULL, NULL, NULL, 82, 77, 3, 1, NULL, '2025-10-24 21:36:29', 'completed', NULL, 1, '[{\"home\":7,\"away\":11},{\"home\":11,\"away\":7},{\"home\":11,\"away\":9},{\"home\":11,\"away\":8}]', NULL, NULL, NULL, NULL, 17, 'groups', 109, 1, NULL, '0', NULL, NULL, NULL, NULL, NULL, NULL, NULL, NULL, NULL, NULL, NULL, NULL),
(793, '2025-10-24 22:47:20', '2025-10-24 22:48:29', NULL, NULL, NULL, 83, 77, 2, 3, NULL, '2025-10-24 20:40:29', 'completed', NULL, 1, '[{\"home\":6,\"away\":11},{\"home\":11,\"away\":5},{\"home\":11,\"away\":7},{\"home\":8,\"away\":11},{\"home\":6,\"away\":11}]', NULL, NULL, NULL, NULL, 17, 'groups', 109, 2, NULL, '0', NULL, NULL, NULL, NULL, NULL, NULL, NULL, NULL, NULL, NULL, NULL, NULL),
(794, '2025-10-24 22:47:20', '2025-10-24 22:48:29', NULL, NULL, NULL, 83, 82, 2, 3, NULL, '2025-10-24 21:22:29', 'completed', NULL, 1, '[{\"home\":11,\"away\":6},{\"home\":7,\"away\":11},{\"home\":7,\"away\":11},{\"home\":5,\"away\":11},{\"home\":11,\"away\":9}]', NULL, NULL, NULL, NULL, 17, 'groups', 109, 3, NULL, '0', NULL, NULL, NULL, NULL, NULL, NULL, NULL, NULL, NULL, NULL, NULL, NULL),
(840, '2025-10-26 09:45:48', '2025-10-26 09:45:48', NULL, NULL, NULL, 1, 2, NULL, NULL, NULL, NULL, 'pending', NULL, 1, NULL, NULL, NULL, NULL, NULL, 2, 'knockout', NULL, 99, NULL, '0', NULL, NULL, NULL, NULL, NULL, NULL, NULL, NULL, NULL, NULL, NULL, NULL),
(910, '2025-10-28 13:31:51', '2025-10-28 13:33:15', NULL, NULL, NULL, 228, 256, 3, 0, '2025-10-28 13:31:51', '2025-10-28 13:33:15', 'completed', NULL, 1, '[]', NULL, NULL, NULL, NULL, 35, 'group', 153, 1, NULL, '0', NULL, NULL, NULL, NULL, NULL, NULL, NULL, NULL, NULL, NULL, NULL, NULL),
(911, '2025-10-28 13:31:52', '2025-10-28 13:34:15', NULL, NULL, NULL, 199, 227, 3, 0, '2025-10-28 13:31:52', '2025-10-28 13:34:15', 'completed', NULL, 1, '[]', NULL, NULL, NULL, NULL, 35, 'group', 153, 1, NULL, '0', NULL, NULL, NULL, NULL, NULL, NULL, NULL, NULL, NULL, NULL, NULL, NULL),
(912, '2025-10-28 13:31:52', '2025-10-28 13:33:32', NULL, NULL, NULL, 228, 227, 3, 0, '2025-10-28 13:31:52', '2025-10-28 13:33:32', 'completed', NULL, 1, '[]', NULL, NULL, NULL, NULL, 35, 'group', 153, 2, NULL, '0', NULL, NULL, NULL, NULL, NULL, NULL, NULL, NULL, NULL, NULL, NULL, NULL),
(913, '2025-10-28 13:31:52', '2025-10-28 13:34:33', NULL, NULL, NULL, 256, 199, 3, 0, '2025-10-28 13:31:52', '2025-10-28 13:34:33', 'completed', NULL, 1, '[]', NULL, NULL, NULL, NULL, 35, 'group', 153, 2, NULL, '0', NULL, NULL, NULL, NULL, NULL, NULL, NULL, NULL, NULL, NULL, NULL, NULL),
(914, '2025-10-28 13:31:52', '2025-10-28 13:33:46', NULL, NULL, NULL, 228, 199, 3, 0, '2025-10-28 13:31:52', '2025-10-28 13:33:46', 'completed', NULL, 1, '[]', NULL, NULL, NULL, NULL, 35, 'group', 153, 3, NULL, '0', NULL, NULL, NULL, NULL, NULL, NULL, NULL, NULL, NULL, NULL, NULL, NULL),
(915, '2025-10-28 13:31:52', '2025-10-28 13:34:50', NULL, NULL, NULL, 227, 256, 1, 3, '2025-10-28 13:31:52', '2025-10-28 13:34:50', 'completed', NULL, 1, '[]', NULL, NULL, NULL, NULL, 35, 'group', 153, 3, NULL, '0', NULL, NULL, NULL, NULL, NULL, NULL, NULL, NULL, NULL, NULL, NULL, NULL),
(916, '2025-10-28 13:31:53', '2025-10-28 13:35:07', NULL, NULL, NULL, 230, 189, 3, 0, '2025-10-28 13:31:53', '2025-10-28 13:35:07', 'completed', NULL, 1, '[]', NULL, NULL, NULL, NULL, 35, 'group', 154, 1, NULL, '0', NULL, NULL, NULL, NULL, NULL, NULL, NULL, NULL, NULL, NULL, NULL, NULL),
(917, '2025-10-28 13:31:53', '2025-10-28 13:35:51', NULL, NULL, NULL, 202, 231, 3, 0, '2025-10-28 13:31:53', '2025-10-28 13:35:51', 'completed', NULL, 1, '[]', NULL, NULL, NULL, NULL, 35, 'group', 154, 1, NULL, '0', NULL, NULL, NULL, NULL, NULL, NULL, NULL, NULL, NULL, NULL, NULL, NULL),
(918, '2025-10-28 13:31:53', '2025-10-28 13:35:21', NULL, NULL, NULL, 230, 231, 3, 0, '2025-10-28 13:31:53', '2025-10-28 13:35:21', 'completed', NULL, 1, '[]', NULL, NULL, NULL, NULL, 35, 'group', 154, 2, NULL, '0', NULL, NULL, NULL, NULL, NULL, NULL, NULL, NULL, NULL, NULL, NULL, NULL),
(919, '2025-10-28 13:31:54', '2025-10-28 13:36:04', NULL, NULL, NULL, 189, 202, 0, 3, '2025-10-28 13:31:54', '2025-10-28 13:36:04', 'completed', NULL, 1, '[]', NULL, NULL, NULL, NULL, 35, 'group', 154, 2, NULL, '0', NULL, NULL, NULL, NULL, NULL, NULL, NULL, NULL, NULL, NULL, NULL, NULL),
(920, '2025-10-28 13:31:54', '2025-10-28 13:35:33', NULL, NULL, NULL, 230, 202, 3, 0, '2025-10-28 13:31:54', '2025-10-28 13:35:33', 'completed', NULL, 1, '[]', NULL, NULL, NULL, NULL, 35, 'group', 154, 3, NULL, '0', NULL, NULL, NULL, NULL, NULL, NULL, NULL, NULL, NULL, NULL, NULL, NULL),
(921, '2025-10-28 13:31:54', '2025-10-28 13:36:39', NULL, NULL, NULL, 231, 189, 3, 1, '2025-10-28 13:31:54', '2025-10-28 13:36:39', 'completed', NULL, 1, '[]', NULL, NULL, NULL, NULL, 35, 'group', 154, 3, NULL, '0', NULL, NULL, NULL, NULL, NULL, NULL, NULL, NULL, NULL, NULL, NULL, NULL),
(922, '2025-10-28 13:31:54', '2025-10-28 13:37:10', NULL, NULL, NULL, 233, 204, 3, 0, '2025-10-28 13:31:54', '2025-10-28 13:37:10', 'completed', NULL, 1, '[]', NULL, NULL, NULL, NULL, 35, 'group', 155, 1, NULL, '0', NULL, NULL, NULL, NULL, NULL, NULL, NULL, NULL, NULL, NULL, NULL, NULL),
(923, '2025-10-28 13:31:55', '2025-10-28 13:38:24', NULL, NULL, NULL, 207, 234, 1, 3, '2025-10-28 13:31:55', '2025-10-28 13:38:24', 'completed', NULL, 1, '[]', NULL, NULL, NULL, NULL, 35, 'group', 155, 1, NULL, '0', NULL, NULL, NULL, NULL, NULL, NULL, NULL, NULL, NULL, NULL, NULL, NULL),
(924, '2025-10-28 13:31:55', '2025-10-28 13:37:34', NULL, NULL, NULL, 233, 234, 3, 0, '2025-10-28 13:31:55', '2025-10-28 13:37:34', 'completed', NULL, 1, '[]', NULL, NULL, NULL, NULL, 35, 'group', 155, 2, NULL, '0', NULL, NULL, NULL, NULL, NULL, NULL, NULL, NULL, NULL, NULL, NULL, NULL),
(925, '2025-10-28 13:31:56', '2025-10-28 13:38:59', NULL, NULL, NULL, 204, 207, 3, 1, '2025-10-28 13:31:56', '2025-10-28 13:38:59', 'completed', NULL, 1, '[]', NULL, NULL, NULL, NULL, 35, 'group', 155, 2, NULL, '0', NULL, NULL, NULL, NULL, NULL, NULL, NULL, NULL, NULL, NULL, NULL, NULL),
(926, '2025-10-28 13:31:56', '2025-10-28 13:37:52', NULL, NULL, NULL, 233, 207, 3, 0, '2025-10-28 13:31:56', '2025-10-28 13:37:52', 'completed', NULL, 1, '[]', NULL, NULL, NULL, NULL, 35, 'group', 155, 3, NULL, '0', NULL, NULL, NULL, NULL, NULL, NULL, NULL, NULL, NULL, NULL, NULL, NULL),
(927, '2025-10-28 13:31:56', '2025-10-28 13:39:23', NULL, NULL, NULL, 234, 204, 3, 0, '2025-10-28 13:31:56', '2025-10-28 13:39:23', 'completed', NULL, 1, '[]', NULL, NULL, NULL, NULL, 35, 'group', 155, 3, NULL, '0', NULL, NULL, NULL, NULL, NULL, NULL, NULL, NULL, NULL, NULL, NULL, NULL),
(928, '2025-10-28 13:31:56', '2025-10-28 13:39:59', NULL, NULL, NULL, 237, 206, 3, 0, '2025-10-28 13:31:56', '2025-10-28 13:39:59', 'completed', NULL, 1, '[]', NULL, NULL, NULL, NULL, 35, 'group', 156, 1, NULL, '0', NULL, NULL, NULL, NULL, NULL, NULL, NULL, NULL, NULL, NULL, NULL, NULL),
(929, '2025-10-28 13:31:57', '2025-10-28 13:40:58', NULL, NULL, NULL, 236, 238, 3, 0, '2025-10-28 13:31:57', '2025-10-28 13:40:58', 'completed', NULL, 1, '[]', NULL, NULL, NULL, NULL, 35, 'group', 156, 1, NULL, '0', NULL, NULL, NULL, NULL, NULL, NULL, NULL, NULL, NULL, NULL, NULL, NULL),
(930, '2025-10-28 13:31:57', '2025-10-28 13:40:17', NULL, NULL, NULL, 237, 238, 3, 0, '2025-10-28 13:31:57', '2025-10-28 13:40:17', 'completed', NULL, 1, '[]', NULL, NULL, NULL, NULL, 35, 'group', 156, 2, NULL, '0', NULL, NULL, NULL, NULL, NULL, NULL, NULL, NULL, NULL, NULL, NULL, NULL),
(931, '2025-10-28 13:31:57', '2025-10-28 13:41:31', NULL, NULL, NULL, 206, 236, 3, 0, '2025-10-28 13:31:57', '2025-10-28 13:41:31', 'completed', NULL, 1, '[]', NULL, NULL, NULL, NULL, 35, 'group', 156, 2, NULL, '0', NULL, NULL, NULL, NULL, NULL, NULL, NULL, NULL, NULL, NULL, NULL, NULL),
(932, '2025-10-28 13:31:57', '2025-10-28 13:40:32', NULL, NULL, NULL, 237, 236, 2, 3, '2025-10-28 13:31:57', '2025-10-28 13:40:32', 'completed', NULL, 1, '[]', NULL, NULL, NULL, NULL, 35, 'group', 156, 3, NULL, '0', NULL, NULL, NULL, NULL, NULL, NULL, NULL, NULL, NULL, NULL, NULL, NULL);
INSERT INTO `matches` (`id`, `created_at`, `updated_at`, `league_id`, `home_team_id`, `away_team_id`, `home_player_id`, `away_player_id`, `home_score`, `away_score`, `scheduled_at`, `played_at`, `status`, `forfeited_by`, `round`, `sets`, `first_server`, `current_server`, `set_durations`, `current_set_started_at`, `competition_id`, `phase`, `tournament_group_id`, `round_number`, `bracket_position`, `is_bye`, `moderator_id`, `edited_by`, `completed_by`, `edited_at`, `completed_at`, `table_id`, `referee_user_id`, `match_order`, `home_player_group`, `home_player_position`, `away_player_group`, `away_player_position`) VALUES
(933, '2025-10-28 13:31:57', '2025-10-28 13:41:47', NULL, NULL, NULL, 238, 206, 3, 0, '2025-10-28 13:31:57', '2025-10-28 13:41:47', 'completed', NULL, 1, '[]', NULL, NULL, NULL, NULL, 35, 'group', 156, 3, NULL, '0', NULL, NULL, NULL, NULL, NULL, NULL, NULL, NULL, NULL, NULL, NULL, NULL),
(934, '2025-10-28 13:31:58', '2025-10-28 13:42:25', NULL, NULL, NULL, 239, 194, 3, 0, '2025-10-28 13:31:58', '2025-10-28 13:42:25', 'completed', NULL, 1, '[]', NULL, NULL, NULL, NULL, 35, 'group', 157, 1, NULL, '0', NULL, NULL, NULL, NULL, NULL, NULL, NULL, NULL, NULL, NULL, NULL, NULL),
(935, '2025-10-28 13:31:58', '2025-10-28 13:43:15', NULL, NULL, NULL, 241, 240, 3, 0, '2025-10-28 13:31:58', '2025-10-28 13:43:15', 'completed', NULL, 1, '[]', NULL, NULL, NULL, NULL, 35, 'group', 157, 1, NULL, '0', NULL, NULL, NULL, NULL, NULL, NULL, NULL, NULL, NULL, NULL, NULL, NULL),
(936, '2025-10-28 13:31:58', '2025-10-28 13:46:16', NULL, NULL, NULL, 239, 240, 3, 0, '2025-10-28 13:31:58', '2025-10-28 13:46:16', 'completed', NULL, 1, '[]', NULL, NULL, NULL, NULL, 35, 'group', 157, 2, NULL, '0', NULL, NULL, NULL, NULL, NULL, NULL, NULL, NULL, NULL, NULL, NULL, NULL),
(937, '2025-10-28 13:31:59', '2025-10-28 16:23:18', NULL, NULL, NULL, 194, 241, 0, 3, '2025-10-28 13:31:59', '2025-10-28 16:23:18', 'completed', NULL, 1, '[]', NULL, NULL, NULL, NULL, 35, 'group', 157, 2, NULL, '0', NULL, NULL, NULL, NULL, NULL, NULL, NULL, NULL, NULL, NULL, NULL, NULL),
(938, '2025-10-28 13:31:59', '2025-10-28 20:47:38', NULL, NULL, NULL, 239, 241, 2, 3, '2025-10-28 13:31:59', '2025-10-28 20:47:38', 'completed', NULL, 1, '[]', NULL, NULL, NULL, NULL, 35, 'group', 157, 3, NULL, '0', NULL, NULL, NULL, NULL, NULL, NULL, NULL, NULL, NULL, NULL, NULL, NULL),
(939, '2025-10-28 13:31:59', '2025-10-28 20:48:16', NULL, NULL, NULL, 240, 194, 3, 0, '2025-10-28 13:31:59', '2025-10-28 20:48:16', 'completed', NULL, 1, '[]', NULL, NULL, NULL, NULL, 35, 'group', 157, 3, NULL, '0', NULL, NULL, NULL, NULL, NULL, NULL, NULL, NULL, NULL, NULL, NULL, NULL),
(940, '2025-10-28 13:32:00', '2025-10-28 21:19:26', NULL, NULL, NULL, 188, 190, 3, 2, '2025-10-28 13:32:00', '2025-10-28 21:19:26', 'completed', NULL, 1, '[]', NULL, NULL, NULL, NULL, 35, 'group', 158, 1, NULL, '0', NULL, NULL, NULL, NULL, NULL, NULL, NULL, NULL, NULL, NULL, NULL, NULL),
(941, '2025-10-28 13:32:00', '2025-10-28 21:33:21', NULL, NULL, NULL, 242, 243, 3, 2, '2025-10-28 13:32:00', '2025-10-28 21:33:21', 'completed', NULL, 1, '[]', NULL, NULL, NULL, NULL, 35, 'group', 158, 1, NULL, '0', NULL, NULL, NULL, NULL, NULL, NULL, NULL, NULL, NULL, NULL, NULL, NULL),
(942, '2025-10-28 13:32:00', '2025-10-28 21:19:53', NULL, NULL, NULL, 188, 243, 3, 0, '2025-10-28 13:32:00', '2025-10-28 21:19:53', 'completed', NULL, 1, '[]', NULL, NULL, NULL, NULL, 35, 'group', 158, 2, NULL, '0', NULL, NULL, NULL, NULL, NULL, NULL, NULL, NULL, NULL, NULL, NULL, NULL),
(943, '2025-10-28 13:32:00', '2025-10-28 21:32:47', NULL, NULL, NULL, 190, 242, 0, 3, '2025-10-28 13:32:00', '2025-10-28 21:32:47', 'completed', NULL, 1, '[]', NULL, NULL, NULL, NULL, 35, 'group', 158, 2, NULL, '0', NULL, NULL, NULL, NULL, NULL, NULL, NULL, NULL, NULL, NULL, NULL, NULL),
(944, '2025-10-28 13:32:01', '2025-10-28 21:31:15', NULL, NULL, NULL, 188, 242, 3, 0, '2025-10-28 13:32:01', '2025-10-28 21:31:15', 'completed', NULL, 1, '[]', NULL, NULL, NULL, NULL, 35, 'group', 158, 3, NULL, '0', NULL, NULL, NULL, NULL, NULL, NULL, NULL, NULL, NULL, NULL, NULL, NULL),
(945, '2025-10-28 13:32:01', '2025-10-28 21:32:05', NULL, NULL, NULL, 243, 190, 3, 0, '2025-10-28 13:32:01', '2025-10-28 21:32:05', 'completed', NULL, 1, '[]', NULL, NULL, NULL, NULL, 35, 'group', 158, 3, NULL, '0', NULL, NULL, NULL, NULL, NULL, NULL, NULL, NULL, NULL, NULL, NULL, NULL),
(946, '2025-10-28 13:32:01', '2025-10-28 21:36:38', NULL, NULL, NULL, 193, 229, 3, 0, '2025-10-28 13:32:01', '2025-10-28 21:36:38', 'completed', NULL, 1, '[]', NULL, NULL, NULL, NULL, 35, 'group', 159, 1, NULL, '0', NULL, NULL, NULL, NULL, NULL, NULL, NULL, NULL, NULL, NULL, NULL, NULL),
(947, '2025-10-28 13:32:02', '2025-10-28 21:34:08', NULL, NULL, NULL, 245, 244, 3, 0, '2025-10-28 13:32:02', '2025-10-28 21:34:08', 'completed', NULL, 1, '[]', NULL, NULL, NULL, NULL, 35, 'group', 159, 1, NULL, '0', NULL, NULL, NULL, NULL, NULL, NULL, NULL, NULL, NULL, NULL, NULL, NULL),
(948, '2025-10-28 13:32:02', '2025-10-28 21:36:19', NULL, NULL, NULL, 193, 244, 3, 0, '2025-10-28 13:32:02', '2025-10-28 21:36:19', 'completed', NULL, 1, '[]', NULL, NULL, NULL, NULL, 35, 'group', 159, 2, NULL, '0', NULL, NULL, NULL, NULL, NULL, NULL, NULL, NULL, NULL, NULL, NULL, NULL),
(949, '2025-10-28 13:32:02', '2025-10-28 21:35:27', NULL, NULL, NULL, 229, 245, 0, 3, '2025-10-28 13:32:02', '2025-10-28 21:35:27', 'completed', NULL, 1, '[]', NULL, NULL, NULL, NULL, 35, 'group', 159, 2, NULL, '0', NULL, NULL, NULL, NULL, NULL, NULL, NULL, NULL, NULL, NULL, NULL, NULL),
(950, '2025-10-28 13:32:02', '2025-10-28 21:36:02', NULL, NULL, NULL, 193, 245, 0, 3, '2025-10-28 13:32:02', '2025-10-28 21:36:02', 'completed', NULL, 1, '[]', NULL, NULL, NULL, NULL, 35, 'group', 159, 3, NULL, '0', NULL, NULL, NULL, NULL, NULL, NULL, NULL, NULL, NULL, NULL, NULL, NULL),
(951, '2025-10-28 13:32:03', '2025-10-28 21:37:05', NULL, NULL, NULL, 244, 229, 3, 2, '2025-10-28 13:32:03', '2025-10-28 21:37:05', 'completed', NULL, 1, '[]', NULL, NULL, NULL, NULL, 35, 'group', 159, 3, NULL, '0', NULL, NULL, NULL, NULL, NULL, NULL, NULL, NULL, NULL, NULL, NULL, NULL),
(952, '2025-10-28 13:32:03', '2025-10-28 23:07:38', NULL, NULL, NULL, 248, 247, 3, 0, '2025-10-28 13:32:03', '2025-10-28 23:07:38', 'completed', NULL, 1, '[]', NULL, NULL, NULL, NULL, 35, 'group', 160, 1, NULL, '0', NULL, NULL, NULL, NULL, NULL, NULL, NULL, NULL, NULL, NULL, NULL, NULL),
(953, '2025-10-28 13:32:03', '2025-10-28 13:32:03', NULL, NULL, NULL, 235, 187, NULL, NULL, '2025-10-28 13:32:03', NULL, 'scheduled', NULL, 1, NULL, NULL, NULL, NULL, NULL, 35, 'group', 160, 1, NULL, '0', NULL, NULL, NULL, NULL, NULL, NULL, NULL, NULL, NULL, NULL, NULL, NULL),
(954, '2025-10-28 13:32:04', '2025-10-28 13:32:04', NULL, NULL, NULL, 248, 187, NULL, NULL, '2025-10-28 13:32:04', NULL, 'scheduled', NULL, 1, NULL, NULL, NULL, NULL, NULL, 35, 'group', 160, 2, NULL, '0', NULL, NULL, NULL, NULL, NULL, NULL, NULL, NULL, NULL, NULL, NULL, NULL),
(955, '2025-10-28 13:32:04', '2025-10-28 13:32:04', NULL, NULL, NULL, 247, 235, NULL, NULL, '2025-10-28 13:32:04', NULL, 'scheduled', NULL, 1, NULL, NULL, NULL, NULL, NULL, 35, 'group', 160, 2, NULL, '0', NULL, NULL, NULL, NULL, NULL, NULL, NULL, NULL, NULL, NULL, NULL, NULL),
(956, '2025-10-28 13:32:04', '2025-10-28 13:32:04', NULL, NULL, NULL, 248, 235, NULL, NULL, '2025-10-28 13:32:04', NULL, 'scheduled', NULL, 1, NULL, NULL, NULL, NULL, NULL, 35, 'group', 160, 3, NULL, '0', NULL, NULL, NULL, NULL, NULL, NULL, NULL, NULL, NULL, NULL, NULL, NULL),
(957, '2025-10-28 13:32:04', '2025-10-28 13:32:04', NULL, NULL, NULL, 187, 247, NULL, NULL, '2025-10-28 13:32:04', NULL, 'scheduled', NULL, 1, NULL, NULL, NULL, NULL, NULL, 35, 'group', 160, 3, NULL, '0', NULL, NULL, NULL, NULL, NULL, NULL, NULL, NULL, NULL, NULL, NULL, NULL),
(958, '2025-10-28 13:32:05', '2025-10-29 16:24:49', NULL, NULL, NULL, 185, 246, 3, 1, '2025-10-28 13:32:05', '2025-10-29 16:24:49', 'completed', NULL, 1, '[]', NULL, NULL, NULL, NULL, 35, 'group', 161, 1, NULL, '0', NULL, NULL, NULL, NULL, NULL, NULL, NULL, NULL, NULL, NULL, NULL, NULL),
(959, '2025-10-28 13:32:05', '2025-10-29 16:24:57', NULL, NULL, NULL, 249, 232, 2, 3, '2025-10-28 13:32:05', '2025-10-29 16:24:57', 'completed', NULL, 1, '[]', NULL, NULL, NULL, NULL, 35, 'group', 161, 1, NULL, '0', NULL, NULL, NULL, NULL, NULL, NULL, NULL, NULL, NULL, NULL, NULL, NULL),
(960, '2025-10-28 13:32:05', '2025-10-29 16:25:08', NULL, NULL, NULL, 185, 232, 3, 1, '2025-10-28 13:32:05', '2025-10-29 16:25:08', 'completed', NULL, 1, '[]', NULL, NULL, NULL, NULL, 35, 'group', 161, 2, NULL, '0', NULL, NULL, NULL, NULL, NULL, NULL, NULL, NULL, NULL, NULL, NULL, NULL),
(961, '2025-10-28 13:32:05', '2025-10-28 13:32:05', NULL, NULL, NULL, 246, 249, NULL, NULL, '2025-10-28 13:32:05', NULL, 'scheduled', NULL, 1, NULL, NULL, NULL, NULL, NULL, 35, 'group', 161, 2, NULL, '0', NULL, NULL, NULL, NULL, NULL, NULL, NULL, NULL, NULL, NULL, NULL, NULL),
(962, '2025-10-28 13:32:05', '2025-10-28 13:32:05', NULL, NULL, NULL, 185, 249, NULL, NULL, '2025-10-28 13:32:05', NULL, 'scheduled', NULL, 1, NULL, NULL, NULL, NULL, NULL, 35, 'group', 161, 3, NULL, '0', NULL, NULL, NULL, NULL, NULL, NULL, NULL, NULL, NULL, NULL, NULL, NULL),
(963, '2025-10-28 13:32:06', '2025-10-28 13:32:06', NULL, NULL, NULL, 232, 246, NULL, NULL, '2025-10-28 13:32:06', NULL, 'scheduled', NULL, 1, NULL, NULL, NULL, NULL, NULL, 35, 'group', 161, 3, NULL, '0', NULL, NULL, NULL, NULL, NULL, NULL, NULL, NULL, NULL, NULL, NULL, NULL),
(964, '2025-10-28 22:33:10', '2025-10-29 16:18:43', NULL, NULL, NULL, 49, 40, 3, 1, '2025-10-28 22:33:10', '2025-10-29 16:18:43', 'completed', NULL, 1, '[]', NULL, NULL, NULL, NULL, 16, 'group', 162, 1, NULL, '0', NULL, NULL, NULL, NULL, NULL, NULL, NULL, NULL, NULL, NULL, NULL, NULL),
(965, '2025-10-28 22:33:11', '2025-10-29 16:18:51', NULL, NULL, NULL, 48, 54, 3, 2, '2025-10-28 22:33:11', '2025-10-29 16:18:51', 'completed', NULL, 1, '[]', NULL, NULL, NULL, NULL, 16, 'group', 162, 1, NULL, '0', NULL, NULL, NULL, NULL, NULL, NULL, NULL, NULL, NULL, NULL, NULL, NULL),
(966, '2025-10-28 22:33:11', '2025-10-28 22:33:11', NULL, NULL, NULL, 49, 54, NULL, NULL, '2025-10-28 22:33:11', NULL, 'scheduled', NULL, 1, NULL, NULL, NULL, NULL, NULL, 16, 'group', 162, 2, NULL, '0', NULL, NULL, NULL, NULL, NULL, NULL, NULL, NULL, NULL, NULL, NULL, NULL),
(967, '2025-10-28 22:33:11', '2025-10-28 22:33:11', NULL, NULL, NULL, 40, 48, NULL, NULL, '2025-10-28 22:33:11', NULL, 'scheduled', NULL, 1, NULL, NULL, NULL, NULL, NULL, 16, 'group', 162, 2, NULL, '0', NULL, NULL, NULL, NULL, NULL, NULL, NULL, NULL, NULL, NULL, NULL, NULL),
(968, '2025-10-28 22:33:11', '2025-10-28 22:33:11', NULL, NULL, NULL, 49, 48, NULL, NULL, '2025-10-28 22:33:11', NULL, 'scheduled', NULL, 1, NULL, NULL, NULL, NULL, NULL, 16, 'group', 162, 3, NULL, '0', NULL, NULL, NULL, NULL, NULL, NULL, NULL, NULL, NULL, NULL, NULL, NULL),
(969, '2025-10-28 22:33:12', '2025-10-28 22:33:12', NULL, NULL, NULL, 54, 40, NULL, NULL, '2025-10-28 22:33:12', NULL, 'scheduled', NULL, 1, NULL, NULL, NULL, NULL, NULL, 16, 'group', 162, 3, NULL, '0', NULL, NULL, NULL, NULL, NULL, NULL, NULL, NULL, NULL, NULL, NULL, NULL),
(970, '2025-10-28 22:33:12', '2025-10-28 22:33:12', NULL, NULL, NULL, 63, 43, NULL, NULL, '2025-10-28 22:33:12', NULL, 'scheduled', NULL, 1, NULL, NULL, NULL, NULL, NULL, 16, 'group', 163, 1, NULL, '0', NULL, NULL, NULL, NULL, NULL, NULL, NULL, NULL, NULL, NULL, NULL, NULL),
(971, '2025-10-28 22:33:12', '2025-10-28 22:33:12', NULL, NULL, NULL, 44, 65, NULL, NULL, '2025-10-28 22:33:12', NULL, 'scheduled', NULL, 1, NULL, NULL, NULL, NULL, NULL, 16, 'group', 163, 1, NULL, '0', NULL, NULL, NULL, NULL, NULL, NULL, NULL, NULL, NULL, NULL, NULL, NULL),
(972, '2025-10-28 22:33:12', '2025-10-28 22:33:12', NULL, NULL, NULL, 63, 65, NULL, NULL, '2025-10-28 22:33:12', NULL, 'scheduled', NULL, 1, NULL, NULL, NULL, NULL, NULL, 16, 'group', 163, 2, NULL, '0', NULL, NULL, NULL, NULL, NULL, NULL, NULL, NULL, NULL, NULL, NULL, NULL),
(973, '2025-10-28 22:33:13', '2025-10-28 22:33:13', NULL, NULL, NULL, 43, 44, NULL, NULL, '2025-10-28 22:33:13', NULL, 'scheduled', NULL, 1, NULL, NULL, NULL, NULL, NULL, 16, 'group', 163, 2, NULL, '0', NULL, NULL, NULL, NULL, NULL, NULL, NULL, NULL, NULL, NULL, NULL, NULL),
(974, '2025-10-28 22:33:13', '2025-10-28 22:33:13', NULL, NULL, NULL, 63, 44, NULL, NULL, '2025-10-28 22:33:13', NULL, 'scheduled', NULL, 1, NULL, NULL, NULL, NULL, NULL, 16, 'group', 163, 3, NULL, '0', NULL, NULL, NULL, NULL, NULL, NULL, NULL, NULL, NULL, NULL, NULL, NULL),
(975, '2025-10-28 22:33:13', '2025-10-28 22:33:13', NULL, NULL, NULL, 65, 43, NULL, NULL, '2025-10-28 22:33:13', NULL, 'scheduled', NULL, 1, NULL, NULL, NULL, NULL, NULL, 16, 'group', 163, 3, NULL, '0', NULL, NULL, NULL, NULL, NULL, NULL, NULL, NULL, NULL, NULL, NULL, NULL),
(976, '2025-10-28 22:33:13', '2025-10-29 16:19:15', NULL, NULL, NULL, 53, 57, 3, 1, '2025-10-28 22:33:13', '2025-10-29 16:19:15', 'completed', NULL, 1, '[]', NULL, NULL, NULL, NULL, 16, 'group', 164, 1, NULL, '0', NULL, NULL, NULL, NULL, NULL, NULL, NULL, NULL, NULL, NULL, NULL, NULL),
(977, '2025-10-28 22:33:13', '2025-10-28 22:33:45', NULL, NULL, NULL, 67, 42, 3, 2, '2025-10-28 22:33:13', '2025-10-28 22:33:45', 'completed', NULL, 1, '[]', NULL, NULL, NULL, NULL, 16, 'group', 164, 1, NULL, '0', NULL, NULL, NULL, NULL, NULL, NULL, NULL, NULL, NULL, NULL, NULL, NULL),
(978, '2025-10-28 22:33:14', '2025-10-29 16:19:26', NULL, NULL, NULL, 53, 42, 3, 2, '2025-10-28 22:33:14', '2025-10-29 16:19:26', 'completed', NULL, 1, '[]', NULL, NULL, NULL, NULL, 16, 'group', 164, 2, NULL, '0', NULL, NULL, NULL, NULL, NULL, NULL, NULL, NULL, NULL, NULL, NULL, NULL),
(979, '2025-10-28 22:33:14', '2025-10-29 16:19:48', NULL, NULL, NULL, 57, 67, 3, 1, '2025-10-28 22:33:14', '2025-10-29 16:19:48', 'completed', NULL, 1, '[]', NULL, NULL, NULL, NULL, 16, 'group', 164, 2, NULL, '0', NULL, NULL, NULL, NULL, NULL, NULL, NULL, NULL, NULL, NULL, NULL, NULL),
(980, '2025-10-28 22:33:14', '2025-10-29 16:20:02', NULL, NULL, NULL, 53, 67, 3, 1, '2025-10-28 22:33:14', '2025-10-29 16:20:02', 'completed', NULL, 1, '[]', NULL, NULL, NULL, NULL, 16, 'group', 164, 3, NULL, '0', NULL, NULL, NULL, NULL, NULL, NULL, NULL, NULL, NULL, NULL, NULL, NULL),
(981, '2025-10-28 22:33:14', '2025-10-29 16:21:00', NULL, NULL, NULL, 42, 57, 3, 1, '2025-10-28 22:33:14', '2025-10-29 16:21:00', 'completed', NULL, 1, '[]', NULL, NULL, NULL, NULL, 16, 'group', 164, 3, NULL, '0', NULL, NULL, NULL, NULL, NULL, NULL, NULL, NULL, NULL, NULL, NULL, NULL),
(982, '2025-10-28 22:33:14', '2025-10-29 16:21:11', NULL, NULL, NULL, 47, 59, 3, 1, '2025-10-28 22:33:14', '2025-10-29 16:21:11', 'completed', NULL, 1, '[]', NULL, NULL, NULL, NULL, 16, 'group', 165, 1, NULL, '0', NULL, NULL, NULL, NULL, NULL, NULL, NULL, NULL, NULL, NULL, NULL, NULL),
(983, '2025-10-28 22:33:15', '2025-10-29 16:20:37', NULL, NULL, NULL, 51, 61, 1, 3, '2025-10-28 22:33:15', '2025-10-29 16:20:37', 'completed', NULL, 1, '[]', NULL, NULL, NULL, NULL, 16, 'group', 165, 1, NULL, '0', NULL, NULL, NULL, NULL, NULL, NULL, NULL, NULL, NULL, NULL, NULL, NULL),
(984, '2025-10-28 22:33:15', '2025-10-28 22:33:15', NULL, NULL, NULL, 47, 61, NULL, NULL, '2025-10-28 22:33:15', NULL, 'scheduled', NULL, 1, NULL, NULL, NULL, NULL, NULL, 16, 'group', 165, 2, NULL, '0', NULL, NULL, NULL, NULL, NULL, NULL, NULL, NULL, NULL, NULL, NULL, NULL),
(985, '2025-10-28 22:33:15', '2025-10-28 22:33:15', NULL, NULL, NULL, 59, 51, NULL, NULL, '2025-10-28 22:33:15', NULL, 'scheduled', NULL, 1, NULL, NULL, NULL, NULL, NULL, 16, 'group', 165, 2, NULL, '0', NULL, NULL, NULL, NULL, NULL, NULL, NULL, NULL, NULL, NULL, NULL, NULL),
(986, '2025-10-28 22:33:15', '2025-10-28 22:33:15', NULL, NULL, NULL, 47, 51, NULL, NULL, '2025-10-28 22:33:15', NULL, 'scheduled', NULL, 1, NULL, NULL, NULL, NULL, NULL, 16, 'group', 165, 3, NULL, '0', NULL, NULL, NULL, NULL, NULL, NULL, NULL, NULL, NULL, NULL, NULL, NULL),
(987, '2025-10-28 22:33:15', '2025-10-28 22:33:15', NULL, NULL, NULL, 61, 59, NULL, NULL, '2025-10-28 22:33:15', NULL, 'scheduled', NULL, 1, NULL, NULL, NULL, NULL, NULL, 16, 'group', 165, 3, NULL, '0', NULL, NULL, NULL, NULL, NULL, NULL, NULL, NULL, NULL, NULL, NULL, NULL),
(988, '2025-10-28 22:33:16', '2025-10-29 16:21:30', NULL, NULL, NULL, 50, 60, 3, 2, '2025-10-28 22:33:16', '2025-10-29 16:21:30', 'completed', NULL, 1, '[]', NULL, NULL, NULL, NULL, 16, 'group', 166, 1, NULL, '0', NULL, NULL, NULL, NULL, NULL, NULL, NULL, NULL, NULL, NULL, NULL, NULL),
(989, '2025-10-28 22:33:16', '2025-10-29 16:21:43', NULL, NULL, NULL, 64, 46, 1, 3, '2025-10-28 22:33:16', '2025-10-29 16:21:43', 'completed', NULL, 1, '[]', NULL, NULL, NULL, NULL, 16, 'group', 166, 1, NULL, '0', NULL, NULL, NULL, NULL, NULL, NULL, NULL, NULL, NULL, NULL, NULL, NULL),
(990, '2025-10-28 22:33:16', '2025-10-28 22:33:16', NULL, NULL, NULL, 50, 46, NULL, NULL, '2025-10-28 22:33:16', NULL, 'scheduled', NULL, 1, NULL, NULL, NULL, NULL, NULL, 16, 'group', 166, 2, NULL, '0', NULL, NULL, NULL, NULL, NULL, NULL, NULL, NULL, NULL, NULL, NULL, NULL),
(991, '2025-10-28 22:33:17', '2025-10-28 22:33:17', NULL, NULL, NULL, 60, 64, NULL, NULL, '2025-10-28 22:33:17', NULL, 'scheduled', NULL, 1, NULL, NULL, NULL, NULL, NULL, 16, 'group', 166, 2, NULL, '0', NULL, NULL, NULL, NULL, NULL, NULL, NULL, NULL, NULL, NULL, NULL, NULL),
(992, '2025-10-28 22:33:17', '2025-10-28 22:33:17', NULL, NULL, NULL, 50, 64, NULL, NULL, '2025-10-28 22:33:17', NULL, 'scheduled', NULL, 1, NULL, NULL, NULL, NULL, NULL, 16, 'group', 166, 3, NULL, '0', NULL, NULL, NULL, NULL, NULL, NULL, NULL, NULL, NULL, NULL, NULL, NULL),
(993, '2025-10-28 22:33:17', '2025-10-28 22:33:17', NULL, NULL, NULL, 46, 60, NULL, NULL, '2025-10-28 22:33:17', NULL, 'scheduled', NULL, 1, NULL, NULL, NULL, NULL, NULL, 16, 'group', 166, 3, NULL, '0', NULL, NULL, NULL, NULL, NULL, NULL, NULL, NULL, NULL, NULL, NULL, NULL),
(994, '2025-10-28 22:33:17', '2025-10-28 22:33:17', NULL, NULL, NULL, 41, 52, NULL, NULL, '2025-10-28 22:33:17', NULL, 'scheduled', NULL, 1, NULL, NULL, NULL, NULL, NULL, 16, 'group', 167, 1, NULL, '0', NULL, NULL, NULL, NULL, NULL, NULL, NULL, NULL, NULL, NULL, NULL, NULL),
(995, '2025-10-28 22:33:18', '2025-10-28 22:33:18', NULL, NULL, NULL, 66, 55, NULL, NULL, '2025-10-28 22:33:18', NULL, 'scheduled', NULL, 1, NULL, NULL, NULL, NULL, NULL, 16, 'group', 167, 1, NULL, '0', NULL, NULL, NULL, NULL, NULL, NULL, NULL, NULL, NULL, NULL, NULL, NULL),
(996, '2025-10-28 22:33:18', '2025-10-28 22:33:18', NULL, NULL, NULL, 41, 55, NULL, NULL, '2025-10-28 22:33:18', NULL, 'scheduled', NULL, 1, NULL, NULL, NULL, NULL, NULL, 16, 'group', 167, 2, NULL, '0', NULL, NULL, NULL, NULL, NULL, NULL, NULL, NULL, NULL, NULL, NULL, NULL),
(997, '2025-10-28 22:33:18', '2025-10-28 22:33:18', NULL, NULL, NULL, 52, 66, NULL, NULL, '2025-10-28 22:33:18', NULL, 'scheduled', NULL, 1, NULL, NULL, NULL, NULL, NULL, 16, 'group', 167, 2, NULL, '0', NULL, NULL, NULL, NULL, NULL, NULL, NULL, NULL, NULL, NULL, NULL, NULL),
(998, '2025-10-28 22:33:18', '2025-10-28 22:33:18', NULL, NULL, NULL, 41, 66, NULL, NULL, '2025-10-28 22:33:18', NULL, 'scheduled', NULL, 1, NULL, NULL, NULL, NULL, NULL, 16, 'group', 167, 3, NULL, '0', NULL, NULL, NULL, NULL, NULL, NULL, NULL, NULL, NULL, NULL, NULL, NULL),
(999, '2025-10-28 22:33:19', '2025-10-28 22:33:19', NULL, NULL, NULL, 55, 52, NULL, NULL, '2025-10-28 22:33:19', NULL, 'scheduled', NULL, 1, NULL, NULL, NULL, NULL, NULL, 16, 'group', 167, 3, NULL, '0', NULL, NULL, NULL, NULL, NULL, NULL, NULL, NULL, NULL, NULL, NULL, NULL),
(1000, '2025-10-28 22:33:20', '2025-10-28 22:33:20', NULL, NULL, NULL, 62, 58, NULL, NULL, '2025-10-28 22:33:20', NULL, 'scheduled', NULL, 1, NULL, NULL, NULL, NULL, NULL, 16, 'group', 168, 1, NULL, '0', NULL, NULL, NULL, NULL, NULL, NULL, NULL, NULL, NULL, NULL, NULL, NULL),
(1001, '2025-10-28 22:33:25', '2025-10-28 22:33:25', NULL, NULL, NULL, 56, 45, NULL, NULL, '2025-10-28 22:33:25', NULL, 'scheduled', NULL, 1, NULL, NULL, NULL, NULL, NULL, 16, 'group', 168, 1, NULL, '0', NULL, NULL, NULL, NULL, NULL, NULL, NULL, NULL, NULL, NULL, NULL, NULL),
(1002, '2025-10-28 22:33:25', '2025-10-28 22:33:25', NULL, NULL, NULL, 62, 45, NULL, NULL, '2025-10-28 22:33:25', NULL, 'scheduled', NULL, 1, NULL, NULL, NULL, NULL, NULL, 16, 'group', 168, 2, NULL, '0', NULL, NULL, NULL, NULL, NULL, NULL, NULL, NULL, NULL, NULL, NULL, NULL),
(1003, '2025-10-28 22:33:26', '2025-10-28 22:33:26', NULL, NULL, NULL, 58, 56, NULL, NULL, '2025-10-28 22:33:26', NULL, 'scheduled', NULL, 1, NULL, NULL, NULL, NULL, NULL, 16, 'group', 168, 2, NULL, '0', NULL, NULL, NULL, NULL, NULL, NULL, NULL, NULL, NULL, NULL, NULL, NULL),
(1004, '2025-10-28 22:33:26', '2025-10-28 22:33:26', NULL, NULL, NULL, 62, 56, NULL, NULL, '2025-10-28 22:33:26', NULL, 'scheduled', NULL, 1, NULL, NULL, NULL, NULL, NULL, 16, 'group', 168, 3, NULL, '0', NULL, NULL, NULL, NULL, NULL, NULL, NULL, NULL, NULL, NULL, NULL, NULL),
(1005, '2025-10-28 22:33:26', '2025-10-28 22:33:26', NULL, NULL, NULL, 45, 58, NULL, NULL, '2025-10-28 22:33:26', NULL, 'scheduled', NULL, 1, NULL, NULL, NULL, NULL, NULL, 16, 'group', 168, 3, NULL, '0', NULL, NULL, NULL, NULL, NULL, NULL, NULL, NULL, NULL, NULL, NULL, NULL);

-- --------------------------------------------------------

--
-- Table structure for table `migrations`
--

CREATE TABLE `migrations` (
  `id` int(11) NOT NULL,
  `migration` text NOT NULL,
  `batch` int(11) NOT NULL
) ENGINE=InnoDB DEFAULT CHARSET=utf8mb4 COLLATE=utf8mb4_unicode_ci;

--
-- Dumping data for table `migrations`
--

INSERT INTO `migrations` (`id`, `migration`, `batch`) VALUES
(1, '0001_01_01_000000_create_users_table', 1),
(2, '0001_01_01_000001_create_cache_table', 1),
(3, '0001_01_01_000002_create_jobs_table', 1),
(4, '2025_10_01_162110_create_sports_table', 1),
(5, '2025_10_01_162321_add_rules_to_sports_table', 1),
(6, '2025_10_01_162706_create_plans_table', 1),
(7, '2025_10_01_162728_create_organizations_table', 1),
(8, '2025_10_01_162748_create_leagues_table', 1),
(9, '2025_10_01_163146_create_user_plans_table', 1),
(10, '2025_10_01_163207_remove_plan_id_from_organizations_table', 1),
(11, '2025_10_01_164238_create_players_table', 1),
(12, '2025_10_01_165717_add_settings_to_leagues_table', 1),
(13, '2025_10_01_170338_add_is_team_based_to_leagues_table', 1),
(14, '2025_10_01_170606_create_teams_table', 1),
(15, '2025_10_01_170631_create_team_user_table', 1),
(16, '2025_10_01_173721_make_max_teams_nullable_in_leagues_table', 1),
(17, '2025_10_01_182956_create_league_user_table', 1),
(18, '2025_10_01_183816_create_league_player_table', 1),
(19, '2025_10_01_184742_create_matches_table', 1),
(20, '2025_10_01_184750_create_standings_table', 1),
(21, '2025_10_01_200059_add_columns_to_standings_table', 1),
(22, '2025_10_01_201342_add_forfeited_by_to_matches_table', 1),
(28, '2025_10_01_211948_add_forfeited_fields_to_matches_table', 2),
(29, '2025_10_02_000001_create_friendly_matches_table', 2),
(30, '2025_10_02_000140_add_serving_fields_to_matches_table', 2),
(31, '2025_10_02_064410_add_set_durations_to_matches_table', 2),
(32, '2025_10_02_065324_add_current_set_started_at_to_matches_table', 2),
(33, '2025_10_02_134840_add_player_ids_to_friendly_matches_table', 3),
(34, '2025_10_06_145259_add_team_id_to_league_player_table', 3),
(35, '2025_10_06_145301_add_team_id_to_league_player_table', 3),
(36, '2025_10_07_085019_create_bug_reports_table', 3),
(37, '2025_10_15_000001_add_active_to_sports_table', 3),
(38, '2025_10_15_075143_create_organization_user_table', 3),
(39, '2025_10_16_180140_add_critical_database_indexes', 3),
(40, '2025_10_16_194005_rename_leagues_to_competitions_table', 3),
(41, '2025_10_16_194015_update_matches_table_for_competitions', 3),
(42, '2025_10_16_194030_update_teams_table_for_competitions', 3),
(43, '2025_10_16_194036_update_standings_table_for_competitions', 3),
(44, '2025_10_16_194048_update_league_user_table_for_competitions', 3),
(45, '2025_10_16_194055_update_league_player_table_for_competitions', 3),
(46, '2025_10_16_194104_update_database_indexes_for_competitions', 3),
(47, '2025_10_16_212942_add_max_competitions_per_organization_to_plans_table', 4),
(48, '2025_10_16_222823_rename_league_id_to_competition_id_in_matches_table', 5),
(49, '2025_10_16_194242_comprehensive_competition_migration', 6),
(50, '2025_10_16_201106_create_notifications_table', 7),
(51, '2025_10_16_212426_rename_leagues_to_competitions_table', 7),
(52, '2025_10_16_212442_create_tournament_groups_table', 7),
(53, '2025_10_16_212453_rename_matches_to_competition_matches_table', 7),
(54, '2025_10_16_220205_add_tournament_fields_to_competitions_table', 7),
(55, '2025_10_16_221644_add_match_settings_to_competitions_table', 7),
(56, '2025_10_16_221701_add_match_settings_to_competitions_table', 7),
(57, '2025_10_16_222635_add_tournament_fields_to_matches_table', 7),
(58, '2025_10_16_224309_add_set_tracking_to_standings_table', 7),
(59, '2025_10_17_105744_update_competitions_type_enum', 7),
(60, '2025_10_17_105747_update_competitions_type_enum', 8),
(61, '2025_10_17_130454_make_start_date_nullable_in_competitions_table', 8),
(62, '2025_10_17_212236_add_moderator_and_audit_fields_to_matches_table', 8),
(63, '2025_10_17_212238_add_moderator_and_audit_fields_to_matches_table', 8),
(64, '2025_10_18_101446_add_manual_knockout_selection_to_competitions_table', 9),
(65, '2025_10_18_160215_add_is_public_to_competitions_table', 10),
(67, '2025_10_21_131852_create_display_leagues_table', 11),
(68, '2025_10_23_074901_create_tables_table', 12),
(69, '2025_10_23_074953_add_table_and_referee_to_matches_table', 12),
(74, '2025_10_23_114210_add_live_scoring_indexes_to_matches_table', 13),
(75, '2025_10_24_122856_add_match_order_to_matches_table', 14),
(76, '2025_10_23_142611_add_additional_performance_indexes', 15),
(77, '2025_10_26_200626_add_knockout_matches_count_to_competitions_table', 15),
(78, '2025_10_26_202751_set_default_knockout_matches_count', 15),
(79, '2025_10_26_222915_add_player_group_info_to_matches_table', 15),
(80, '2025_10_27_101813_add_knockout_matches_count_to_competitions_table', 15),
(81, '2025_10_27_103320_make_tournament_fields_nullable_in_competitions_table', 15),
(82, '2025_10_27_103323_make_tournament_fields_nullable_in_competitions_table', 15);

-- --------------------------------------------------------

--
-- Table structure for table `notifications`
--

CREATE TABLE `notifications` (
  `id` varchar(255) NOT NULL,
  `type` text NOT NULL,
  `notifiable_type` text NOT NULL,
  `notifiable_id` int(11) NOT NULL,
  `data` text NOT NULL,
  `read_at` datetime DEFAULT NULL,
  `created_at` datetime DEFAULT NULL,
  `updated_at` datetime DEFAULT NULL
) ENGINE=InnoDB DEFAULT CHARSET=utf8mb4 COLLATE=utf8mb4_unicode_ci;

-- --------------------------------------------------------

--
-- Table structure for table `organizations`
--

CREATE TABLE `organizations` (
  `id` int(11) NOT NULL,
  `name` text NOT NULL,
  `slug` VARCHAR(255) NOT NULL,
  `description` TEXT DEFAULT NULL,
  `logo` TEXT DEFAULT NULL,
  `user_id` int(11) NOT NULL,
  `is_active` varchar(255) NOT NULL DEFAULT '1',
  `created_at` datetime DEFAULT NULL,
  `updated_at` datetime DEFAULT NULL
) ENGINE=InnoDB DEFAULT CHARSET=utf8mb4 COLLATE=utf8mb4_unicode_ci;

--
-- Dumping data for table `organizations`
--

INSERT INTO `organizations` (`id`, `name`, `slug`, `description`, `logo`, `user_id`, `is_active`, `created_at`, `updated_at`) VALUES
(1, 'Asee d.o.o.', 'asee-doo', NULL, NULL, 1, '1', '2025-10-17 22:51:33', '2025-10-17 22:51:33'),
(2, 'Infoo', 'infoo', NULL, NULL, 3, '1', '2025-10-18 07:55:44', '2025-10-18 07:55:44'),
(4, 'STK Kreka test', 'stk-kreka-test', NULL, NULL, 4, '1', '2025-10-22 13:21:31', '2025-10-22 13:21:31'),
(5, 'Test Organization', 'test-org', 'Test organization for Berger schedule testing', NULL, 1, '1', '2025-10-24 22:25:12', '2025-10-24 22:25:12');

-- --------------------------------------------------------

--
-- Table structure for table `organization_user`
--

CREATE TABLE `organization_user` (
  `id` int(11) NOT NULL,
  `organization_id` int(11) NOT NULL,
  `user_id` int(11) NOT NULL,
  `role` VARCHAR(50) NOT NULL DEFAULT 'referee',
  `joined_at` datetime NOT NULL DEFAULT current_timestamp(),
  `created_at` datetime DEFAULT NULL,
  `updated_at` datetime DEFAULT NULL
) ENGINE=InnoDB DEFAULT CHARSET=utf8mb4 COLLATE=utf8mb4_unicode_ci;

--
-- Dumping data for table `organization_user`
--

INSERT INTO `organization_user` (`id`, `organization_id`, `user_id`, `role`, `joined_at`, `created_at`, `updated_at`) VALUES
(1, 1, 2, 'referee', '2025-10-18 22:41:19', '2025-10-18 22:41:19', '2025-10-18 22:41:19');

-- --------------------------------------------------------

--
-- Table structure for table `password_reset_tokens`
--

CREATE TABLE `password_reset_tokens` (
  `email` varchar(255) NOT NULL,
  `token` text NOT NULL,
  `created_at` datetime DEFAULT NULL
) ENGINE=InnoDB DEFAULT CHARSET=utf8mb4 COLLATE=utf8mb4_unicode_ci;

-- --------------------------------------------------------

--
-- Table structure for table `plans`
--

CREATE TABLE `plans` (
  `id` int(11) NOT NULL,
  `name` text NOT NULL,
  `slug` VARCHAR(255) NOT NULL,
  `description` TEXT DEFAULT NULL,
  `price` varchar(255) NOT NULL DEFAULT '0',
  `currency` VARCHAR(50) NOT NULL DEFAULT 'EUR',
  `max_organizations` int(11) NOT NULL DEFAULT 1,
  `max_leagues_per_organization` int(11) NOT NULL DEFAULT 2,
  `max_teams_per_league` int(11) NOT NULL DEFAULT 10,
  `max_players_per_team` int(11) NOT NULL DEFAULT 20,
  `is_active` varchar(255) NOT NULL DEFAULT '1',
  `features` TEXT DEFAULT NULL,
  `created_at` datetime DEFAULT NULL,
  `updated_at` datetime DEFAULT NULL,
  `max_competitions_per_organization` int(11) NOT NULL DEFAULT 10
) ENGINE=InnoDB DEFAULT CHARSET=utf8mb4 COLLATE=utf8mb4_unicode_ci;

--
-- Dumping data for table `plans`
--

INSERT INTO `plans` (`id`, `name`, `slug`, `description`, `price`, `currency`, `max_organizations`, `max_leagues_per_organization`, `max_teams_per_league`, `max_players_per_team`, `is_active`, `features`, `created_at`, `updated_at`, `max_competitions_per_organization`) VALUES
(1, 'Free', 'free', 'Perfect for getting started with Team Sphere', '0', 'EUR', 1, 1, 8, 15, '1', '[\"Basic league management\\r\\nUp to 2 leagues per organization\\r\\nUp to 8 teams per league\\r\\nBasic statistics\\r\\nCommunity support\"]', '2025-10-17 22:55:19', '2025-10-17 22:58:41', 1),
(2, 'Pro', 'pro', 'For growing sports organizations and clubs', '19.99', 'EUR', 3, 10, 20, 30, '1', '[\"Everything in Free\",\"Advanced statistics\",\"Custom branding\",\"Priority support\",\"API access\",\"Export data\"]', '2025-10-17 22:55:19', '2025-10-17 22:55:19', 20),
(3, 'Premium', 'premium', 'For professional leagues and large federations', '49.99', 'EUR', 10, 50, 50, 50, '1', '[\"Everything in Pro\",\"Unlimited organizations\",\"Advanced analytics\",\"White-label solution\",\"Dedicated support\",\"Custom integrations\",\"Real-time notifications\"]', '2025-10-17 22:55:19', '2025-10-17 22:55:19', 100);

-- --------------------------------------------------------

--
-- Table structure for table `players`
--

CREATE TABLE `players` (
  `id` int(11) NOT NULL,
  `name` text NOT NULL,
  `email` VARCHAR(255) DEFAULT NULL,
  `user_id` int(11) DEFAULT NULL,
  `organization_id` int(11) NOT NULL,
  `date_of_birth` date DEFAULT NULL,
  `position` TEXT DEFAULT NULL,
  `jersey_number` int(11) DEFAULT NULL,
  `is_active` varchar(255) NOT NULL DEFAULT '1',
  `created_at` datetime DEFAULT NULL,
  `updated_at` datetime DEFAULT NULL
) ENGINE=InnoDB DEFAULT CHARSET=utf8mb4 COLLATE=utf8mb4_unicode_ci;

--
-- Dumping data for table `players`
--

INSERT INTO `players` (`id`, `name`, `email`, `user_id`, `organization_id`, `date_of_birth`, `position`, `jersey_number`, `is_active`, `created_at`, `updated_at`) VALUES
(1, 'Marko Petrović', 'marko.petrović@example.com', NULL, 1, '1998-10-17', 'Defender', 33, '1', '2025-10-17 23:07:16', '2025-10-17 23:07:16'),
(2, 'Ivan Jović', 'ivan.jović@example.com', NULL, 1, '1996-10-17', 'Midfielder', 21, '1', '2025-10-17 23:07:16', '2025-10-17 23:07:16'),
(3, 'Nikola Đorđević', 'nikola.Đorđević@example.com', NULL, 1, '1999-10-17', 'Forward', 29, '1', '2025-10-17 23:07:16', '2025-10-17 23:07:16'),
(4, 'Aleksandar Ilić', 'aleksandar.ilić@example.com', NULL, 1, '1997-10-17', 'Goalkeeper', 48, '1', '2025-10-17 23:07:16', '2025-10-17 23:07:16'),
(5, 'Milan Stefanović', 'milan.stefanović@example.com', NULL, 1, '1999-10-17', 'Goalkeeper', 28, '1', '2025-10-17 23:07:16', '2025-10-17 23:07:16'),
(6, 'Luka Pavlović', 'luka.pavlović@example.com', NULL, 1, '1997-10-17', 'Goalkeeper', 99, '1', '2025-10-17 23:07:16', '2025-10-17 23:07:16'),
(7, 'Filip Nikolić', 'filip.nikolić@example.com', NULL, 1, '2000-10-17', 'Forward', 57, '1', '2025-10-17 23:07:16', '2025-10-17 23:07:16'),
(8, 'Stefan Marković', 'stefan.marković@example.com', NULL, 1, '2003-10-17', 'Midfielder', 21, '1', '2025-10-17 23:07:16', '2025-10-17 23:07:16'),
(9, 'Andrija Kovačević', 'andrija.kovačević@example.com', NULL, 1, '1993-10-17', 'Goalkeeper', 95, '1', '2025-10-17 23:07:16', '2025-10-17 23:07:16'),
(10, 'Uroš Jovanović', 'uroš.jovanović@example.com', NULL, 1, '2000-10-17', 'Midfielder', 49, '1', '2025-10-17 23:07:16', '2025-10-17 23:07:16'),
(11, 'Đorđe Popović', 'Đorđe.popović@example.com', NULL, 1, '2004-10-17', 'Midfielder', 64, '1', '2025-10-17 23:07:16', '2025-10-17 23:07:16'),
(12, 'Vuk Radić', 'vuk.radić@example.com', NULL, 1, '1998-10-17', 'Forward', 38, '1', '2025-10-17 23:07:16', '2025-10-17 23:07:16'),
(13, 'Miloš Savić', 'miloš.savić@example.com', NULL, 1, '1985-10-17', 'Forward', 77, '1', '2025-10-17 23:07:16', '2025-10-17 23:07:16'),
(14, 'Nemanja Todorović', 'nemanja.todorović@example.com', NULL, 1, '1992-10-17', 'Goalkeeper', 76, '1', '2025-10-17 23:07:16', '2025-10-17 23:07:16'),
(15, 'Branko Simić', 'branko.simić@example.com', NULL, 1, '1985-10-17', 'Midfielder', 95, '1', '2025-10-17 23:07:16', '2025-10-17 23:07:16'),
(16, 'Vladimir Petrović', 'vladimir.petrović@example.com', NULL, 1, '1988-10-17', 'Goalkeeper', 82, '1', '2025-10-17 23:07:16', '2025-10-17 23:07:16'),
(17, 'Osman', NULL, NULL, 2, NULL, NULL, NULL, '1', '2025-10-18 07:56:35', '2025-10-18 07:56:35'),
(18, 'Ismar', NULL, NULL, 2, NULL, NULL, NULL, '1', '2025-10-18 07:56:40', '2025-10-18 07:56:40'),
(19, 'Mirsad', NULL, NULL, 2, NULL, NULL, NULL, '1', '2025-10-18 07:57:05', '2025-10-18 07:57:05'),
(20, 'Anel', NULL, NULL, 2, NULL, NULL, NULL, '1', '2025-10-18 07:57:10', '2025-10-18 07:57:10'),
(21, 'Armin', NULL, NULL, 2, NULL, NULL, NULL, '1', '2025-10-18 07:57:15', '2025-10-18 07:57:15'),
(22, 'Anel', 'anel@gmail.com', NULL, 2, NULL, NULL, NULL, '1', '2025-10-18 08:00:17', '2025-10-18 08:00:17'),
(23, 'Adnan', 'adnan@gmail.com', NULL, 2, NULL, NULL, NULL, '1', '2025-10-18 08:00:34', '2025-10-18 08:00:34'),
(24, 'Igor', 'igor@example.com', NULL, 2, NULL, NULL, NULL, '1', '2025-10-18 08:43:49', '2025-10-18 08:43:49'),
(25, 'Mirsoo', 'mir@example.com', NULL, 2, NULL, NULL, NULL, '1', '2025-10-18 08:44:13', '2025-10-18 08:44:13'),
(26, 'Habib', 'habi@example.com', NULL, 2, NULL, NULL, NULL, '1', '2025-10-18 08:44:30', '2025-10-18 08:44:30'),
(27, 'Er', '', NULL, 1, NULL, NULL, NULL, '1', '2025-10-18 09:37:21', '2025-10-18 09:37:21'),
(28, 'Ermin', 'erminselimovic90@gmail.com', 2, 1, NULL, NULL, NULL, '1', '2025-10-18 22:42:31', '2025-10-18 22:42:31'),
(29, 'Harun', '', NULL, 4, NULL, NULL, NULL, '1', '2025-10-22 13:25:23', '2025-10-22 13:25:23'),
(30, 'Nikola', '', NULL, 4, NULL, NULL, NULL, '1', '2025-10-22 13:25:38', '2025-10-22 13:25:38'),
(31, 'Ensar', '', NULL, 4, NULL, NULL, NULL, '1', '2025-10-22 13:25:48', '2025-10-22 13:25:48'),
(32, 'Almas', '', NULL, 4, NULL, NULL, NULL, '1', '2025-10-22 13:25:59', '2025-10-22 13:25:59'),
(33, 'Ervin', '', NULL, 4, NULL, NULL, NULL, '1', '2025-10-22 13:26:11', '2025-10-22 13:26:11'),
(34, 'Edo', NULL, NULL, 4, NULL, NULL, NULL, '1', '2025-10-22 13:49:51', '2025-10-22 13:49:51'),
(35, 'Adi', NULL, NULL, 4, NULL, NULL, NULL, '1', '2025-10-22 13:50:03', '2025-10-22 13:50:03'),
(36, 'Muamer', NULL, NULL, 4, NULL, NULL, NULL, '1', '2025-10-22 13:50:19', '2025-10-22 13:50:19'),
(37, 'Afan', NULL, NULL, 4, NULL, NULL, NULL, '1', '2025-10-22 13:50:32', '2025-10-22 13:50:32'),
(38, 'Gabriel', NULL, NULL, 4, NULL, NULL, NULL, '1', '2025-10-22 13:51:36', '2025-10-22 13:51:36'),
(39, 'Arslan', NULL, NULL, 4, NULL, NULL, NULL, '1', '2025-10-22 13:51:54', '2025-10-22 13:51:54'),
(40, 'Zijadić Benjamin', NULL, NULL, 1, NULL, 'Aladža', NULL, '1', '2025-10-24 22:10:36', '2025-10-24 22:10:36'),
(41, 'Čorić Emin', NULL, NULL, 1, NULL, 'Aladža', NULL, '1', '2025-10-24 22:10:36', '2025-10-24 22:10:36'),
(42, 'Škulj Bakir', NULL, NULL, 1, NULL, 'Aladža', NULL, '1', '2025-10-24 22:10:36', '2025-10-24 22:10:36'),
(43, 'Tvrtković Dario', NULL, NULL, 1, NULL, 'Aladža', NULL, '1', '2025-10-24 22:10:36', '2025-10-24 22:10:36'),
(44, 'Panić Demijan', NULL, NULL, 1, NULL, 'Banja Luka', NULL, '1', '2025-10-24 22:10:36', '2025-10-24 22:10:36'),
(45, 'Barišić Filip', NULL, NULL, 1, NULL, 'Banja Luka', NULL, '1', '2025-10-24 22:10:36', '2025-10-24 22:10:36'),
(46, 'Pavle Lukić', NULL, NULL, 1, NULL, 'Borac BL', NULL, '1', '2025-10-24 22:10:36', '2025-10-24 22:10:36'),
(47, 'David Zrnić', NULL, NULL, 1, NULL, 'CM Vitez', NULL, '1', '2025-10-24 22:10:36', '2025-10-24 22:10:36'),
(48, 'Mujkić Nisvet', NULL, NULL, 1, NULL, 'Doboj Istok', NULL, '1', '2025-10-24 22:10:36', '2025-10-24 22:10:36'),
(49, 'Mario Banjaš', NULL, NULL, 1, NULL, 'Kikinda', NULL, '1', '2025-10-24 22:10:36', '2025-10-24 22:10:36'),
(50, 'Vuk Stevanović', NULL, NULL, 1, NULL, 'Kikinda', NULL, '1', '2025-10-24 22:10:36', '2025-10-24 22:10:36'),
(51, 'Katana David', NULL, NULL, 1, NULL, 'Kotor Varoš', NULL, '1', '2025-10-24 22:10:36', '2025-10-24 22:10:36'),
(52, 'Zlotrg Dino', NULL, NULL, 1, NULL, 'Mladost', NULL, '1', '2025-10-24 22:10:36', '2025-10-24 22:10:36'),
(53, 'Maglić Kamer', NULL, NULL, 1, NULL, 'Mladost', NULL, '1', '2025-10-24 22:10:36', '2025-10-24 22:10:36'),
(54, 'Irfan Hadžiabdić', NULL, NULL, 1, NULL, 'Sarajevo', NULL, '1', '2025-10-24 22:10:36', '2025-10-24 22:10:36'),
(55, 'Zlatan Telalagić', NULL, NULL, 1, NULL, 'Sarajevo', NULL, '1', '2025-10-24 22:10:36', '2025-10-24 22:10:36'),
(56, 'Karađuz Amin', NULL, NULL, 1, NULL, 'Set Gračanica', NULL, '1', '2025-10-24 22:10:36', '2025-10-24 22:10:36'),
(57, 'Kanlić Aron', NULL, NULL, 1, NULL, 'Spin 2012', NULL, '1', '2025-10-24 22:10:36', '2025-10-24 22:10:36'),
(58, 'Fakić Raif', NULL, NULL, 1, NULL, 'Spin 2012', NULL, '1', '2025-10-24 22:10:36', '2025-10-24 22:10:36'),
(59, 'Fakić Faruk', NULL, NULL, 1, NULL, 'Spin 2012', NULL, '1', '2025-10-24 22:10:36', '2025-10-24 22:10:36'),
(60, 'Nidal Bašić', NULL, NULL, 1, NULL, 'Spin 2012', NULL, '1', '2025-10-24 22:10:36', '2025-10-24 22:10:36'),
(61, 'Mičić Marko', NULL, NULL, 1, NULL, 'Spin 2012', NULL, '1', '2025-10-24 22:10:36', '2025-10-24 22:10:36'),
(62, 'Nikša Vesović', NULL, NULL, 1, NULL, 'Spin BL', NULL, '1', '2025-10-24 22:10:36', '2025-10-24 22:10:36'),
(63, 'Đorđe Ćelić', NULL, NULL, 1, NULL, 'Spin BL', NULL, '1', '2025-10-24 22:10:36', '2025-10-24 22:10:36'),
(64, 'Vukašin Kecman', NULL, NULL, 1, NULL, 'Spin BL', NULL, '1', '2025-10-24 22:10:36', '2025-10-24 22:10:36'),
(65, 'Ognjen Davidović', NULL, NULL, 1, NULL, 'Spin BL', NULL, '1', '2025-10-24 22:10:36', '2025-10-24 22:10:36'),
(66, 'Vuk Sukara', NULL, NULL, 1, NULL, 'Spin BL', NULL, '1', '2025-10-24 22:10:36', '2025-10-24 22:10:36'),
(67, 'Aleksa Pantelić', NULL, NULL, 1, NULL, 'Srbac', NULL, '1', '2025-10-24 22:10:36', '2025-10-24 22:10:36'),
(68, 'Šenk Ljupka', NULL, NULL, 1, NULL, 'Aladža', NULL, '1', '2025-10-24 22:20:01', '2025-10-24 22:20:01'),
(69, 'Bojana Nježić', NULL, NULL, 1, NULL, 'Borac BL', NULL, '1', '2025-10-24 22:20:01', '2025-10-24 22:20:01'),
(70, 'Teodora Bjelajac', NULL, NULL, 1, NULL, 'Borac BL', NULL, '1', '2025-10-24 22:20:01', '2025-10-24 22:20:01'),
(71, 'Sandra Dragišić', NULL, NULL, 1, NULL, 'Borac BL', NULL, '1', '2025-10-24 22:20:01', '2025-10-24 22:20:01'),
(72, 'Duvnjak Zara', NULL, NULL, 1, NULL, 'Bugojno', NULL, '1', '2025-10-24 22:20:01', '2025-10-24 22:20:01'),
(73, 'Husaković Lamija', NULL, NULL, 1, NULL, 'Doboj Istok', NULL, '1', '2025-10-24 22:20:01', '2025-10-24 22:20:01'),
(74, 'Osmić Adna', NULL, NULL, 1, NULL, 'Doboj Istok', NULL, '1', '2025-10-24 22:20:01', '2025-10-24 22:20:01'),
(75, 'Zembić Enna', NULL, NULL, 1, NULL, 'Kotor Varoš', NULL, '1', '2025-10-24 22:20:01', '2025-10-24 22:20:01'),
(76, 'Mikanović Dajana', NULL, NULL, 1, NULL, 'Kotor Varoš', NULL, '1', '2025-10-24 22:20:01', '2025-10-24 22:20:01'),
(77, 'Knežević Slađa', NULL, NULL, 1, NULL, 'Novi Sad', NULL, '1', '2025-10-24 22:20:01', '2025-10-24 22:20:01'),
(78, 'Emina Cerić', NULL, NULL, 1, NULL, 'Sarajevo', NULL, '1', '2025-10-24 22:20:01', '2025-10-24 22:20:01'),
(79, 'Mujić Ajna', NULL, NULL, 1, NULL, 'Set Gračanica', NULL, '1', '2025-10-24 22:20:01', '2025-10-24 22:20:01'),
(80, 'Letić Anela', NULL, NULL, 1, NULL, 'Set Gračanica', NULL, '1', '2025-10-24 22:20:01', '2025-10-24 22:20:01'),
(81, 'Saira Handžić', NULL, NULL, 1, NULL, 'Spin 2012', NULL, '1', '2025-10-24 22:20:01', '2025-10-24 22:20:01'),
(82, 'Ana Sladoje', NULL, NULL, 1, NULL, 'Spin 2012', NULL, '1', '2025-10-24 22:20:01', '2025-10-24 22:20:01'),
(83, 'Novosel Iva', NULL, NULL, 1, NULL, 'Spin 2012', NULL, '1', '2025-10-24 22:20:01', '2025-10-24 22:20:01'),
(84, 'Jelena Mrđen', NULL, NULL, 1, NULL, 'Spin BL', NULL, '1', '2025-10-24 22:20:01', '2025-10-24 22:20:01'),
(85, 'Zara Kolak', NULL, NULL, 1, NULL, 'Vinkovici', NULL, '1', '2025-10-24 22:20:01', '2025-10-24 22:20:01'),
(86, 'Rebihić Nejra', NULL, NULL, 1, NULL, 'Vitez', NULL, '1', '2025-10-24 22:20:01', '2025-10-24 22:20:01'),
(156, 'Teodora Sladoje', NULL, NULL, 4, NULL, 'Spin 2012', NULL, '1', '2025-10-28 09:39:43', '2025-10-28 09:39:43'),
(157, 'Plavišić Minja', NULL, NULL, 4, NULL, 'Kotor Varoš', NULL, '1', '2025-10-28 09:39:43', '2025-10-28 09:39:43'),
(158, 'Mešanović Nadin', NULL, NULL, 4, NULL, 'Kreka', NULL, '1', '2025-10-28 09:39:44', '2025-10-28 09:39:44'),
(159, 'Baraković Lejna', NULL, NULL, 4, NULL, 'Set Gračanica', NULL, '1', '2025-10-28 09:39:44', '2025-10-28 09:39:44'),
(160, 'Olivera Kecman', NULL, NULL, 4, NULL, 'Spin BL', NULL, '1', '2025-10-28 09:39:44', '2025-10-28 09:39:44'),
(161, 'Hodžić Iman', NULL, NULL, 4, NULL, 'Doboj Istok', NULL, '1', '2025-10-28 09:39:44', '2025-10-28 09:39:44'),
(162, 'Čajić Asja', NULL, NULL, 4, NULL, 'Set Gračanica', NULL, '1', '2025-10-28 09:39:45', '2025-10-28 09:39:45'),
(163, 'Petković Anđa', NULL, NULL, 4, NULL, 'Kotor Varoš', NULL, '1', '2025-10-28 09:39:45', '2025-10-28 09:39:45'),
(164, 'Šakić Naida', NULL, NULL, 4, NULL, 'Doboj Istok', NULL, '1', '2025-10-28 09:39:46', '2025-10-28 09:39:46'),
(165, 'Kurtić Vildana', NULL, NULL, 4, NULL, 'Lukavac', NULL, '1', '2025-10-28 09:39:46', '2025-10-28 09:39:46'),
(166, 'Mehanović Adna', NULL, NULL, 4, NULL, 'Set Gračanica', NULL, '1', '2025-10-28 09:39:46', '2025-10-28 09:39:46'),
(167, 'Bačinović Ilma', NULL, NULL, 4, NULL, 'Doboj Istok', NULL, '1', '2025-10-28 09:39:46', '2025-10-28 09:39:46'),
(168, 'Smajlović Inga', NULL, NULL, 4, NULL, 'Kreka', NULL, '1', '2025-10-28 09:39:47', '2025-10-28 09:39:47'),
(169, 'Maleš Luka', NULL, NULL, 4, NULL, 'Banja Luka', NULL, '1', '2025-10-28 09:42:57', '2025-10-28 09:42:57'),
(170, 'Dragoljević Lazar', NULL, NULL, 4, NULL, 'Novi Sad', NULL, '1', '2025-10-28 09:42:57', '2025-10-28 09:42:57'),
(171, 'Nurkić Faruk', NULL, NULL, 4, NULL, 'Set Gračanica', NULL, '1', '2025-10-28 09:42:57', '2025-10-28 09:42:57'),
(172, 'Džinić Harun', NULL, NULL, 4, NULL, 'Mladost', NULL, '1', '2025-10-28 09:42:58', '2025-10-28 09:42:58'),
(173, 'Mujkić Mirza', NULL, NULL, 4, NULL, 'Doboj Istok', NULL, '1', '2025-10-28 09:42:58', '2025-10-28 09:42:58'),
(174, 'Vuk Janko', NULL, NULL, 4, NULL, 'Novi Sad', NULL, '1', '2025-10-28 09:42:58', '2025-10-28 09:42:58'),
(175, 'Muhić Harun', NULL, NULL, 4, NULL, 'Lukavac', NULL, '1', '2025-10-28 09:42:59', '2025-10-28 09:42:59'),
(176, 'Zukić Orhan', NULL, NULL, 4, NULL, 'Mladost', NULL, '1', '2025-10-28 09:42:59', '2025-10-28 09:42:59'),
(177, 'Milinković Stefan', NULL, NULL, 4, NULL, 'Kotor Varoš', NULL, '1', '2025-10-28 09:42:59', '2025-10-28 09:42:59'),
(178, 'Filip Kojić', NULL, NULL, 4, NULL, 'Modriča', NULL, '1', '2025-10-28 09:43:00', '2025-10-28 09:43:00'),
(179, 'Nurkić Faris', NULL, NULL, 4, NULL, 'Set Gračanica', NULL, '1', '2025-10-28 09:43:00', '2025-10-28 09:43:00'),
(180, 'Duronjić Milutin', NULL, NULL, 4, NULL, 'Doboj Istok', NULL, '1', '2025-10-28 09:43:00', '2025-10-28 09:43:00'),
(181, 'Đukić Adrej', NULL, NULL, 4, NULL, 'Banja Luka', NULL, '1', '2025-10-28 09:43:00', '2025-10-28 09:43:00'),
(182, 'Đulović Afan', NULL, NULL, 4, NULL, 'Kreka', NULL, '1', '2025-10-28 09:43:00', '2025-10-28 09:43:00'),
(183, 'Mešanović Mensur', NULL, NULL, 4, NULL, 'Sana', NULL, '1', '2025-10-28 09:43:01', '2025-10-28 09:43:01'),
(184, 'Draganović Danin', NULL, NULL, 4, NULL, 'Sana', NULL, '1', '2025-10-28 09:43:01', '2025-10-28 09:43:01'),
(185, 'Luka Sučić', NULL, NULL, 4, NULL, 'CM Vitez', NULL, '1', '2025-10-28 09:46:31', '2025-10-28 09:46:31'),
(186, 'Čabaravdić Benjamin', NULL, NULL, 4, NULL, 'Mladost', NULL, '1', '2025-10-28 09:46:31', '2025-10-28 09:46:31'),
(187, 'Vasilije Partalo', NULL, NULL, 4, NULL, 'Spin BL', NULL, '1', '2025-10-28 09:46:32', '2025-10-28 09:46:32'),
(188, 'Bajrović Beriz', NULL, NULL, 4, NULL, 'Aladža', NULL, '1', '2025-10-28 09:46:32', '2025-10-28 09:46:32'),
(189, 'Sergej Kojić', NULL, NULL, 4, NULL, 'XYZ', NULL, '1', '2025-10-28 09:46:32', '2025-10-28 13:21:15'),
(190, 'Vasiljević Nikola', NULL, NULL, 4, NULL, 'Kreka', NULL, '1', '2025-10-28 09:46:33', '2025-10-28 09:46:33'),
(191, 'Luka Matijanić', NULL, NULL, 4, NULL, 'CM Vitez', NULL, '1', '2025-10-28 09:46:34', '2025-10-28 09:46:34'),
(192, 'Milovanović Andrija', NULL, NULL, 4, NULL, 'Željezničar Doboj', NULL, '1', '2025-10-28 09:46:35', '2025-10-28 09:46:35'),
(193, 'Matej Topalović', NULL, NULL, 4, NULL, 'Borac BL', NULL, '1', '2025-10-28 09:46:36', '2025-10-28 09:46:36'),
(194, 'Fazlić Ensar', NULL, NULL, 4, NULL, 'Kreka', NULL, '1', '2025-10-28 09:46:38', '2025-10-28 09:46:38'),
(195, 'Kuljanin Nikola', NULL, NULL, 4, NULL, 'Željezničar Doboj', NULL, '1', '2025-10-28 09:46:40', '2025-10-28 09:46:40'),
(196, 'Nikola Vučinić', NULL, NULL, 4, NULL, 'Vinkovici', NULL, '1', '2025-10-28 09:46:41', '2025-10-28 09:46:41'),
(197, 'Zukan Enes', NULL, NULL, 4, NULL, 'Vitez', NULL, '1', '2025-10-28 09:46:42', '2025-10-28 09:46:42'),
(198, 'Miloš Jošić', NULL, NULL, 4, NULL, 'Kotor Varoš', NULL, '1', '2025-10-28 09:46:43', '2025-10-28 09:46:43'),
(199, 'Golac Jakov', NULL, NULL, 4, NULL, 'Banja Luka', NULL, '1', '2025-10-28 09:46:43', '2025-10-28 09:46:43'),
(200, 'Brkić Gabriel', NULL, NULL, 4, NULL, 'Kreka', NULL, '1', '2025-10-28 09:46:46', '2025-10-28 09:46:46'),
(201, 'Aron Marošević', NULL, NULL, 4, NULL, 'Vinkovici', NULL, '1', '2025-10-28 09:46:46', '2025-10-28 09:46:46'),
(202, 'Vukašin Đurić', NULL, NULL, 4, NULL, 'Spin BL', NULL, '1', '2025-10-28 09:46:47', '2025-10-28 09:46:47'),
(203, 'Vladan Spasojević', NULL, NULL, 4, NULL, 'Modriča', NULL, '1', '2025-10-28 09:46:47', '2025-10-28 09:46:47'),
(204, 'Nuković Almas', NULL, NULL, 4, NULL, 'Kreka', NULL, '1', '2025-10-28 09:46:48', '2025-10-28 09:46:48'),
(205, 'Hodžić Emir', NULL, NULL, 4, NULL, 'Doboj Istok', NULL, '1', '2025-10-28 09:46:49', '2025-10-28 09:46:49'),
(206, 'Moranjkić Harun', NULL, NULL, 4, NULL, 'Kreka', NULL, '1', '2025-10-28 09:46:50', '2025-10-28 09:46:50'),
(207, 'Zjakić Emir', NULL, NULL, 4, NULL, 'Sana', NULL, '1', '2025-10-28 09:46:50', '2025-10-28 09:46:50'),
(208, 'Mia Hadžović', NULL, NULL, 4, NULL, 'Spin 2012', NULL, '1', '2025-10-28 09:52:49', '2025-10-28 09:52:49'),
(209, 'Mehanović Lejla', NULL, NULL, 4, NULL, 'Set Gračanica', NULL, '1', '2025-10-28 09:52:50', '2025-10-28 09:52:50'),
(210, 'Maja Majstorović', NULL, NULL, 4, NULL, 'Spin BL', NULL, '1', '2025-10-28 09:52:50', '2025-10-28 09:52:50'),
(211, 'Teodora Stevanović', NULL, NULL, 4, NULL, 'Željezničar Doboj', NULL, '1', '2025-10-28 09:52:50', '2025-10-28 09:52:50'),
(212, 'Zlotrg Zara', NULL, NULL, 4, NULL, 'Mladost', NULL, '1', '2025-10-28 09:52:50', '2025-10-28 09:52:50'),
(213, 'Hrustić Esma', NULL, NULL, 4, NULL, 'Vitez', NULL, '1', '2025-10-28 09:52:50', '2025-10-28 09:52:50'),
(214, 'Lejla Botonjić', NULL, NULL, 4, NULL, 'Spin 2012', NULL, '1', '2025-10-28 09:52:50', '2025-10-28 09:52:50'),
(215, 'Irina Vujinović', NULL, NULL, 4, NULL, 'Borac BL', NULL, '1', '2025-10-28 09:52:51', '2025-10-28 09:52:51'),
(216, 'Milica Mandić', NULL, NULL, 4, NULL, 'Kotor Varoš', NULL, '1', '2025-10-28 09:52:51', '2025-10-28 09:52:51'),
(217, 'Spasojević Dunja', NULL, NULL, 4, NULL, 'Željezničar Doboj', NULL, '1', '2025-10-28 09:52:51', '2025-10-28 09:52:51'),
(218, 'Anja Topić', NULL, NULL, 4, NULL, 'Kotor Varoš', NULL, '1', '2025-10-28 09:52:52', '2025-10-28 09:52:52'),
(219, 'Mehić Iman', NULL, NULL, 4, NULL, 'Vitez', NULL, '1', '2025-10-28 09:52:52', '2025-10-28 09:52:52'),
(220, 'Amani Zulčić', NULL, NULL, 4, NULL, 'Spin 2012', NULL, '1', '2025-10-28 09:52:53', '2025-10-28 09:52:53'),
(221, 'Irina Petković', NULL, NULL, 4, NULL, 'Kotor Varoš', NULL, '1', '2025-10-28 09:52:53', '2025-10-28 09:52:53'),
(222, 'Tea Stojaković', NULL, NULL, 4, NULL, 'Srbac', NULL, '1', '2025-10-28 09:52:53', '2025-10-28 09:52:53'),
(223, 'Lena Terzić', NULL, NULL, 4, NULL, 'Kikinda', NULL, '1', '2025-10-28 09:52:53', '2025-10-28 09:52:53'),
(224, 'Una Todorović', NULL, NULL, 4, NULL, 'Spin BL', NULL, '1', '2025-10-28 09:52:54', '2025-10-28 09:52:54'),
(225, 'Zara Stojaković', NULL, NULL, 4, NULL, 'Srbac', NULL, '1', '2025-10-28 09:52:54', '2025-10-28 09:52:54'),
(226, 'Nedžma Camović', NULL, NULL, 4, NULL, 'Sarajevo', NULL, '1', '2025-10-28 09:52:54', '2025-10-28 09:52:54'),
(227, 'Muharemović Tarik', NULL, NULL, 4, NULL, 'Set Gračanica', NULL, '1', '2025-10-28 10:57:48', '2025-10-28 10:57:48'),
(228, 'Đorđe Ćelić', NULL, NULL, 4, NULL, 'Spin BL', NULL, '1', '2025-10-28 10:57:48', '2025-10-28 10:57:48'),
(229, 'Brkić Gabrijel', NULL, NULL, 4, NULL, 'Kreka', NULL, '1', '2025-10-28 10:57:48', '2025-10-28 10:57:48'),
(230, 'Nidal Bašić', NULL, NULL, 4, NULL, 'Spin 2012', NULL, '1', '2025-10-28 10:57:49', '2025-10-28 10:57:49'),
(231, 'Bucalo Marko', NULL, NULL, 4, NULL, 'Banja Luka', NULL, '1', '2025-10-28 10:57:49', '2025-10-28 10:57:49'),
(232, 'Zlatan Telalagić', NULL, NULL, 4, NULL, 'Sarajevo', NULL, '1', '2025-10-28 10:57:49', '2025-10-28 10:57:49'),
(233, 'Zlotrg Dino', NULL, NULL, 4, NULL, 'Mladost', NULL, '1', '2025-10-28 10:57:49', '2025-10-28 10:57:49'),
(234, 'Petković Pavle', NULL, NULL, 4, NULL, 'Kotor Varoš', NULL, '1', '2025-10-28 10:57:50', '2025-10-28 10:57:50'),
(235, 'Marić Nikša', NULL, NULL, 4, NULL, 'Banja Luka', NULL, '1', '2025-10-28 10:57:50', '2025-10-28 10:57:50'),
(236, 'Mario Banjaš', NULL, NULL, 4, NULL, 'Kikinda', NULL, '1', '2025-10-28 10:57:50', '2025-10-28 10:57:50'),
(237, 'Tvrtković Dario', NULL, NULL, 4, NULL, 'Aladža', NULL, '1', '2025-10-28 10:57:51', '2025-10-28 10:57:51'),
(238, 'Savić Vasil', NULL, NULL, 4, NULL, 'Banja Luka', NULL, '1', '2025-10-28 10:57:51', '2025-10-28 10:57:51'),
(239, 'Vukašin Kecman', NULL, NULL, 4, NULL, 'Spin BL', NULL, '1', '2025-10-28 10:57:51', '2025-10-28 10:57:51'),
(240, 'Irfan Hadžiabdić', NULL, NULL, 4, NULL, 'Sarajevo', NULL, '1', '2025-10-28 10:57:51', '2025-10-28 10:57:51'),
(241, 'Čapanda David', NULL, NULL, 4, NULL, 'Selenča', NULL, '1', '2025-10-28 10:57:52', '2025-10-28 10:57:52'),
(242, 'Tin Škrlec', NULL, NULL, 4, NULL, 'Vinkovici', NULL, '1', '2025-10-28 10:57:52', '2025-10-28 10:57:52'),
(243, 'Vuk Sukara', NULL, NULL, 4, NULL, 'Spin BL', NULL, '1', '2025-10-28 10:57:52', '2025-10-28 10:57:52'),
(244, 'Mejrić Harun', NULL, NULL, 4, NULL, 'Lukavac', NULL, '1', '2025-10-28 10:57:53', '2025-10-28 10:57:53'),
(245, 'Ognjen Davidović', NULL, NULL, 4, NULL, 'Spin BL', NULL, '1', '2025-10-28 10:57:53', '2025-10-28 10:57:53'),
(246, 'Brkić Demin', NULL, NULL, 4, NULL, 'Kreka', NULL, '1', '2025-10-28 10:57:54', '2025-10-28 10:57:54'),
(247, 'Čajić Mahir', NULL, NULL, 4, NULL, 'Set Gračanica', NULL, '1', '2025-10-28 10:57:54', '2025-10-28 10:57:54'),
(248, 'Fazlić Ervin', NULL, NULL, 4, NULL, 'Kreka', NULL, '1', '2025-10-28 10:57:54', '2025-10-28 10:57:54'),
(249, 'Zjakić Amar', NULL, NULL, 4, NULL, 'Sana', NULL, '1', '2025-10-28 10:57:54', '2025-10-28 10:57:54'),
(250, 'Bubić Andrija', NULL, NULL, 4, NULL, 'Kotor Varoš', NULL, '1', '2025-10-28 11:02:50', '2025-10-28 11:02:50'),
(251, 'Hodžić Zejd', NULL, NULL, 4, NULL, 'Doboj Istok', NULL, '1', '2025-10-28 11:02:51', '2025-10-28 11:02:51'),
(252, 'Aleso Crljenica', NULL, NULL, 4, NULL, 'Mladost', NULL, '1', '2025-10-28 11:02:51', '2025-10-28 11:02:51'),
(253, 'Haskić Harun', NULL, NULL, 4, NULL, 'Vitez', NULL, '1', '2025-10-28 11:02:51', '2025-10-28 11:02:51'),
(254, 'Topić Novak', NULL, NULL, 4, NULL, 'Kotor Varoš', NULL, '1', '2025-10-28 11:02:52', '2025-10-28 11:02:52'),
(255, 'Imamović Esad', NULL, NULL, 4, NULL, 'Doboj Istok', NULL, '1', '2025-10-28 11:02:52', '2025-10-28 11:02:52'),
(256, 'Vlado Spasojević', NULL, NULL, 4, NULL, 'XYZ', NULL, '1', '2025-10-28 13:21:15', '2025-10-28 13:21:15');

-- --------------------------------------------------------

--
-- Table structure for table `sessions`
--

CREATE TABLE `sessions` (
  `id` varchar(255) NOT NULL,
  `user_id` int(11) DEFAULT NULL,
  `ip_address` TEXT DEFAULT NULL,
  `user_agent` TEXT DEFAULT NULL,
  `payload` text NOT NULL,
  `last_activity` int(11) NOT NULL
) ENGINE=InnoDB DEFAULT CHARSET=utf8mb4 COLLATE=utf8mb4_unicode_ci;

--
-- Dumping data for table `sessions`
--

INSERT INTO `sessions` (`id`, `user_id`, `ip_address`, `user_agent`, `payload`, `last_activity`) VALUES
('0xEl32avLBRXNb1ippPo8OgeMvvauRWQhHDgS4xZ', NULL, '136.0.111.243', 'TeamSphere Keep-Alive Cron/1.0', 'YTozOntzOjY6Il90b2tlbiI7czo0MDoiY0hsZnEwQzQ0WVByQlp3OGVBRlRMcm5Xck9weTR2OWR5WUpzbnhJTSI7czo5OiJfcHJldmlvdXMiO2E6MTp7czozOiJ1cmwiO3M6NDI6Imh0dHBzOi8vdGVhbXNwaGVyZS5pbmZpbml0eWNyZWF0aXZlLmFnZW5jeSI7fXM6NjoiX2ZsYXNoIjthOjI6e3M6Mzoib2xkIjthOjA6e31zOjM6Im5ldyI7YTowOnt9fX0=', 1761756911),
('5clBJWWUKIXNZrXbPrAho2t5gZIXSohwb3zBP0W5', NULL, '136.0.111.243', 'TeamSphere Keep-Alive Cron/1.0', 'YTozOntzOjY6Il90b2tlbiI7czo0MDoibFJhclNQV0xKRTEzTmZ0TUJna0ZERXc2NFZEcVp4NVBVRlpCeFhrTSI7czo5OiJfcHJldmlvdXMiO2E6MTp7czozOiJ1cmwiO3M6NDI6Imh0dHBzOi8vdGVhbXNwaGVyZS5pbmZpbml0eWNyZWF0aXZlLmFnZW5jeSI7fXM6NjoiX2ZsYXNoIjthOjI6e3M6Mzoib2xkIjthOjA6e31zOjM6Im5ldyI7YTowOnt9fX0=', 1761757208),
('5xAfRr019sG1Xf3aFzw2Etw9vJZspiSNtCEBps2L', NULL, '136.0.111.243', 'TeamSphere Keep-Alive Cron/1.0', 'YTozOntzOjY6Il90b2tlbiI7czo0MDoiZEx1VkJuZ3k0bkt0U3hwZmI2NXlmOVQyc3Q3a2dYcHFNaG81YTJGayI7czo5OiJfcHJldmlvdXMiO2E6MTp7czozOiJ1cmwiO3M6NDI6Imh0dHBzOi8vdGVhbXNwaGVyZS5pbmZpbml0eWNyZWF0aXZlLmFnZW5jeSI7fXM6NjoiX2ZsYXNoIjthOjI6e3M6Mzoib2xkIjthOjA6e31zOjM6Im5ldyI7YTowOnt9fX0=', 1761756309),
('6YCqkyAqw1yJKoLLNf68EoDKAvJCJif88jSp35gu', NULL, '136.0.111.243', 'TeamSphere Keep-Alive Cron/1.0', 'YTozOntzOjY6Il90b2tlbiI7czo0MDoieFNYbmxwcGF0MURXSlNGRXFaTGczem1BZUNwS2EzWG5sNjlqcXh4VSI7czo5OiJfcHJldmlvdXMiO2E6MTp7czozOiJ1cmwiO3M6NDI6Imh0dHBzOi8vdGVhbXNwaGVyZS5pbmZpbml0eWNyZWF0aXZlLmFnZW5jeSI7fXM6NjoiX2ZsYXNoIjthOjI6e3M6Mzoib2xkIjthOjA6e31zOjM6Im5ldyI7YTowOnt9fX0=', 1761749107),
('99iTv0cGzZM3jjEU7KnanQB1ZB2Ik10ji3ZsQIww', NULL, '136.0.111.243', 'TeamSphere Keep-Alive Cron/1.0', 'YTozOntzOjY6Il90b2tlbiI7czo0MDoiVm5tYzRzNnNmOUNuYkx5R2hPRmFzME9RZndwcm83ZW8wMlFFdW11byI7czo5OiJfcHJldmlvdXMiO2E6MTp7czozOiJ1cmwiO3M6NDI6Imh0dHBzOi8vdGVhbXNwaGVyZS5pbmZpbml0eWNyZWF0aXZlLmFnZW5jeSI7fXM6NjoiX2ZsYXNoIjthOjI6e3M6Mzoib2xkIjthOjA6e31zOjM6Im5ldyI7YTowOnt9fX0=', 1761761407),
('a9eCYJrXrWVy9RybidQ3m3WpWfMy4iBoBhhHACEQ', NULL, '136.0.111.243', 'TeamSphere Keep-Alive Cron/1.0', 'YTozOntzOjY6Il90b2tlbiI7czo0MDoiUlo0UGdMSzFVMDR3M1JoRks3SFNWRVA3REFWVUxWS1lVd2FxMHI4eCI7czo5OiJfcHJldmlvdXMiO2E6MTp7czozOiJ1cmwiO3M6NDI6Imh0dHBzOi8vdGVhbXNwaGVyZS5pbmZpbml0eWNyZWF0aXZlLmFnZW5jeSI7fXM6NjoiX2ZsYXNoIjthOjI6e3M6Mzoib2xkIjthOjA6e31zOjM6Im5ldyI7YTowOnt9fX0=', 1761760813),
('ATrC0HNN1Z1nmrQNvd6TolZvxRWLW0yL927mxmzk', NULL, '136.0.111.243', 'TeamSphere Keep-Alive Cron/1.0', 'YTozOntzOjY6Il90b2tlbiI7czo0MDoibzZUWnBVWm43ZjFya0cxZ0U5eXZZWTY1UEc4dUlJV1BiR1lHV0ZzNyI7czo5OiJfcHJldmlvdXMiO2E6MTp7czozOiJ1cmwiO3M6NDI6Imh0dHBzOi8vdGVhbXNwaGVyZS5pbmZpbml0eWNyZWF0aXZlLmFnZW5jeSI7fXM6NjoiX2ZsYXNoIjthOjI6e3M6Mzoib2xkIjthOjA6e31zOjM6Im5ldyI7YTowOnt9fX0=', 1761759013),
('aZ5yzftaF1Ogmr2E8R4dCsOkafO8EG2NeLP1Orxe', NULL, '136.0.111.243', 'TeamSphere Keep-Alive Cron/1.0', 'YTozOntzOjY6Il90b2tlbiI7czo0MDoidElVV2lqd2NjWGtwd2UwaFhEYkhIejZBeWxuMnVUOEVBaHZ6MktHUCI7czo5OiJfcHJldmlvdXMiO2E6MTp7czozOiJ1cmwiO3M6NDI6Imh0dHBzOi8vdGVhbXNwaGVyZS5pbmZpbml0eWNyZWF0aXZlLmFnZW5jeSI7fXM6NjoiX2ZsYXNoIjthOjI6e3M6Mzoib2xkIjthOjA6e31zOjM6Im5ldyI7YTowOnt9fX0=', 1761755107),
('czNRLseC3VjpURN7fIdpRDhV2EvpGnWG9crokS28', NULL, '136.0.111.243', 'TeamSphere Keep-Alive Cron/1.0', 'YTozOntzOjY6Il90b2tlbiI7czo0MDoiaFoxMXBDbnhCMjJSSVg3ejZUSXJJMGgwVkFWSTJJU1c0bE41aThLVCI7czo5OiJfcHJldmlvdXMiO2E6MTp7czozOiJ1cmwiO3M6NDI6Imh0dHBzOi8vdGVhbXNwaGVyZS5pbmZpbml0eWNyZWF0aXZlLmFnZW5jeSI7fXM6NjoiX2ZsYXNoIjthOjI6e3M6Mzoib2xkIjthOjA6e31zOjM6Im5ldyI7YTowOnt9fX0=', 1761753906),
('D0FpZOv0Vg6ISVgEI1z81oWPLV2v2IQARdl3FUhR', NULL, '136.0.111.243', 'TeamSphere Keep-Alive Cron/1.0', 'YTozOntzOjY6Il90b2tlbiI7czo0MDoiY3ZpZ1Q3VGFLalNKZUlianNDQU00TkdUWXlVN3kxNkhUb1VZU2IzNCI7czo5OiJfcHJldmlvdXMiO2E6MTp7czozOiJ1cmwiO3M6NDI6Imh0dHBzOi8vdGVhbXNwaGVyZS5pbmZpbml0eWNyZWF0aXZlLmFnZW5jeSI7fXM6NjoiX2ZsYXNoIjthOjI6e3M6Mzoib2xkIjthOjA6e31zOjM6Im5ldyI7YTowOnt9fX0=', 1761749408),
('eAomyotpy6rQdafLBgKP2J8dT6I9Ss5rXbq0aY0D', NULL, '136.0.111.243', 'TeamSphere Keep-Alive Cron/1.0', 'YTozOntzOjY6Il90b2tlbiI7czo0MDoiNVlNRTFISndmemY1WXdpNUk3SXN1MU9iU05kVHhzWFhnSEEycVc0USI7czo5OiJfcHJldmlvdXMiO2E6MTp7czozOiJ1cmwiO3M6NDI6Imh0dHBzOi8vdGVhbXNwaGVyZS5pbmZpbml0eWNyZWF0aXZlLmFnZW5jeSI7fXM6NjoiX2ZsYXNoIjthOjI6e3M6Mzoib2xkIjthOjA6e31zOjM6Im5ldyI7YTowOnt9fX0=', 1761761111),
('Ehc4sMHpzqSzaZ6MCYcizxBzUpvuJVPRkTpsl9AJ', NULL, '136.0.111.243', 'TeamSphere Keep-Alive Cron/1.0', 'YTozOntzOjY6Il90b2tlbiI7czo0MDoiRURQdzhmWmFIU2tsZ0Fabzlzc3Z1a0J4YXQ3YlhadXhKbWhsQldYQSI7czo5OiJfcHJldmlvdXMiO2E6MTp7czozOiJ1cmwiO3M6NDI6Imh0dHBzOi8vdGVhbXNwaGVyZS5pbmZpbml0eWNyZWF0aXZlLmFnZW5jeSI7fXM6NjoiX2ZsYXNoIjthOjI6e3M6Mzoib2xkIjthOjA6e31zOjM6Im5ldyI7YTowOnt9fX0=', 1761755412),
('EZXiSoOe5xbu3OUbTHscLI6fufMDsi4PIOnskLNX', NULL, '136.0.111.243', 'TeamSphere Keep-Alive Cron/1.0', 'YTozOntzOjY6Il90b2tlbiI7czo0MDoiTFNDbE4xZ0pNZGt4ZGpWRFJnbVY0bDhuckxVVlpEa3FTdVMyZlF2YyI7czo5OiJfcHJldmlvdXMiO2E6MTp7czozOiJ1cmwiO3M6NDI6Imh0dHBzOi8vdGVhbXNwaGVyZS5pbmZpbml0eWNyZWF0aXZlLmFnZW5jeSI7fXM6NjoiX2ZsYXNoIjthOjI6e3M6Mzoib2xkIjthOjA6e31zOjM6Im5ldyI7YTowOnt9fX0=', 1761758106),
('f9JBDYjuO140B82pZzpCx9g15rM14b82sPoXlC0h', NULL, '136.0.111.243', 'TeamSphere Keep-Alive Cron/1.0', 'YTozOntzOjY6Il90b2tlbiI7czo0MDoiVkZpNjNRaDI0UnBVU1dLMFcwWkpOVFl4d1ZERFVCb1RNbXhnQ1ZaRCI7czo5OiJfcHJldmlvdXMiO2E6MTp7czozOiJ1cmwiO3M6NDI6Imh0dHBzOi8vdGVhbXNwaGVyZS5pbmZpbml0eWNyZWF0aXZlLmFnZW5jeSI7fXM6NjoiX2ZsYXNoIjthOjI6e3M6Mzoib2xkIjthOjA6e31zOjM6Im5ldyI7YTowOnt9fX0=', 1761759907),
('fH664HAyNtbYz9MasQO6LzgXbV5Oy4IZkZ5XcVgL', NULL, '136.0.111.243', 'TeamSphere Keep-Alive Cron/1.0', 'YTozOntzOjY6Il90b2tlbiI7czo0MDoiY3htcTZNelhiajZZazZXSHNtaENZZlZDNlF6QVNEQjFZSEdUUXcyMSI7czo5OiJfcHJldmlvdXMiO2E6MTp7czozOiJ1cmwiO3M6NDI6Imh0dHBzOi8vdGVhbXNwaGVyZS5pbmZpbml0eWNyZWF0aXZlLmFnZW5jeSI7fXM6NjoiX2ZsYXNoIjthOjI6e3M6Mzoib2xkIjthOjA6e31zOjM6Im5ldyI7YTowOnt9fX0=', 1761754513),
('Fogvkt0SYEnEOd23wq1Cv6C7CICf8AvSiyA9Grnh', 1, '127.0.0.1', 'Mozilla/5.0 (Windows NT 10.0; Win64; x64) AppleWebKit/537.36 (KHTML, like Gecko) Chrome/138.0.0.0 Safari/537.36 OPR/122.0.0.0', 'YTo0OntzOjY6Il90b2tlbiI7czo0MDoiWEVDNFN3b1o3NDI0RGNWTzZFWHZwNzdIQWF5WXhHcnFvWjBvR29mNCI7czo5OiJfcHJldmlvdXMiO2E6MTp7czozOiJ1cmwiO3M6MzE6Imh0dHA6Ly8xMjcuMC4wLjE6ODAwMC9kYXNoYm9hcmQiO31zOjY6Il9mbGFzaCI7YToyOntzOjM6Im9sZCI7YTowOnt9czozOiJuZXciO2E6MDp7fX1zOjUwOiJsb2dpbl93ZWJfNTliYTM2YWRkYzJiMmY5NDAxNTgwZjAxNGM3ZjU4ZWE0ZTMwOTg5ZCI7aToxO30=', 1761762809),
('ftlY7rxe7Ru2CumiRx1z6j9R9rJn9hT3Rij7rSy9', NULL, '136.0.111.243', 'TeamSphere Keep-Alive Cron/1.0', 'YTozOntzOjY6Il90b2tlbiI7czo0MDoiT0tna1lUSUJrdkZ4WVc0R0dwVUR2dExCQk56a1JrdFJSSVNDNHcxTiI7czo5OiJfcHJldmlvdXMiO2E6MTp7czozOiJ1cmwiO3M6NDI6Imh0dHBzOi8vdGVhbXNwaGVyZS5pbmZpbml0eWNyZWF0aXZlLmFnZW5jeSI7fXM6NjoiX2ZsYXNoIjthOjI6e3M6Mzoib2xkIjthOjA6e31zOjM6Im5ldyI7YTowOnt9fX0=', 1761750308),
('fy5E6Lu1LabD8THFkLtoPAz63PgUsQGNMcsucRMc', NULL, '136.0.111.243', 'TeamSphere Keep-Alive Cron/1.0', 'YTozOntzOjY6Il90b2tlbiI7czo0MDoiUFpLSXR5ZDVYcmFpTDhMWVdIRzJ1T1hTS3ljZ0N4bFFJUUNVU0VrSSI7czo5OiJfcHJldmlvdXMiO2E6MTp7czozOiJ1cmwiO3M6NDI6Imh0dHBzOi8vdGVhbXNwaGVyZS5pbmZpbml0eWNyZWF0aXZlLmFnZW5jeSI7fXM6NjoiX2ZsYXNoIjthOjI6e3M6Mzoib2xkIjthOjA6e31zOjM6Im5ldyI7YTowOnt9fX0=', 1761757507),
('G05A3yhTXs1es4RxlpWT6PS1vnrplT2MgfauZZdt', NULL, '136.0.111.243', 'TeamSphere Keep-Alive Cron/1.0', 'YTozOntzOjY6Il90b2tlbiI7czo0MDoiWWhZczZYQVE0aFhabzBiaFdUaUlUVG8yT0RqeGU2TkhDTWtOSHBrTSI7czo5OiJfcHJldmlvdXMiO2E6MTp7czozOiJ1cmwiO3M6NDI6Imh0dHBzOi8vdGVhbXNwaGVyZS5pbmZpbml0eWNyZWF0aXZlLmFnZW5jeSI7fXM6NjoiX2ZsYXNoIjthOjI6e3M6Mzoib2xkIjthOjA6e31zOjM6Im5ldyI7YTowOnt9fX0=', 1761751209),
('G6pDw9BqcppCREZykx7wGLb2IUOkOBfGp4Giqf33', NULL, '136.0.111.243', 'TeamSphere Keep-Alive Cron/1.0', 'YTozOntzOjY6Il90b2tlbiI7czo0MDoiNUJsZEhHS2t0Yjc5R0NpaGhCaFI5aHphSmtRRzdjejF5Smp1cFZFZiI7czo5OiJfcHJldmlvdXMiO2E6MTp7czozOiJ1cmwiO3M6NDI6Imh0dHBzOi8vdGVhbXNwaGVyZS5pbmZpbml0eWNyZWF0aXZlLmFnZW5jeSI7fXM6NjoiX2ZsYXNoIjthOjI6e3M6Mzoib2xkIjthOjA6e31zOjM6Im5ldyI7YTowOnt9fX0=', 1761761705),
('HqjlveuBLeBtAGyWWgjJ44J3rH0bcOja29EpLVLy', NULL, '136.0.111.243', 'TeamSphere Keep-Alive Cron/1.0', 'YTozOntzOjY6Il90b2tlbiI7czo0MDoiU1pRS0E0NUpOeU5OYTZQNkpSVXFoenVLcjFQN1Rha0t6dTJGbGtLbiI7czo5OiJfcHJldmlvdXMiO2E6MTp7czozOiJ1cmwiO3M6NDI6Imh0dHBzOi8vdGVhbXNwaGVyZS5pbmZpbml0eWNyZWF0aXZlLmFnZW5jeSI7fXM6NjoiX2ZsYXNoIjthOjI6e3M6Mzoib2xkIjthOjA6e31zOjM6Im5ldyI7YTowOnt9fX0=', 1761758414),
('hqpPeoDyREmYq5NO45kXZErDakgmnHyz8E5t8IVj', NULL, '136.0.111.243', 'TeamSphere Keep-Alive Cron/1.0', 'YTozOntzOjY6Il90b2tlbiI7czo0MDoiQnlIOFIxYzVuQ3FMTkJ6YWNNaDdvQnlpZUU3RG53cFdMNTRCN1VhMSI7czo5OiJfcHJldmlvdXMiO2E6MTp7czozOiJ1cmwiO3M6NDI6Imh0dHBzOi8vdGVhbXNwaGVyZS5pbmZpbml0eWNyZWF0aXZlLmFnZW5jeSI7fXM6NjoiX2ZsYXNoIjthOjI6e3M6Mzoib2xkIjthOjA6e31zOjM6Im5ldyI7YTowOnt9fX0=', 1761751811),
('i06MtMfMfmf8zYIAFle8LFeEJ2pJ8eCfsmlwvWlK', NULL, '136.0.111.243', 'TeamSphere Keep-Alive Cron/1.0', 'YTozOntzOjY6Il90b2tlbiI7czo0MDoiczVnb1c1WjlKdFoweXFreUt4Szk2QzhUN0RkQ3A2M1lucXNSWUlMWSI7czo5OiJfcHJldmlvdXMiO2E6MTp7czozOiJ1cmwiO3M6NDI6Imh0dHBzOi8vdGVhbXNwaGVyZS5pbmZpbml0eWNyZWF0aXZlLmFnZW5jeSI7fXM6NjoiX2ZsYXNoIjthOjI6e3M6Mzoib2xkIjthOjA6e31zOjM6Im5ldyI7YTowOnt9fX0=', 1761760206),
('J5l5mCzQ1dDyfgFG2XLgOqN9AQ8Jsvcuiv2CLYoc', NULL, '136.0.111.243', 'TeamSphere Keep-Alive Cron/1.0', 'YTozOntzOjY6Il90b2tlbiI7czo0MDoiUWlMcEFVQ1JjWFBKT1JJSkhDd1lNMmg5TDc4N09jRGN5T1lUNVZQZiI7czo5OiJfcHJldmlvdXMiO2E6MTp7czozOiJ1cmwiO3M6NDI6Imh0dHBzOi8vdGVhbXNwaGVyZS5pbmZpbml0eWNyZWF0aXZlLmFnZW5jeSI7fXM6NjoiX2ZsYXNoIjthOjI6e3M6Mzoib2xkIjthOjA6e31zOjM6Im5ldyI7YTowOnt9fX0=', 1761762309),
('jjqRarXIcyGGe8tbvjeKjc6LcZSVb5galJrEaPaF', NULL, '136.0.111.243', 'TeamSphere Keep-Alive Cron/1.0', 'YTozOntzOjY6Il90b2tlbiI7czo0MDoiTnRoVzd3SlZMakg0YmxGckJXckUxYUZOang5dnllZXd2RkZ4dUZScyI7czo5OiJfcHJldmlvdXMiO2E6MTp7czozOiJ1cmwiO3M6NDI6Imh0dHBzOi8vdGVhbXNwaGVyZS5pbmZpbml0eWNyZWF0aXZlLmFnZW5jeSI7fXM6NjoiX2ZsYXNoIjthOjI6e3M6Mzoib2xkIjthOjA6e31zOjM6Im5ldyI7YTowOnt9fX0=', 1761753610),
('JUMd65dcMhjl0lHhjon28b2xEcQMZQivLt7bGG41', NULL, '136.0.111.243', 'TeamSphere Keep-Alive Cron/1.0', 'YTozOntzOjY6Il90b2tlbiI7czo0MDoiU1I1ajkxWXJNV3gyU3RENEVxVElIZTdEWkhVRUhUb3ppV3lBTjNaaiI7czo5OiJfcHJldmlvdXMiO2E6MTp7czozOiJ1cmwiO3M6NDI6Imh0dHBzOi8vdGVhbXNwaGVyZS5pbmZpbml0eWNyZWF0aXZlLmFnZW5jeSI7fXM6NjoiX2ZsYXNoIjthOjI6e3M6Mzoib2xkIjthOjA6e31zOjM6Im5ldyI7YTowOnt9fX0=', 1761762613),
('kQMlIo1NjigBNRqf6WAqKwsFkIeF9xZrTmzrZI4x', NULL, '136.0.111.243', 'TeamSphere Keep-Alive Cron/1.0', 'YTozOntzOjY6Il90b2tlbiI7czo0MDoidWFMSDZVS0N5OWhrQVE3a0pacjFnRldzS3pYNGFIbDUwS1lyNFZzcCI7czo5OiJfcHJldmlvdXMiO2E6MTp7czozOiJ1cmwiO3M6NDI6Imh0dHBzOi8vdGVhbXNwaGVyZS5pbmZpbml0eWNyZWF0aXZlLmFnZW5jeSI7fXM6NjoiX2ZsYXNoIjthOjI6e3M6Mzoib2xkIjthOjA6e31zOjM6Im5ldyI7YTowOnt9fX0=', 1761748513),
('l018Yl0Ze3zc1FDQY4yCMIRKLml6v9CiO5021PQZ', NULL, '136.0.111.243', 'TeamSphere Keep-Alive Cron/1.0', 'YTozOntzOjY6Il90b2tlbiI7czo0MDoic1NNbUlXeWd6WW5HZkF6MEVyS09NMzZVbXhMa2RiOU41Slk0SFFsOSI7czo5OiJfcHJldmlvdXMiO2E6MTp7czozOiJ1cmwiO3M6NDI6Imh0dHBzOi8vdGVhbXNwaGVyZS5pbmZpbml0eWNyZWF0aXZlLmFnZW5jeSI7fXM6NjoiX2ZsYXNoIjthOjI6e3M6Mzoib2xkIjthOjA6e31zOjM6Im5ldyI7YTowOnt9fX0=', 1761748208),
('L6qcSCF4dAJO2tYb3IsrKLuImqPZTgwjeaETAuRm', NULL, '136.0.111.243', 'TeamSphere Keep-Alive Cron/1.0', 'YTozOntzOjY6Il90b2tlbiI7czo0MDoicjEyNzNDNVhzQlFoVjNLd2g1UGJJOERhRXlidFAwdmJtZzRWNThUViI7czo5OiJfcHJldmlvdXMiO2E6MTp7czozOiJ1cmwiO3M6NDI6Imh0dHBzOi8vdGVhbXNwaGVyZS5pbmZpbml0eWNyZWF0aXZlLmFnZW5jeSI7fXM6NjoiX2ZsYXNoIjthOjI6e3M6Mzoib2xkIjthOjA6e31zOjM6Im5ldyI7YTowOnt9fX0=', 1761758709),
('LAsHOK70EC9Mk6xsGVcF6imdOj1pNX7T5VLRKUGd', NULL, '136.0.111.243', 'TeamSphere Keep-Alive Cron/1.0', 'YTozOntzOjY6Il90b2tlbiI7czo0MDoiaVFwU05jQ0FScE5ES2VHNEI0UFZwVnEwTUJCd3M4a3RxMHF1MGtwRiI7czo5OiJfcHJldmlvdXMiO2E6MTp7czozOiJ1cmwiO3M6NDI6Imh0dHBzOi8vdGVhbXNwaGVyZS5pbmZpbml0eWNyZWF0aXZlLmFnZW5jeSI7fXM6NjoiX2ZsYXNoIjthOjI6e3M6Mzoib2xkIjthOjA6e31zOjM6Im5ldyI7YTowOnt9fX0=', 1761754810),
('lfrm5MzBlZVzuBJWyjzkn3kLDaTaViUE7NvdIoIn', NULL, '136.0.111.243', 'TeamSphere Keep-Alive Cron/1.0', 'YTozOntzOjY6Il90b2tlbiI7czo0MDoiNVBKWFc1UjBTRkRGVjlTeXpiazRVSzhYOFBLVklqV2E1Y01TVGpCNiI7czo5OiJfcHJldmlvdXMiO2E6MTp7czozOiJ1cmwiO3M6NDI6Imh0dHBzOi8vdGVhbXNwaGVyZS5pbmZpbml0eWNyZWF0aXZlLmFnZW5jeSI7fXM6NjoiX2ZsYXNoIjthOjI6e3M6Mzoib2xkIjthOjA6e31zOjM6Im5ldyI7YTowOnt9fX0=', 1761762010),
('mJB9JjbWWFYLelkU42La8ZbemXSO5gyMcnULjHRd', NULL, '136.0.111.243', 'TeamSphere Keep-Alive Cron/1.0', 'YTozOntzOjY6Il90b2tlbiI7czo0MDoiYzFIT3plbHNXdTFSbWtDVnlnZW00OGZEdjFQSk93QVZqSDhrM1hBNCI7czo5OiJfcHJldmlvdXMiO2E6MTp7czozOiJ1cmwiO3M6NDI6Imh0dHBzOi8vdGVhbXNwaGVyZS5pbmZpbml0eWNyZWF0aXZlLmFnZW5jeSI7fXM6NjoiX2ZsYXNoIjthOjI6e3M6Mzoib2xkIjthOjA6e31zOjM6Im5ldyI7YTowOnt9fX0=', 1761755707),
('mwfucmP2WuWzyrVuue4ibp8Aj8kkMiTh9Ah090dv', NULL, '136.0.111.243', 'TeamSphere Keep-Alive Cron/1.0', 'YTozOntzOjY6Il90b2tlbiI7czo0MDoiVVdidlFQZXpqMGU5RFRSbE12ZTZFeVNzdks4ekR1MUF3VTlxbXBRciI7czo5OiJfcHJldmlvdXMiO2E6MTp7czozOiJ1cmwiO3M6NDI6Imh0dHBzOi8vdGVhbXNwaGVyZS5pbmZpbml0eWNyZWF0aXZlLmFnZW5jeSI7fXM6NjoiX2ZsYXNoIjthOjI6e3M6Mzoib2xkIjthOjA6e31zOjM6Im5ldyI7YTowOnt9fX0=', 1761757809),
('NnqO6tmVwjTxCxAacCqvKeRzofKJe1gyMJwkp9hb', NULL, '136.0.111.243', 'TeamSphere Keep-Alive Cron/1.0', 'YTozOntzOjY6Il90b2tlbiI7czo0MDoibTBTczhIdFpaUWVTeWRLV1F5dVI1QnB4a1ZGZnF5V3pHMGtlb3NFdiI7czo5OiJfcHJldmlvdXMiO2E6MTp7czozOiJ1cmwiO3M6NDI6Imh0dHBzOi8vdGVhbXNwaGVyZS5pbmZpbml0eWNyZWF0aXZlLmFnZW5jeSI7fXM6NjoiX2ZsYXNoIjthOjI6e3M6Mzoib2xkIjthOjA6e31zOjM6Im5ldyI7YTowOnt9fX0=', 1761759613),
('O22cAlWokKz2ktPq930BnPfv8owhsq1d51zbBxfI', NULL, '136.0.111.243', 'TeamSphere Keep-Alive Cron/1.0', 'YTozOntzOjY6Il90b2tlbiI7czo0MDoiZHpQVTlvMjZFRzNNYzFGZ252UmFPWHFWVVJvajU1UEpIMEdiYldTcSI7czo5OiJfcHJldmlvdXMiO2E6MTp7czozOiJ1cmwiO3M6NDI6Imh0dHBzOi8vdGVhbXNwaGVyZS5pbmZpbml0eWNyZWF0aXZlLmFnZW5jeSI7fXM6NjoiX2ZsYXNoIjthOjI6e3M6Mzoib2xkIjthOjA6e31zOjM6Im5ldyI7YTowOnt9fX0=', 1761752713),
('o9TgL6tfL7BOq77wBJ2dLHayjQzSKNfyg4pNCyEf', NULL, '136.0.111.243', 'TeamSphere Keep-Alive Cron/1.0', 'YTozOntzOjY6Il90b2tlbiI7czo0MDoiR3RjVFQ2UHBoNjRTVlpaUFZPM2liemJWVGgybFBUbmc0Q29NYXc5eiI7czo5OiJfcHJldmlvdXMiO2E6MTp7czozOiJ1cmwiO3M6NDI6Imh0dHBzOi8vdGVhbXNwaGVyZS5pbmZpbml0eWNyZWF0aXZlLmFnZW5jeSI7fXM6NjoiX2ZsYXNoIjthOjI6e3M6Mzoib2xkIjthOjA6e31zOjM6Im5ldyI7YTowOnt9fX0=', 1761748807),
('PC5oEyWbNNR0nYDbzaKfkkEkd29yxN7PnaoDzlwe', NULL, '136.0.111.243', 'TeamSphere Keep-Alive Cron/1.0', 'YTozOntzOjY6Il90b2tlbiI7czo0MDoiVnZyd1Jic0FTZHhZQlpMVVlXVFlGUW9pZXk5aExXdTgydW9jb1JLRSI7czo5OiJfcHJldmlvdXMiO2E6MTp7czozOiJ1cmwiO3M6NDI6Imh0dHBzOi8vdGVhbXNwaGVyZS5pbmZpbml0eWNyZWF0aXZlLmFnZW5jeSI7fXM6NjoiX2ZsYXNoIjthOjI6e3M6Mzoib2xkIjthOjA6e31zOjM6Im5ldyI7YTowOnt9fX0=', 1761753309),
('pgu68Jxs7iqpTMhmyoXMDjuR09EC7YuLfQEfNxRb', NULL, '136.0.111.243', 'TeamSphere Keep-Alive Cron/1.0', 'YTozOntzOjY6Il90b2tlbiI7czo0MDoicnZPdE9pbDZuM1Z5UGF1dXFTd01EeEVUSllnbktLUVZvVXB5cVliRSI7czo5OiJfcHJldmlvdXMiO2E6MTp7czozOiJ1cmwiO3M6NDI6Imh0dHBzOi8vdGVhbXNwaGVyZS5pbmZpbml0eWNyZWF0aXZlLmFnZW5jeSI7fXM6NjoiX2ZsYXNoIjthOjI6e3M6Mzoib2xkIjthOjA6e31zOjM6Im5ldyI7YTowOnt9fX0=', 1761752108),
('QR3lIgDFbL2iGywrZPfh59L2fGyIzHftpNoj6Qsf', NULL, '136.0.111.243', 'TeamSphere Keep-Alive Cron/1.0', 'YTozOntzOjY6Il90b2tlbiI7czo0MDoibnEzY1F6bURyTGRJRFJqaTFUb0c2TURBNnY0Wlozd1NESUhqSnh3ZiI7czo5OiJfcHJldmlvdXMiO2E6MTp7czozOiJ1cmwiO3M6NDI6Imh0dHBzOi8vdGVhbXNwaGVyZS5pbmZpbml0eWNyZWF0aXZlLmFnZW5jeSI7fXM6NjoiX2ZsYXNoIjthOjI6e3M6Mzoib2xkIjthOjA6e31zOjM6Im5ldyI7YTowOnt9fX0=', 1761749706),
('RlFXRKpOpkw5CfY3rqraAu6HIKNfqakaTqQNF4wu', NULL, '136.0.111.243', 'TeamSphere Keep-Alive Cron/1.0', 'YTozOntzOjY6Il90b2tlbiI7czo0MDoiVU53emZXNjVUMlFvYkFsV1llbUdaZWdVOEdRRnZtSlU2UnVoS3doVSI7czo5OiJfcHJldmlvdXMiO2E6MTp7czozOiJ1cmwiO3M6NDI6Imh0dHBzOi8vdGVhbXNwaGVyZS5pbmZpbml0eWNyZWF0aXZlLmFnZW5jeSI7fXM6NjoiX2ZsYXNoIjthOjI6e3M6Mzoib2xkIjthOjA6e31zOjM6Im5ldyI7YTowOnt9fX0=', 1761750609),
('STShNQ9KB8LzNJTyQxSZEiGsGNliLM6CayYBEAVk', NULL, '136.0.111.243', 'TeamSphere Keep-Alive Cron/1.0', 'YTozOntzOjY6Il90b2tlbiI7czo0MDoid29NYzdUNWtOQlk3azJrT2psYXRFTmhnRlB1ZmRCZmtlRkxOS0hDbCI7czo5OiJfcHJldmlvdXMiO2E6MTp7czozOiJ1cmwiO3M6NDI6Imh0dHBzOi8vdGVhbXNwaGVyZS5pbmZpbml0eWNyZWF0aXZlLmFnZW5jeSI7fXM6NjoiX2ZsYXNoIjthOjI6e3M6Mzoib2xkIjthOjA6e31zOjM6Im5ldyI7YTowOnt9fX0=', 1761756607),
('t4yc8tOYGdfKqx67jM67ZRnMA8cKJI1isSm0HB7K', NULL, '136.0.111.243', 'TeamSphere Keep-Alive Cron/1.0', 'YTozOntzOjY6Il90b2tlbiI7czo0MDoianhqUDFRWmwzTHlUVlo5Zk1NYTBBRFp2ZmJUVFdxT2wxUnE2MlczdSI7czo5OiJfcHJldmlvdXMiO2E6MTp7czozOiJ1cmwiO3M6NDI6Imh0dHBzOi8vdGVhbXNwaGVyZS5pbmZpbml0eWNyZWF0aXZlLmFnZW5jeSI7fXM6NjoiX2ZsYXNoIjthOjI6e3M6Mzoib2xkIjthOjA6e31zOjM6Im5ldyI7YTowOnt9fX0=', 1761753014),
('UCaMigf9Me0KRhpbjIVOBLLY3i6dUsmvhLfzFcZ3', NULL, '136.0.111.243', 'TeamSphere Keep-Alive Cron/1.0', 'YTozOntzOjY6Il90b2tlbiI7czo0MDoiZGtVczJBWVBTSXU5dGNZSnFxR0tib3pVc0txOGx3VExmUnRpam1zYyI7czo5OiJfcHJldmlvdXMiO2E6MTp7czozOiJ1cmwiO3M6NDI6Imh0dHBzOi8vdGVhbXNwaGVyZS5pbmZpbml0eWNyZWF0aXZlLmFnZW5jeSI7fXM6NjoiX2ZsYXNoIjthOjI6e3M6Mzoib2xkIjthOjA6e31zOjM6Im5ldyI7YTowOnt9fX0=', 1761750011),
('v9ZK4TD0LdIOlAvKn3Lj7sduTYf4qa5lD5Na9zNY', NULL, '136.0.111.243', 'TeamSphere Keep-Alive Cron/1.0', 'YTozOntzOjY6Il90b2tlbiI7czo0MDoiQTFzdmhjem1KaWxDODhuNmxGbGFxdEZVT1RVbFljV0dlRlRpdHpMdyI7czo5OiJfcHJldmlvdXMiO2E6MTp7czozOiJ1cmwiO3M6NDI6Imh0dHBzOi8vdGVhbXNwaGVyZS5pbmZpbml0eWNyZWF0aXZlLmFnZW5jeSI7fXM6NjoiX2ZsYXNoIjthOjI6e3M6Mzoib2xkIjthOjA6e31zOjM6Im5ldyI7YTowOnt9fX0=', 1761750905),
('wnGe1vk3VTas5AiiDnXyC1BWCySc4ZoiB3zDpMQS', NULL, '136.0.111.243', 'TeamSphere Keep-Alive Cron/1.0', 'YTozOntzOjY6Il90b2tlbiI7czo0MDoiWDRHVGxWemVaWWpyZHJUMTYxbWdKTDRKczJVQnhJS1NkbG5CZ3BqVSI7czo5OiJfcHJldmlvdXMiO2E6MTp7czozOiJ1cmwiO3M6NDI6Imh0dHBzOi8vdGVhbXNwaGVyZS5pbmZpbml0eWNyZWF0aXZlLmFnZW5jeSI7fXM6NjoiX2ZsYXNoIjthOjI6e3M6Mzoib2xkIjthOjA6e31zOjM6Im5ldyI7YTowOnt9fX0=', 1761752409),
('WUw6NNAZYUCiZ5V9lSlVHhFoghFTBHjeaEBGuTvN', NULL, '136.0.111.243', 'TeamSphere Keep-Alive Cron/1.0', 'YTozOntzOjY6Il90b2tlbiI7czo0MDoiZDQ0TlVtcmI1NGVqVFNWSGs5S0lkSDdqWFRRTXc3RGZ5UVNtTldNbyI7czo5OiJfcHJldmlvdXMiO2E6MTp7czozOiJ1cmwiO3M6NDI6Imh0dHBzOi8vdGVhbXNwaGVyZS5pbmZpbml0eWNyZWF0aXZlLmFnZW5jeSI7fXM6NjoiX2ZsYXNoIjthOjI6e3M6Mzoib2xkIjthOjA6e31zOjM6Im5ldyI7YTowOnt9fX0=', 1761759310),
('x9MO6WsYYz5DSPvGbgm8vlO8GAz61XQGRzJCxeVU', NULL, '136.0.111.243', 'TeamSphere Keep-Alive Cron/1.0', 'YTozOntzOjY6Il90b2tlbiI7czo0MDoiTjQ0R3NJZEd1VDBOUU94OXZpNWhlbDBHTEE5dnUyQ1ZvazRyT1ViTSI7czo5OiJfcHJldmlvdXMiO2E6MTp7czozOiJ1cmwiO3M6NDI6Imh0dHBzOi8vdGVhbXNwaGVyZS5pbmZpbml0eWNyZWF0aXZlLmFnZW5jeSI7fXM6NjoiX2ZsYXNoIjthOjI6e3M6Mzoib2xkIjthOjA6e31zOjM6Im5ldyI7YTowOnt9fX0=', 1761751506),
('XMqE8O9bbVVm6o9cebi1OWEtD9QlFZFSAkJq9syk', NULL, '136.0.111.243', 'TeamSphere Keep-Alive Cron/1.0', 'YTozOntzOjY6Il90b2tlbiI7czo0MDoic3NueXdDYk0ybGl6ODY1M09VVkdZSUFOMlFSa3I3M1JxUFZsVnBZcSI7czo5OiJfcHJldmlvdXMiO2E6MTp7czozOiJ1cmwiO3M6NDI6Imh0dHBzOi8vdGVhbXNwaGVyZS5pbmZpbml0eWNyZWF0aXZlLmFnZW5jeSI7fXM6NjoiX2ZsYXNoIjthOjI6e3M6Mzoib2xkIjthOjA6e31zOjM6Im5ldyI7YTowOnt9fX0=', 1761756006),
('XnM5EkTDqSc0XNuUV6lXrWOW6q6O5p1gQXWBX2r1', 4, '217.71.61.102', 'Mozilla/5.0 (Windows NT 10.0; Win64; x64) AppleWebKit/537.36 (KHTML, like Gecko) Chrome/138.0.0.0 Safari/537.36 OPR/122.0.0.0', 'YTo1OntzOjY6Il90b2tlbiI7czo0MDoiZ0NTd0UwNnd1RFJUZlZqS0lKQkVsalhNeW5XVkpMNUNUWDc5Mzc0QyI7czo2OiJfZmxhc2giO2E6Mjp7czozOiJvbGQiO2E6MDp7fXM6MzoibmV3IjthOjA6e319czo5OiJfcHJldmlvdXMiO2E6MTp7czozOiJ1cmwiO3M6MTAyOiJodHRwczovL3RlYW1zcGhlcmUuaW5maW5pdHljcmVhdGl2ZS5hZ2VuY3kvb3JnYW5pemF0aW9ucy9zdGsta3Jla2EtdGVzdC9jb21wZXRpdGlvbnMva2FkZXRpLTE3NjE2NDkwMjkiO31zOjUwOiJsb2dpbl93ZWJfNTliYTM2YWRkYzJiMmY5NDAxNTgwZjAxNGM3ZjU4ZWE0ZTMwOTg5ZCI7aTo0O3M6MTU6InNjcm9sbF9wb3NpdGlvbiI7czo0OiIzNzI5Ijt9', 1761761387),
('y3XQnrwAWhv6MGsCTM8FrT97muMgnrKNGszX69ZR', NULL, '136.0.111.243', 'TeamSphere Keep-Alive Cron/1.0', 'YTozOntzOjY6Il90b2tlbiI7czo0MDoiODZ2amZrdzY1YVJDSWVsQUhtaGRhRk9tT1RWajVaclJCR1p0czFrcyI7czo5OiJfcHJldmlvdXMiO2E6MTp7czozOiJ1cmwiO3M6NDI6Imh0dHBzOi8vdGVhbXNwaGVyZS5pbmZpbml0eWNyZWF0aXZlLmFnZW5jeSI7fXM6NjoiX2ZsYXNoIjthOjI6e3M6Mzoib2xkIjthOjA6e31zOjM6Im5ldyI7YTowOnt9fX0=', 1761754208),
('yExlqOGoqo5SLIYb0IRKZ5MsUNDKZQhwTSGDqIKw', NULL, '136.0.111.243', 'TeamSphere Keep-Alive Cron/1.0', 'YTozOntzOjY6Il90b2tlbiI7czo0MDoiZTF6Slp0Uno4MUtUVGhOWlloZG5LcGVIYUNuN1Q1blh2NkpNZ3RPOSI7czo5OiJfcHJldmlvdXMiO2E6MTp7czozOiJ1cmwiO3M6NDI6Imh0dHBzOi8vdGVhbXNwaGVyZS5pbmZpbml0eWNyZWF0aXZlLmFnZW5jeSI7fXM6NjoiX2ZsYXNoIjthOjI6e3M6Mzoib2xkIjthOjA6e31zOjM6Im5ldyI7YTowOnt9fX0=', 1761760507);

-- --------------------------------------------------------

--
-- Table structure for table `sports`
--

CREATE TABLE `sports` (
  `id` int(11) NOT NULL,
  `name` text NOT NULL,
  `slug` VARCHAR(255) NOT NULL,
  `description` TEXT DEFAULT NULL,
  `icon` TEXT DEFAULT NULL,
  `is_active` varchar(255) NOT NULL DEFAULT '1',
  `created_at` datetime DEFAULT NULL,
  `updated_at` datetime DEFAULT NULL,
  `rules` TEXT DEFAULT NULL,
  `active` varchar(255) NOT NULL DEFAULT '1'
) ENGINE=InnoDB DEFAULT CHARSET=utf8mb4 COLLATE=utf8mb4_unicode_ci;

--
-- Dumping data for table `sports`
--

INSERT INTO `sports` (`id`, `name`, `slug`, `description`, `icon`, `is_active`, `created_at`, `updated_at`, `rules`, `active`) VALUES
(1, 'Stoni Tenis', 'stoni-tenis', 'Brzi i dinamični sport koji zahtijeva preciznost, brzinu i strategiju.', '🏓', '1', '2025-10-17 22:55:21', '2025-10-17 22:55:21', '{\"game_type\":\"points_based\",\"max_points_per_game\":11,\"games_to_win\":5,\"serve_change_every\":2,\"deuce\":false,\"time_limits\":null,\"players_per_team\":1,\"scoring\":{\"point_values\":[1],\"special_rules\":\"Must win by 2 points\"}}', '1'),
(2, 'Padel', 'padel', 'Sport koji kombinuje elemente tenisa, skvoša i badmintona u zatvorenom terenu.', '🎾', '1', '2025-10-17 22:55:21', '2025-10-17 22:55:36', '{\"game_type\":\"sets_games\",\"sets_to_win\":2,\"games_per_set\":6,\"tie_break_at\":6,\"serve_change_every\":1,\"deuce\":true,\"time_limits\":null,\"players_per_team\":2,\"scoring\":{\"point_values\":[15,30,40,\"game\"],\"special_rules\":\"Tie-break at 6-6\"}}', '0'),
(3, 'Tenis', 'tenis', 'Klasični sport sa reketom i loptom koji se igra na terenu sa mrežom.', '🎾', '1', '2025-10-17 22:55:21', '2025-10-17 22:55:37', '{\"game_type\":\"sets_games\",\"sets_to_win\":2,\"games_per_set\":6,\"tie_break_at\":6,\"serve_change_every\":1,\"deuce\":true,\"time_limits\":null,\"players_per_team\":1,\"scoring\":{\"point_values\":[15,30,40,\"game\"],\"special_rules\":\"Tie-break at 6-6, 3 sets to win match\"}}', '0'),
(4, 'Košarka', 'kosarka', 'Dinamični timski sport gdje se lopta ubacuje u koš.', '🏀', '1', '2025-10-17 22:55:21', '2025-10-17 22:55:40', '{\"game_type\":\"time_based\",\"periods\":4,\"period_duration\":600,\"overtime\":true,\"players_per_team\":5,\"max_players_on_court\":5,\"scoring\":{\"point_values\":[1,2,3],\"special_rules\":\"2 points for field goal, 3 points for three-pointer, 1 point for free throw\"}}', '0'),
(5, 'Mali Fudbal', 'mali-fudbal', 'Brzi timski sport koji se igra u zatvorenom prostoru sa 5 igrača po timu.', '⚽', '1', '2025-10-17 22:55:21', '2025-10-17 22:55:38', '{\"game_type\":\"time_based\",\"periods\":2,\"period_duration\":1200,\"overtime\":false,\"players_per_team\":5,\"max_players_on_court\":5,\"scoring\":{\"point_values\":[1],\"special_rules\":\"1 goal = 1 point, offside rule applies\"}}', '0');

-- --------------------------------------------------------

--
-- Table structure for table `standings`
--

CREATE TABLE `standings` (
  `id` int(11) NOT NULL,
  `created_at` datetime DEFAULT NULL,
  `updated_at` datetime DEFAULT NULL,
  `competition_id` int(11) NOT NULL,
  `team_id` int(11) DEFAULT NULL,
  `player_id` int(11) DEFAULT NULL,
  `position` int(11) NOT NULL DEFAULT 1,
  `played` int(11) NOT NULL DEFAULT 0,
  `won` int(11) NOT NULL DEFAULT 0,
  `drawn` int(11) NOT NULL DEFAULT 0,
  `lost` int(11) NOT NULL DEFAULT 0,
  `goals_for` int(11) NOT NULL DEFAULT 0,
  `goals_against` int(11) NOT NULL DEFAULT 0,
  `goal_difference` int(11) NOT NULL DEFAULT 0,
  `points` int(11) NOT NULL DEFAULT 0,
  `sets_won` int(11) NOT NULL DEFAULT 0,
  `sets_lost` int(11) NOT NULL DEFAULT 0,
  `points_won` int(11) NOT NULL DEFAULT 0,
  `points_lost` int(11) NOT NULL DEFAULT 0,
  `tournament_group_id` int(11) DEFAULT NULL
) ENGINE=InnoDB DEFAULT CHARSET=utf8mb4 COLLATE=utf8mb4_unicode_ci;

--
-- Dumping data for table `standings`
--

INSERT INTO `standings` (`id`, `created_at`, `updated_at`, `competition_id`, `team_id`, `player_id`, `position`, `played`, `won`, `drawn`, `lost`, `goals_for`, `goals_against`, `goal_difference`, `points`, `sets_won`, `sets_lost`, `points_won`, `points_lost`, `tournament_group_id`) VALUES
(24, '2025-10-18 07:57:40', '2025-10-18 08:42:09', 3, NULL, 17, 3, 2, 1, 0, 1, 3, 3, 0, 3, 0, 0, 0, 0, NULL),
(25, '2025-10-18 07:57:40', '2025-10-18 08:42:09', 3, NULL, 18, 5, 2, 0, 0, 2, 0, 6, -6, 0, 0, 0, 0, 0, NULL),
(26, '2025-10-18 07:57:40', '2025-10-18 08:42:09', 3, NULL, 19, 4, 3, 1, 0, 2, 5, 6, -1, 3, 0, 0, 0, 0, NULL),
(27, '2025-10-18 07:57:40', '2025-10-18 08:42:09', 3, NULL, 20, 1, 2, 2, 0, 0, 6, 0, 6, 6, 0, 0, 0, 0, NULL),
(28, '2025-10-18 07:57:40', '2025-10-18 08:42:09', 3, NULL, 21, 2, 3, 2, 0, 1, 6, 5, 1, 6, 0, 0, 0, 0, NULL),
(29, '2025-10-18 08:01:18', '2025-10-18 08:34:24', 4, NULL, 21, 1, 3, 2, 0, 1, 0, 0, 0, 6, 6, 3, 0, 0, 4),
(30, '2025-10-18 08:01:18', '2025-10-18 08:34:24', 4, NULL, 18, 1, 2, 0, 0, 2, 0, 0, 0, 0, 0, 6, 0, 0, 4),
(31, '2025-10-18 08:01:18', '2025-10-18 08:34:19', 4, NULL, 19, 1, 1, 1, 0, 0, 0, 0, 0, 3, 3, 0, 0, 0, 4),
(32, '2025-10-18 08:01:18', '2025-10-18 08:24:37', 4, NULL, 23, 1, 1, 0, 0, 1, 0, 0, 0, 0, 0, 3, 0, 0, 5),
(33, '2025-10-18 08:01:18', '2025-10-18 08:34:09', 4, NULL, 17, 1, 2, 2, 0, 0, 0, 0, 0, 6, 6, 2, 0, 0, 5),
(34, '2025-10-18 08:01:18', '2025-10-18 08:34:09', 4, NULL, 20, 1, 3, 1, 0, 2, 0, 0, 0, 3, 5, 6, 0, 0, 5),
(35, '2025-10-18 08:44:39', '2025-10-18 08:45:33', 5, NULL, 26, 1, 2, 0, 0, 2, 0, 0, 0, 0, 1, 6, 0, 0, 6),
(36, '2025-10-18 08:44:39', '2025-10-18 08:45:38', 5, NULL, 22, 1, 2, 2, 0, 0, 0, 0, 0, 6, 6, 2, 0, 0, 6),
(37, '2025-10-18 08:44:39', '2025-10-18 08:45:38', 5, NULL, 18, 1, 2, 1, 0, 1, 0, 0, 0, 3, 5, 4, 0, 0, 6),
(38, '2025-10-18 08:44:39', '2025-10-18 08:45:50', 5, NULL, 24, 1, 2, 2, 0, 0, 0, 0, 0, 6, 6, 3, 0, 0, 7),
(39, '2025-10-18 08:44:39', '2025-10-18 08:45:55', 5, NULL, 19, 1, 2, 1, 0, 1, 0, 0, 0, 3, 4, 4, 0, 0, 7),
(40, '2025-10-18 08:44:39', '2025-10-18 08:45:55', 5, NULL, 21, 1, 2, 0, 0, 2, 0, 0, 0, 0, 3, 6, 0, 0, 7),
(41, '2025-10-18 08:44:39', '2025-10-18 08:46:10', 5, NULL, 23, 1, 2, 1, 0, 1, 0, 0, 0, 3, 4, 5, 0, 0, 8),
(42, '2025-10-18 08:44:39', '2025-10-18 08:46:16', 5, NULL, 25, 1, 2, 0, 0, 2, 0, 0, 0, 0, 3, 6, 0, 0, 8),
(43, '2025-10-18 08:44:39', '2025-10-18 08:46:16', 5, NULL, 17, 1, 2, 2, 0, 0, 0, 0, 0, 6, 6, 2, 0, 0, 8),
(48, '2025-10-18 09:37:46', '2025-10-18 09:38:54', 7, NULL, 2, 1, 2, 2, 0, 0, 0, 0, 0, 6, 6, 3, 0, 0, 10),
(49, '2025-10-18 09:37:46', '2025-10-18 09:38:54', 7, NULL, 1, 1, 2, 1, 0, 1, 0, 0, 0, 3, 4, 4, 0, 0, 10),
(50, '2025-10-18 09:37:46', '2025-10-18 09:38:54', 7, NULL, 7, 1, 2, 0, 0, 2, 0, 0, 0, 0, 3, 6, 0, 0, 10),
(307, '2025-10-18 23:03:36', '2025-10-18 23:04:15', 7, NULL, 3, 1, 3, 2, 0, 1, 0, 0, 0, 6, 6, 6, 18, 35, 9),
(308, '2025-10-18 23:03:36', '2025-10-18 23:04:15', 7, NULL, 4, 2, 3, 2, 0, 1, 0, 0, 0, 6, 7, 6, 0, 0, 9),
(309, '2025-10-18 23:03:36', '2025-10-18 23:04:15', 7, NULL, 9, 4, 3, 1, 0, 2, 0, 0, 0, 3, 6, 6, 35, 18, 9),
(310, '2025-10-18 23:03:36', '2025-10-18 23:04:15', 7, NULL, 16, 3, 3, 1, 0, 2, 0, 0, 0, 3, 7, 8, 0, 0, 9),
(317, '2025-10-21 12:11:29', '2025-10-23 11:47:35', 9, NULL, 5, 3, 1, 0, 0, 1, 0, 0, 0, 0, 2, 3, 39, 41, 35),
(318, '2025-10-21 12:11:29', '2025-10-23 11:47:35', 9, NULL, 2, 1, 1, 0, 0, 1, 0, 0, 0, 0, 2, 8, 10, 22, 35),
(319, '2025-10-21 12:11:29', '2025-10-23 11:47:35', 9, NULL, 6, 2, 2, 2, 0, 0, 0, 0, 0, 4, 11, 4, 63, 49, 35),
(514, '2025-10-24 08:47:34', '2025-10-24 08:47:34', 11, NULL, 6, 3, 3, 1, 0, 2, 0, 0, 0, 2, 7, 7, 0, 0, 63),
(515, '2025-10-24 08:47:34', '2025-10-24 08:47:34', 11, NULL, 16, 4, 3, 1, 0, 2, 0, 0, 0, 2, 7, 8, 0, 0, 63),
(516, '2025-10-24 08:47:34', '2025-10-24 08:47:34', 11, NULL, 15, 2, 3, 2, 0, 1, 0, 0, 0, 4, 7, 7, 0, 0, 63),
(517, '2025-10-24 08:47:34', '2025-10-24 08:47:34', 11, NULL, 12, 1, 3, 2, 0, 1, 0, 0, 0, 4, 8, 7, 0, 0, 63),
(524, '2025-10-24 08:48:29', '2025-10-24 08:48:29', 11, NULL, 3, 1, 2, 2, 0, 0, 0, 0, 0, 4, 6, 1, 0, 0, 64),
(525, '2025-10-24 08:48:29', '2025-10-24 08:48:29', 11, NULL, 11, 2, 2, 1, 0, 1, 0, 0, 0, 2, 3, 3, 0, 0, 64),
(526, '2025-10-24 08:48:29', '2025-10-24 08:48:29', 11, NULL, 4, 3, 2, 0, 0, 2, 0, 0, 0, 0, 1, 6, 0, 0, 64),
(533, '2025-10-24 08:49:01', '2025-10-24 08:49:01', 11, NULL, 9, 3, 2, 1, 0, 1, 0, 0, 0, 2, 4, 5, 0, 0, 65),
(534, '2025-10-24 08:49:01', '2025-10-24 08:49:01', 11, NULL, 1, 2, 2, 1, 0, 1, 0, 0, 0, 2, 5, 5, 0, 0, 65),
(535, '2025-10-24 08:49:01', '2025-10-24 08:49:01', 11, NULL, 14, 1, 2, 1, 0, 1, 0, 0, 0, 2, 5, 4, 0, 0, 65),
(542, '2025-10-24 08:49:30', '2025-10-24 08:49:30', 11, NULL, 5, 2, 2, 1, 0, 1, 0, 0, 0, 2, 4, 5, 0, 0, 66),
(543, '2025-10-24 08:49:30', '2025-10-24 08:49:30', 11, NULL, 28, 1, 2, 2, 0, 0, 0, 0, 0, 4, 6, 2, 0, 0, 66),
(544, '2025-10-24 08:49:30', '2025-10-24 08:49:30', 11, NULL, 8, 3, 2, 0, 0, 2, 0, 0, 0, 0, 3, 6, 0, 0, 66),
(548, '2025-10-24 11:17:14', '2025-10-24 11:17:14', 9, NULL, 3, 1, 2, 2, 0, 0, 0, 0, 0, 4, 6, 1, 0, 0, 36),
(549, '2025-10-24 11:17:14', '2025-10-24 11:17:14', 9, NULL, 1, 2, 2, 1, 0, 1, 0, 0, 0, 2, 3, 5, 0, 0, 36),
(550, '2025-10-24 11:17:14', '2025-10-24 11:17:14', 9, NULL, 4, 3, 2, 0, 0, 2, 0, 0, 0, 0, 3, 6, 0, 0, 36),
(563, '2025-10-24 11:43:18', '2025-10-24 11:43:18', 11, NULL, 7, 1, 3, 3, 0, 0, 0, 0, 0, 6, 9, 4, 0, 0, 62),
(564, '2025-10-24 11:43:18', '2025-10-24 11:43:18', 11, NULL, 13, 4, 3, 1, 0, 2, 0, 0, 0, 2, 5, 8, 0, 0, 62),
(565, '2025-10-24 11:43:18', '2025-10-24 11:43:18', 11, NULL, 2, 2, 3, 1, 0, 2, 0, 0, 0, 2, 7, 7, 0, 0, 62),
(566, '2025-10-24 11:43:18', '2025-10-24 11:43:18', 11, NULL, 10, 3, 3, 1, 0, 2, 0, 0, 0, 2, 5, 7, 0, 0, 62),
(764, '2025-10-24 22:48:29', '2025-10-24 22:48:29', 17, NULL, 84, 1, 3, 2, 0, 1, 0, 0, 0, 4, 8, 5, 0, 0, 105),
(765, '2025-10-24 22:48:29', '2025-10-24 22:48:29', 17, NULL, 68, 2, 3, 2, 0, 1, 0, 0, 0, 4, 8, 7, 0, 0, 105),
(766, '2025-10-24 22:48:29', '2025-10-24 22:48:29', 17, NULL, 69, 3, 3, 1, 0, 2, 0, 0, 0, 2, 7, 8, 0, 0, 105),
(767, '2025-10-24 22:48:29', '2025-10-24 22:48:29', 17, NULL, 79, 4, 3, 1, 0, 2, 0, 0, 0, 2, 5, 8, 0, 0, 105),
(788, '2025-10-24 22:48:29', '2025-10-24 22:48:29', 17, NULL, 78, 1, 3, 2, 0, 1, 0, 0, 0, 4, 6, 5, 0, 0, 106),
(789, '2025-10-24 22:48:29', '2025-10-24 22:48:29', 17, NULL, 70, 4, 3, 0, 0, 3, 0, 0, 0, 0, 6, 9, 0, 0, 106),
(790, '2025-10-24 22:48:29', '2025-10-24 22:48:29', 17, NULL, 71, 2, 3, 2, 0, 1, 0, 0, 0, 4, 6, 5, 0, 0, 106),
(791, '2025-10-24 22:48:29', '2025-10-24 22:48:29', 17, NULL, 72, 3, 3, 2, 0, 1, 0, 0, 0, 4, 6, 5, 0, 0, 106),
(812, '2025-10-24 22:48:29', '2025-10-24 22:48:29', 17, NULL, 86, 2, 3, 2, 0, 1, 0, 0, 0, 4, 6, 4, 0, 0, 107),
(813, '2025-10-24 22:48:29', '2025-10-24 22:48:29', 17, NULL, 85, 3, 3, 2, 0, 1, 0, 0, 0, 4, 7, 5, 0, 0, 107),
(814, '2025-10-24 22:48:29', '2025-10-24 22:48:29', 17, NULL, 74, 4, 3, 0, 0, 3, 0, 0, 0, 0, 2, 9, 0, 0, 107),
(815, '2025-10-24 22:48:29', '2025-10-24 22:48:29', 17, NULL, 73, 1, 3, 2, 0, 1, 0, 0, 0, 4, 8, 5, 0, 0, 107),
(836, '2025-10-24 22:48:29', '2025-10-24 22:48:29', 17, NULL, 75, 1, 3, 3, 0, 0, 0, 0, 0, 6, 9, 1, 0, 0, 108),
(837, '2025-10-24 22:48:29', '2025-10-24 22:48:29', 17, NULL, 81, 3, 3, 1, 0, 2, 0, 0, 0, 2, 5, 8, 0, 0, 108),
(838, '2025-10-24 22:48:29', '2025-10-24 22:48:29', 17, NULL, 80, 2, 3, 2, 0, 1, 0, 0, 0, 4, 7, 6, 0, 0, 108),
(839, '2025-10-24 22:48:29', '2025-10-24 22:48:29', 17, NULL, 76, 4, 3, 0, 0, 3, 0, 0, 0, 0, 3, 9, 0, 0, 108),
(846, '2025-10-24 22:48:29', '2025-10-24 22:48:29', 17, NULL, 83, 3, 2, 0, 0, 2, 0, 0, 0, 0, 4, 6, 0, 0, 109),
(847, '2025-10-24 22:48:29', '2025-10-24 22:48:29', 17, NULL, 82, 1, 2, 2, 0, 0, 0, 0, 0, 4, 6, 3, 0, 0, 109),
(848, '2025-10-24 22:48:29', '2025-10-24 22:48:29', 17, NULL, 77, 2, 2, 1, 0, 1, 0, 0, 0, 2, 4, 5, 0, 0, 109),
(866, '2025-10-28 10:59:28', '2025-10-28 10:59:28', 31, NULL, 156, 1, 0, 0, 0, 0, 0, 0, 0, 0, 0, 0, 0, 0, 112),
(867, '2025-10-28 10:59:29', '2025-10-28 10:59:29', 31, NULL, 157, 1, 0, 0, 0, 0, 0, 0, 0, 0, 0, 0, 0, 0, 112),
(868, '2025-10-28 10:59:29', '2025-10-28 10:59:29', 31, NULL, 158, 1, 0, 0, 0, 0, 0, 0, 0, 0, 0, 0, 0, 0, 112),
(869, '2025-10-28 10:59:29', '2025-10-28 10:59:29', 31, NULL, 160, 1, 0, 0, 0, 0, 0, 0, 0, 0, 0, 0, 0, 0, 113),
(870, '2025-10-28 10:59:29', '2025-10-28 10:59:29', 31, NULL, 161, 1, 0, 0, 0, 0, 0, 0, 0, 0, 0, 0, 0, 0, 113),
(871, '2025-10-28 10:59:30', '2025-10-28 10:59:30', 31, NULL, 159, 1, 0, 0, 0, 0, 0, 0, 0, 0, 0, 0, 0, 0, 113),
(872, '2025-10-28 10:59:30', '2025-10-28 10:59:30', 31, NULL, 163, 1, 0, 0, 0, 0, 0, 0, 0, 0, 0, 0, 0, 0, 114),
(873, '2025-10-28 10:59:30', '2025-10-28 10:59:30', 31, NULL, 164, 1, 0, 0, 0, 0, 0, 0, 0, 0, 0, 0, 0, 0, 114),
(874, '2025-10-28 10:59:31', '2025-10-28 10:59:31', 31, NULL, 162, 1, 0, 0, 0, 0, 0, 0, 0, 0, 0, 0, 0, 0, 114),
(875, '2025-10-28 10:59:31', '2025-10-28 10:59:31', 31, NULL, 167, 1, 0, 0, 0, 0, 0, 0, 0, 0, 0, 0, 0, 0, 115),
(876, '2025-10-28 10:59:31', '2025-10-28 10:59:31', 31, NULL, 166, 1, 0, 0, 0, 0, 0, 0, 0, 0, 0, 0, 0, 0, 115),
(877, '2025-10-28 10:59:31', '2025-10-28 10:59:31', 31, NULL, 168, 1, 0, 0, 0, 0, 0, 0, 0, 0, 0, 0, 0, 0, 115),
(878, '2025-10-28 10:59:32', '2025-10-28 10:59:32', 31, NULL, 165, 1, 0, 0, 0, 0, 0, 0, 0, 0, 0, 0, 0, 0, 115),
(879, '2025-10-28 11:05:38', '2025-10-28 11:05:38', 32, NULL, 251, 1, 0, 0, 0, 0, 0, 0, 0, 0, 0, 0, 0, 0, 116),
(880, '2025-10-28 11:05:38', '2025-10-28 11:05:38', 32, NULL, 252, 1, 0, 0, 0, 0, 0, 0, 0, 0, 0, 0, 0, 0, 116),
(881, '2025-10-28 11:05:39', '2025-10-28 11:05:39', 32, NULL, 250, 1, 0, 0, 0, 0, 0, 0, 0, 0, 0, 0, 0, 0, 116),
(882, '2025-10-28 11:05:39', '2025-10-28 11:05:39', 32, NULL, 183, 1, 0, 0, 0, 0, 0, 0, 0, 0, 0, 0, 0, 0, 117),
(883, '2025-10-28 11:05:39', '2025-10-28 11:05:39', 32, NULL, 255, 1, 0, 0, 0, 0, 0, 0, 0, 0, 0, 0, 0, 0, 117),
(884, '2025-10-28 11:05:39', '2025-10-28 11:05:39', 32, NULL, 254, 1, 0, 0, 0, 0, 0, 0, 0, 0, 0, 0, 0, 0, 117),
(885, '2025-10-28 11:05:40', '2025-10-28 11:05:40', 32, NULL, 169, 1, 0, 0, 0, 0, 0, 0, 0, 0, 0, 0, 0, 0, 118),
(886, '2025-10-28 11:05:40', '2025-10-28 11:05:40', 32, NULL, 176, 1, 0, 0, 0, 0, 0, 0, 0, 0, 0, 0, 0, 0, 118),
(887, '2025-10-28 11:05:40', '2025-10-28 11:05:40', 32, NULL, 174, 1, 0, 0, 0, 0, 0, 0, 0, 0, 0, 0, 0, 0, 118),
(888, '2025-10-28 11:05:40', '2025-10-28 11:05:40', 32, NULL, 171, 1, 0, 0, 0, 0, 0, 0, 0, 0, 0, 0, 0, 0, 118),
(889, '2025-10-28 11:05:40', '2025-10-28 11:05:40', 32, NULL, 172, 1, 0, 0, 0, 0, 0, 0, 0, 0, 0, 0, 0, 0, 119),
(890, '2025-10-28 11:05:40', '2025-10-28 11:05:40', 32, NULL, 173, 1, 0, 0, 0, 0, 0, 0, 0, 0, 0, 0, 0, 0, 119),
(891, '2025-10-28 11:05:41', '2025-10-28 11:05:41', 32, NULL, 178, 1, 0, 0, 0, 0, 0, 0, 0, 0, 0, 0, 0, 0, 119),
(892, '2025-10-28 11:05:41', '2025-10-28 11:05:41', 32, NULL, 175, 1, 0, 0, 0, 0, 0, 0, 0, 0, 0, 0, 0, 0, 119),
(893, '2025-10-28 11:05:41', '2025-10-28 11:05:41', 32, NULL, 177, 1, 0, 0, 0, 0, 0, 0, 0, 0, 0, 0, 0, 0, 120),
(894, '2025-10-28 11:05:41', '2025-10-28 11:05:41', 32, NULL, 181, 1, 0, 0, 0, 0, 0, 0, 0, 0, 0, 0, 0, 0, 120),
(895, '2025-10-28 11:05:42', '2025-10-28 11:05:42', 32, NULL, 180, 1, 0, 0, 0, 0, 0, 0, 0, 0, 0, 0, 0, 0, 120),
(896, '2025-10-28 11:05:42', '2025-10-28 11:05:42', 32, NULL, 170, 1, 0, 0, 0, 0, 0, 0, 0, 0, 0, 0, 0, 0, 120),
(897, '2025-10-28 11:05:42', '2025-10-28 11:05:42', 32, NULL, 184, 1, 0, 0, 0, 0, 0, 0, 0, 0, 0, 0, 0, 0, 121),
(898, '2025-10-28 11:05:42', '2025-10-28 11:05:42', 32, NULL, 182, 1, 0, 0, 0, 0, 0, 0, 0, 0, 0, 0, 0, 0, 121),
(899, '2025-10-28 11:05:42', '2025-10-28 11:05:42', 32, NULL, 253, 1, 0, 0, 0, 0, 0, 0, 0, 0, 0, 0, 0, 0, 121),
(900, '2025-10-28 11:05:42', '2025-10-28 11:05:42', 32, NULL, 179, 1, 0, 0, 0, 0, 0, 0, 0, 0, 0, 0, 0, 0, 121),
(901, '2025-10-28 13:01:37', '2025-10-28 13:01:37', 33, NULL, 185, 1, 0, 0, 0, 0, 0, 0, 0, 0, 0, 0, 0, 0, 122),
(902, '2025-10-28 13:01:38', '2025-10-28 13:01:38', 33, NULL, 186, 1, 0, 0, 0, 0, 0, 0, 0, 0, 0, 0, 0, 0, 122),
(903, '2025-10-28 13:01:38', '2025-10-28 13:01:38', 33, NULL, 187, 1, 0, 0, 0, 0, 0, 0, 0, 0, 0, 0, 0, 0, 122),
(904, '2025-10-28 13:01:40', '2025-10-28 13:01:40', 33, NULL, 188, 1, 0, 0, 0, 0, 0, 0, 0, 0, 0, 0, 0, 0, 123),
(905, '2025-10-28 13:01:41', '2025-10-28 13:01:41', 33, NULL, 190, 1, 0, 0, 0, 0, 0, 0, 0, 0, 0, 0, 0, 0, 123),
(906, '2025-10-28 13:01:41', '2025-10-28 13:01:41', 33, NULL, 189, 1, 0, 0, 0, 0, 0, 0, 0, 0, 0, 0, 0, 0, 123),
(907, '2025-10-28 13:01:41', '2025-10-28 13:01:41', 33, NULL, 193, 1, 0, 0, 0, 0, 0, 0, 0, 0, 0, 0, 0, 0, 124),
(908, '2025-10-28 13:01:42', '2025-10-28 13:01:42', 33, NULL, 194, 1, 0, 0, 0, 0, 0, 0, 0, 0, 0, 0, 0, 0, 124),
(909, '2025-10-28 13:01:43', '2025-10-28 13:01:43', 33, NULL, 192, 1, 0, 0, 0, 0, 0, 0, 0, 0, 0, 0, 0, 0, 124),
(910, '2025-10-28 13:01:43', '2025-10-28 13:01:43', 33, NULL, 207, 1, 0, 0, 0, 0, 0, 0, 0, 0, 0, 0, 0, 0, 125),
(911, '2025-10-28 13:01:44', '2025-10-28 13:01:44', 33, NULL, 198, 1, 0, 0, 0, 0, 0, 0, 0, 0, 0, 0, 0, 0, 125),
(912, '2025-10-28 13:01:44', '2025-10-28 13:01:44', 33, NULL, 196, 1, 0, 0, 0, 0, 0, 0, 0, 0, 0, 0, 0, 0, 125),
(913, '2025-10-28 13:01:44', '2025-10-28 13:01:44', 33, NULL, 195, 1, 0, 0, 0, 0, 0, 0, 0, 0, 0, 0, 0, 0, 125),
(914, '2025-10-28 13:01:45', '2025-10-28 13:01:45', 33, NULL, 197, 1, 0, 0, 0, 0, 0, 0, 0, 0, 0, 0, 0, 0, 126),
(915, '2025-10-28 13:01:45', '2025-10-28 13:01:45', 33, NULL, 184, 1, 0, 0, 0, 0, 0, 0, 0, 0, 0, 0, 0, 0, 126),
(916, '2025-10-28 13:01:45', '2025-10-28 13:01:45', 33, NULL, 174, 1, 0, 0, 0, 0, 0, 0, 0, 0, 0, 0, 0, 0, 126),
(917, '2025-10-28 13:01:46', '2025-10-28 13:01:46', 33, NULL, 200, 1, 0, 0, 0, 0, 0, 0, 0, 0, 0, 0, 0, 0, 126),
(918, '2025-10-28 13:01:46', '2025-10-28 13:01:46', 33, NULL, 199, 1, 0, 0, 0, 0, 0, 0, 0, 0, 0, 0, 0, 0, 127),
(919, '2025-10-28 13:01:46', '2025-10-28 13:01:46', 33, NULL, 204, 1, 0, 0, 0, 0, 0, 0, 0, 0, 0, 0, 0, 0, 127),
(920, '2025-10-28 13:01:47', '2025-10-28 13:01:47', 33, NULL, 201, 1, 0, 0, 0, 0, 0, 0, 0, 0, 0, 0, 0, 0, 127),
(921, '2025-10-28 13:01:47', '2025-10-28 13:01:47', 33, NULL, 203, 1, 0, 0, 0, 0, 0, 0, 0, 0, 0, 0, 0, 0, 127),
(922, '2025-10-28 13:01:47', '2025-10-28 13:01:47', 33, NULL, 202, 1, 0, 0, 0, 0, 0, 0, 0, 0, 0, 0, 0, 0, 128),
(923, '2025-10-28 13:01:48', '2025-10-28 13:01:48', 33, NULL, 205, 1, 0, 0, 0, 0, 0, 0, 0, 0, 0, 0, 0, 0, 128),
(924, '2025-10-28 13:01:48', '2025-10-28 13:01:48', 33, NULL, 175, 1, 0, 0, 0, 0, 0, 0, 0, 0, 0, 0, 0, 0, 128),
(925, '2025-10-28 13:01:48', '2025-10-28 13:01:48', 33, NULL, 206, 1, 0, 0, 0, 0, 0, 0, 0, 0, 0, 0, 0, 0, 128),
(926, '2025-10-28 13:01:49', '2025-10-28 13:01:49', 33, NULL, 183, 1, 0, 0, 0, 0, 0, 0, 0, 0, 0, 0, 0, 0, 129),
(927, '2025-10-28 13:01:49', '2025-10-28 13:01:49', 33, NULL, 177, 1, 0, 0, 0, 0, 0, 0, 0, 0, 0, 0, 0, 0, 129),
(928, '2025-10-28 13:01:49', '2025-10-28 13:01:49', 33, NULL, 181, 1, 0, 0, 0, 0, 0, 0, 0, 0, 0, 0, 0, 0, 129),
(929, '2025-10-28 13:01:50', '2025-10-28 13:01:50', 33, NULL, 191, 1, 0, 0, 0, 0, 0, 0, 0, 0, 0, 0, 0, 0, 129),
(930, '2025-10-28 13:07:06', '2025-10-28 13:07:06', 34, NULL, 208, 1, 0, 0, 0, 0, 0, 0, 0, 0, 0, 0, 0, 0, 130),
(931, '2025-10-28 13:07:06', '2025-10-28 13:07:06', 34, NULL, 210, 1, 0, 0, 0, 0, 0, 0, 0, 0, 0, 0, 0, 0, 130),
(932, '2025-10-28 13:07:07', '2025-10-28 13:07:07', 34, NULL, 209, 1, 0, 0, 0, 0, 0, 0, 0, 0, 0, 0, 0, 0, 130),
(933, '2025-10-28 13:07:07', '2025-10-28 13:07:07', 34, NULL, 212, 1, 0, 0, 0, 0, 0, 0, 0, 0, 0, 0, 0, 0, 131),
(934, '2025-10-28 13:07:07', '2025-10-28 13:07:07', 34, NULL, 213, 1, 0, 0, 0, 0, 0, 0, 0, 0, 0, 0, 0, 0, 131),
(935, '2025-10-28 13:07:07', '2025-10-28 13:07:07', 34, NULL, 211, 1, 0, 0, 0, 0, 0, 0, 0, 0, 0, 0, 0, 0, 131),
(936, '2025-10-28 13:07:08', '2025-10-28 13:07:08', 34, NULL, 214, 1, 0, 0, 0, 0, 0, 0, 0, 0, 0, 0, 0, 0, 132),
(937, '2025-10-28 13:07:08', '2025-10-28 13:07:08', 34, NULL, 215, 1, 0, 0, 0, 0, 0, 0, 0, 0, 0, 0, 0, 0, 132),
(938, '2025-10-28 13:07:08', '2025-10-28 13:07:08', 34, NULL, 216, 1, 0, 0, 0, 0, 0, 0, 0, 0, 0, 0, 0, 0, 132),
(939, '2025-10-28 13:07:09', '2025-10-28 13:07:09', 34, NULL, 156, 1, 0, 0, 0, 0, 0, 0, 0, 0, 0, 0, 0, 0, 133),
(940, '2025-10-28 13:07:09', '2025-10-28 13:07:09', 34, NULL, 219, 1, 0, 0, 0, 0, 0, 0, 0, 0, 0, 0, 0, 0, 133),
(941, '2025-10-28 13:07:09', '2025-10-28 13:07:09', 34, NULL, 218, 1, 0, 0, 0, 0, 0, 0, 0, 0, 0, 0, 0, 0, 133),
(942, '2025-10-28 13:07:09', '2025-10-28 13:07:09', 34, NULL, 217, 1, 0, 0, 0, 0, 0, 0, 0, 0, 0, 0, 0, 0, 133),
(943, '2025-10-28 13:07:10', '2025-10-28 13:07:10', 34, NULL, 221, 1, 0, 0, 0, 0, 0, 0, 0, 0, 0, 0, 0, 0, 134),
(944, '2025-10-28 13:07:10', '2025-10-28 13:07:10', 34, NULL, 160, 1, 0, 0, 0, 0, 0, 0, 0, 0, 0, 0, 0, 0, 134),
(945, '2025-10-28 13:07:10', '2025-10-28 13:07:10', 34, NULL, 220, 1, 0, 0, 0, 0, 0, 0, 0, 0, 0, 0, 0, 0, 134),
(946, '2025-10-28 13:07:11', '2025-10-28 13:07:11', 34, NULL, 222, 1, 0, 0, 0, 0, 0, 0, 0, 0, 0, 0, 0, 0, 134),
(947, '2025-10-28 13:07:11', '2025-10-28 13:07:11', 34, NULL, 226, 1, 0, 0, 0, 0, 0, 0, 0, 0, 0, 0, 0, 0, 135),
(948, '2025-10-28 13:07:12', '2025-10-28 13:07:12', 34, NULL, 223, 1, 0, 0, 0, 0, 0, 0, 0, 0, 0, 0, 0, 0, 135),
(949, '2025-10-28 13:07:12', '2025-10-28 13:07:12', 34, NULL, 224, 1, 0, 0, 0, 0, 0, 0, 0, 0, 0, 0, 0, 0, 135),
(950, '2025-10-28 13:07:12', '2025-10-28 13:07:12', 34, NULL, 225, 1, 0, 0, 0, 0, 0, 0, 0, 0, 0, 0, 0, 0, 135),
(1071, '2025-10-28 13:34:51', '2025-10-28 13:34:51', 35, NULL, 228, 1, 3, 3, 0, 0, 0, 0, 0, 6, 9, 0, 0, 0, 153),
(1072, '2025-10-28 13:34:51', '2025-10-28 13:34:52', 35, NULL, 199, 3, 3, 1, 0, 2, 0, 0, 0, 2, 3, 6, 0, 0, 153),
(1073, '2025-10-28 13:34:51', '2025-10-28 13:34:52', 35, NULL, 227, 4, 3, 0, 0, 3, 0, 0, 0, 0, 1, 9, 0, 0, 153),
(1074, '2025-10-28 13:34:51', '2025-10-28 13:34:51', 35, NULL, 256, 2, 3, 2, 0, 1, 0, 0, 0, 4, 6, 4, 0, 0, 153),
(1095, '2025-10-28 13:36:40', '2025-10-28 13:36:40', 35, NULL, 230, 1, 3, 3, 0, 0, 0, 0, 0, 6, 9, 0, 0, 0, 154),
(1096, '2025-10-28 13:36:40', '2025-10-28 13:36:40', 35, NULL, 202, 2, 3, 2, 0, 1, 0, 0, 0, 4, 6, 3, 0, 0, 154),
(1097, '2025-10-28 13:36:40', '2025-10-28 13:36:41', 35, NULL, 231, 3, 3, 1, 0, 2, 0, 0, 0, 2, 3, 7, 0, 0, 154),
(1098, '2025-10-28 13:36:40', '2025-10-28 13:36:41', 35, NULL, 189, 4, 3, 0, 0, 3, 0, 0, 0, 0, 1, 9, 0, 0, 154),
(1119, '2025-10-28 13:39:24', '2025-10-28 13:39:24', 35, NULL, 233, 1, 3, 3, 0, 0, 0, 0, 0, 6, 9, 0, 0, 0, 155),
(1120, '2025-10-28 13:39:24', '2025-10-28 13:39:25', 35, NULL, 207, 4, 3, 0, 0, 3, 0, 0, 0, 0, 2, 9, 0, 0, 155),
(1121, '2025-10-28 13:39:24', '2025-10-28 13:39:25', 35, NULL, 234, 2, 3, 2, 0, 1, 0, 0, 0, 4, 6, 4, 0, 0, 155),
(1122, '2025-10-28 13:39:25', '2025-10-28 13:39:25', 35, NULL, 204, 3, 3, 1, 0, 2, 0, 0, 0, 2, 3, 7, 0, 0, 155),
(1143, '2025-10-28 13:41:49', '2025-10-28 13:41:49', 35, NULL, 237, 1, 3, 2, 0, 1, 0, 0, 0, 4, 8, 3, 0, 0, 156),
(1144, '2025-10-28 13:41:49', '2025-10-28 13:41:51', 35, NULL, 236, 2, 3, 2, 0, 1, 0, 0, 0, 4, 6, 5, 0, 0, 156),
(1145, '2025-10-28 13:41:50', '2025-10-28 13:41:51', 35, NULL, 238, 3, 3, 1, 0, 2, 0, 0, 0, 2, 3, 6, 0, 0, 156),
(1146, '2025-10-28 13:41:50', '2025-10-28 13:41:51', 35, NULL, 206, 4, 3, 1, 0, 2, 0, 0, 0, 2, 3, 6, 0, 0, 156),
(1167, '2025-10-28 20:48:19', '2025-10-28 20:48:20', 35, NULL, 239, 2, 3, 2, 0, 1, 0, 0, 0, 4, 8, 3, 0, 0, 157),
(1168, '2025-10-28 20:48:20', '2025-10-28 20:48:20', 35, NULL, 241, 1, 3, 3, 0, 0, 0, 0, 0, 6, 9, 2, 0, 0, 157),
(1169, '2025-10-28 20:48:20', '2025-10-28 20:48:21', 35, NULL, 240, 3, 3, 1, 0, 2, 0, 0, 0, 2, 3, 6, 0, 0, 157),
(1170, '2025-10-28 20:48:20', '2025-10-28 20:48:21', 35, NULL, 194, 4, 3, 0, 0, 3, 0, 0, 0, 0, 0, 9, 0, 0, 157),
(1191, '2025-10-28 21:33:21', '2025-10-28 21:33:21', 35, NULL, 188, 1, 3, 3, 0, 0, 0, 0, 0, 6, 9, 2, 0, 0, 158),
(1192, '2025-10-28 21:33:22', '2025-10-28 21:33:22', 35, NULL, 242, 2, 3, 2, 0, 1, 0, 0, 0, 4, 6, 5, 0, 0, 158),
(1193, '2025-10-28 21:33:22', '2025-10-28 21:33:22', 35, NULL, 243, 3, 3, 1, 0, 2, 0, 0, 0, 2, 5, 6, 0, 0, 158),
(1194, '2025-10-28 21:33:22', '2025-10-28 21:33:22', 35, NULL, 190, 4, 3, 0, 0, 3, 0, 0, 0, 0, 2, 9, 0, 0, 158),
(1215, '2025-10-28 21:37:06', '2025-10-28 21:37:10', 35, NULL, 193, 2, 3, 2, 0, 1, 0, 0, 0, 4, 6, 3, 0, 0, 159),
(1216, '2025-10-28 21:37:07', '2025-10-28 21:37:07', 35, NULL, 245, 1, 3, 3, 0, 0, 0, 0, 0, 6, 9, 0, 0, 0, 159),
(1217, '2025-10-28 21:37:08', '2025-10-28 21:37:11', 35, NULL, 244, 3, 3, 1, 0, 2, 0, 0, 0, 2, 3, 8, 0, 0, 159),
(1218, '2025-10-28 21:37:10', '2025-10-28 21:37:11', 35, NULL, 229, 4, 3, 0, 0, 3, 0, 0, 0, 0, 2, 9, 0, 0, 159),
(1223, '2025-10-28 22:32:40', '2025-10-28 22:32:40', 16, NULL, 63, 1, 0, 0, 0, 0, 0, 0, 0, 0, 0, 0, 0, 0, 163),
(1224, '2025-10-28 22:32:40', '2025-10-28 22:32:40', 16, NULL, 44, 1, 0, 0, 0, 0, 0, 0, 0, 0, 0, 0, 0, 0, 163),
(1225, '2025-10-28 22:32:44', '2025-10-28 22:32:44', 16, NULL, 65, 1, 0, 0, 0, 0, 0, 0, 0, 0, 0, 0, 0, 0, 163),
(1226, '2025-10-28 22:32:44', '2025-10-28 22:32:44', 16, NULL, 43, 1, 0, 0, 0, 0, 0, 0, 0, 0, 0, 0, 0, 0, 163),
(1239, '2025-10-28 22:32:54', '2025-10-28 22:32:54', 16, NULL, 41, 1, 0, 0, 0, 0, 0, 0, 0, 0, 0, 0, 0, 0, 167),
(1240, '2025-10-28 22:32:54', '2025-10-28 22:32:54', 16, NULL, 66, 1, 0, 0, 0, 0, 0, 0, 0, 0, 0, 0, 0, 0, 167),
(1241, '2025-10-28 22:32:55', '2025-10-28 22:32:55', 16, NULL, 55, 1, 0, 0, 0, 0, 0, 0, 0, 0, 0, 0, 0, 0, 167),
(1242, '2025-10-28 22:32:55', '2025-10-28 22:32:55', 16, NULL, 52, 1, 0, 0, 0, 0, 0, 0, 0, 0, 0, 0, 0, 0, 167),
(1243, '2025-10-28 22:32:56', '2025-10-28 22:32:56', 16, NULL, 62, 1, 0, 0, 0, 0, 0, 0, 0, 0, 0, 0, 0, 0, 168),
(1244, '2025-10-28 22:32:56', '2025-10-28 22:32:56', 16, NULL, 56, 1, 0, 0, 0, 0, 0, 0, 0, 0, 0, 0, 0, 0, 168),
(1245, '2025-10-28 22:32:56', '2025-10-28 22:32:56', 16, NULL, 45, 1, 0, 0, 0, 0, 0, 0, 0, 0, 0, 0, 0, 0, 168),
(1246, '2025-10-28 22:32:57', '2025-10-28 22:32:57', 16, NULL, 58, 1, 0, 0, 0, 0, 0, 0, 0, 0, 0, 0, 0, 0, 168),
(1251, '2025-10-28 23:07:40', '2025-10-28 23:07:40', 35, NULL, 248, 1, 1, 1, 0, 0, 0, 0, 0, 2, 3, 0, 0, 0, 160),
(1252, '2025-10-28 23:07:41', '2025-10-28 23:07:43', 35, NULL, 235, 2, 0, 0, 0, 0, 0, 0, 0, 0, 0, 0, 0, 0, 160),
(1253, '2025-10-28 23:07:41', '2025-10-28 23:07:44', 35, NULL, 187, 3, 0, 0, 0, 0, 0, 0, 0, 0, 0, 0, 0, 0, 160),
(1254, '2025-10-28 23:07:42', '2025-10-28 23:07:44', 35, NULL, 247, 4, 1, 0, 0, 1, 0, 0, 0, 0, 0, 3, 0, 0, 160),
(1259, '2025-10-29 16:18:51', '2025-10-29 16:18:51', 16, NULL, 49, 1, 1, 1, 0, 0, 0, 0, 0, 2, 3, 1, 0, 0, 162),
(1260, '2025-10-29 16:18:51', '2025-10-29 16:18:51', 16, NULL, 48, 2, 1, 1, 0, 0, 0, 0, 0, 2, 3, 2, 0, 0, 162),
(1261, '2025-10-29 16:18:51', '2025-10-29 16:18:52', 16, NULL, 54, 3, 1, 0, 0, 1, 0, 0, 0, 0, 2, 3, 0, 0, 162),
(1262, '2025-10-29 16:18:51', '2025-10-29 16:18:52', 16, NULL, 40, 4, 1, 0, 0, 1, 0, 0, 0, 0, 1, 3, 0, 0, 162),
(1283, '2025-10-29 16:21:00', '2025-10-29 16:21:00', 16, NULL, 53, 1, 3, 3, 0, 0, 0, 0, 0, 6, 9, 4, 0, 0, 164),
(1284, '2025-10-29 16:21:00', '2025-10-29 16:21:01', 16, NULL, 67, 4, 3, 1, 0, 2, 0, 0, 0, 2, 5, 8, 0, 0, 164),
(1285, '2025-10-29 16:21:00', '2025-10-29 16:21:01', 16, NULL, 42, 2, 3, 1, 0, 2, 0, 0, 0, 2, 7, 7, 0, 0, 164),
(1286, '2025-10-29 16:21:00', '2025-10-29 16:21:01', 16, NULL, 57, 3, 3, 1, 0, 2, 0, 0, 0, 2, 5, 7, 0, 0, 164),
(1287, '2025-10-29 16:21:11', '2025-10-29 16:21:11', 16, NULL, 47, 1, 1, 1, 0, 0, 0, 0, 0, 2, 3, 1, 0, 0, 165),
(1288, '2025-10-29 16:21:11', '2025-10-29 16:21:12', 16, NULL, 51, 3, 1, 0, 0, 1, 0, 0, 0, 0, 1, 3, 0, 0, 165),
(1289, '2025-10-29 16:21:12', '2025-10-29 16:21:12', 16, NULL, 61, 2, 1, 1, 0, 0, 0, 0, 0, 2, 3, 1, 0, 0, 165),
(1290, '2025-10-29 16:21:12', '2025-10-29 16:21:12', 16, NULL, 59, 4, 1, 0, 0, 1, 0, 0, 0, 0, 1, 3, 0, 0, 165),
(1295, '2025-10-29 16:21:44', '2025-10-29 16:21:44', 16, NULL, 50, 2, 1, 1, 0, 0, 0, 0, 0, 2, 3, 2, 0, 0, 166),
(1296, '2025-10-29 16:21:44', '2025-10-29 16:21:45', 16, NULL, 64, 4, 1, 0, 0, 1, 0, 0, 0, 0, 1, 3, 0, 0, 166),
(1297, '2025-10-29 16:21:44', '2025-10-29 16:21:44', 16, NULL, 46, 1, 1, 1, 0, 0, 0, 0, 0, 2, 3, 1, 0, 0, 166),
(1298, '2025-10-29 16:21:44', '2025-10-29 16:21:45', 16, NULL, 60, 3, 1, 0, 0, 1, 0, 0, 0, 0, 2, 3, 0, 0, 166),
(1307, '2025-10-29 16:25:09', '2025-10-29 16:25:09', 35, NULL, 185, 1, 2, 2, 0, 0, 0, 0, 0, 4, 6, 2, 0, 0, 161),
(1308, '2025-10-29 16:25:09', '2025-10-29 16:25:10', 35, NULL, 249, 3, 1, 0, 0, 1, 0, 0, 0, 0, 2, 3, 0, 0, 161),
(1309, '2025-10-29 16:25:09', '2025-10-29 16:25:09', 35, NULL, 232, 2, 2, 1, 0, 1, 0, 0, 0, 2, 4, 5, 0, 0, 161),
(1310, '2025-10-29 16:25:09', '2025-10-29 16:25:10', 35, NULL, 246, 4, 1, 0, 0, 1, 0, 0, 0, 0, 1, 3, 0, 0, 161);

-- --------------------------------------------------------

--
-- Table structure for table `tables`
--

CREATE TABLE `tables` (
  `id` int(11) NOT NULL,
  `organization_id` int(11) NOT NULL,
  `name` text NOT NULL,
  `description` TEXT DEFAULT NULL,
  `is_active` varchar(255) NOT NULL DEFAULT '1',
  `created_at` datetime DEFAULT NULL,
  `updated_at` datetime DEFAULT NULL
) ENGINE=InnoDB DEFAULT CHARSET=utf8mb4 COLLATE=utf8mb4_unicode_ci;

--
-- Dumping data for table `tables`
--

INSERT INTO `tables` (`id`, `organization_id`, `name`, `description`, `is_active`, `created_at`, `updated_at`) VALUES
(1, 1, 'Centralni', NULL, '1', '2025-10-23 09:29:52', '2025-10-23 09:29:52'),
(2, 1, 'Stol 1', NULL, '1', '2025-10-23 09:30:07', '2025-10-23 09:30:07');

-- --------------------------------------------------------

--
-- Table structure for table `teams`
--

CREATE TABLE `teams` (
  `id` int(11) NOT NULL,
  `name` text NOT NULL,
  `description` TEXT DEFAULT NULL,
  `competition_id` int(11) NOT NULL,
  `captain_id` int(11) DEFAULT NULL,
  `status` VARCHAR(50) NOT NULL DEFAULT 'active',
  `created_at` datetime DEFAULT NULL,
  `updated_at` datetime DEFAULT NULL
) ENGINE=InnoDB DEFAULT CHARSET=utf8mb4 COLLATE=utf8mb4_unicode_ci;

-- --------------------------------------------------------

--
-- Table structure for table `team_user`
--

CREATE TABLE `team_user` (
  `id` int(11) NOT NULL,
  `team_id` int(11) NOT NULL,
  `user_id` int(11) NOT NULL,
  `joined_at` datetime NOT NULL DEFAULT current_timestamp(),
  `created_at` datetime DEFAULT NULL,
  `updated_at` datetime DEFAULT NULL
) ENGINE=InnoDB DEFAULT CHARSET=utf8mb4 COLLATE=utf8mb4_unicode_ci;

-- --------------------------------------------------------

--
-- Table structure for table `tournament_groups`
--

CREATE TABLE `tournament_groups` (
  `id` int(11) NOT NULL,
  `competition_id` int(11) NOT NULL,
  `name` text NOT NULL,
  `group_number` int(11) NOT NULL,
  `player_ids` TEXT DEFAULT NULL,
  `standings` TEXT DEFAULT NULL,
  `is_completed` varchar(255) NOT NULL DEFAULT '0',
  `completed_at` datetime DEFAULT NULL,
  `created_at` datetime DEFAULT NULL,
  `updated_at` datetime DEFAULT NULL
) ENGINE=InnoDB DEFAULT CHARSET=utf8mb4 COLLATE=utf8mb4_unicode_ci;

--
-- Dumping data for table `tournament_groups`
--

INSERT INTO `tournament_groups` (`id`, `competition_id`, `name`, `group_number`, `player_ids`, `standings`, `is_completed`, `completed_at`, `created_at`, `updated_at`) VALUES
(4, 4, 'A', 1, '[\"21\",\"18\",\"19\"]', '[{\"player_id\":\"21\",\"played\":5,\"won\":3,\"lost\":2,\"points\":9,\"sets_won\":9,\"sets_lost\":6,\"points_scored\":0,\"points_conceded\":0},{\"player_id\":\"18\",\"played\":4,\"won\":0,\"lost\":4,\"points\":0,\"sets_won\":0,\"sets_lost\":12,\"points_scored\":0,\"points_conceded\":0},{\"player_id\":\"19\",\"played\":3,\"won\":3,\"lost\":0,\"points\":9,\"sets_won\":9,\"sets_lost\":0,\"points_scored\":0,\"points_conceded\":0}]', '0', NULL, '2025-10-18 08:01:18', '2025-10-18 08:34:24'),
(5, 4, 'B', 2, '[\"23\",\"17\",\"20\"]', '[{\"player_id\":\"23\",\"played\":2,\"won\":0,\"lost\":2,\"points\":0,\"sets_won\":0,\"sets_lost\":6,\"points_scored\":0,\"points_conceded\":0},{\"player_id\":\"17\",\"played\":3,\"won\":3,\"lost\":0,\"points\":9,\"sets_won\":9,\"sets_lost\":2,\"points_scored\":0,\"points_conceded\":0},{\"player_id\":\"20\",\"played\":3,\"won\":1,\"lost\":2,\"points\":3,\"sets_won\":5,\"sets_lost\":6,\"points_scored\":0,\"points_conceded\":0}]', '0', NULL, '2025-10-18 08:01:18', '2025-10-18 08:34:09'),
(6, 5, 'A', 1, '[\"26\",\"22\",\"18\"]', '[{\"player_id\":\"26\",\"played\":2,\"won\":0,\"lost\":2,\"points\":0,\"sets_won\":1,\"sets_lost\":6,\"points_scored\":0,\"points_conceded\":0},{\"player_id\":\"22\",\"played\":2,\"won\":2,\"lost\":0,\"points\":6,\"sets_won\":6,\"sets_lost\":2,\"points_scored\":0,\"points_conceded\":0},{\"player_id\":\"18\",\"played\":2,\"won\":1,\"lost\":1,\"points\":3,\"sets_won\":5,\"sets_lost\":4,\"points_scored\":0,\"points_conceded\":0}]', '0', NULL, '2025-10-18 08:44:39', '2025-10-18 08:45:38'),
(7, 5, 'B', 2, '[\"24\",\"19\",\"21\"]', '[{\"player_id\":\"24\",\"played\":2,\"won\":2,\"lost\":0,\"points\":6,\"sets_won\":6,\"sets_lost\":3,\"points_scored\":0,\"points_conceded\":0},{\"player_id\":\"19\",\"played\":2,\"won\":1,\"lost\":1,\"points\":3,\"sets_won\":4,\"sets_lost\":4,\"points_scored\":0,\"points_conceded\":0},{\"player_id\":\"21\",\"played\":2,\"won\":0,\"lost\":2,\"points\":0,\"sets_won\":3,\"sets_lost\":6,\"points_scored\":0,\"points_conceded\":0}]', '0', NULL, '2025-10-18 08:44:39', '2025-10-18 08:45:55'),
(8, 5, 'C', 3, '[\"23\",\"25\",\"17\"]', '[{\"player_id\":\"23\",\"played\":2,\"won\":1,\"lost\":1,\"points\":3,\"sets_won\":4,\"sets_lost\":5,\"points_scored\":0,\"points_conceded\":0},{\"player_id\":\"25\",\"played\":2,\"won\":0,\"lost\":2,\"points\":0,\"sets_won\":3,\"sets_lost\":6,\"points_scored\":0,\"points_conceded\":0},{\"player_id\":\"17\",\"played\":2,\"won\":2,\"lost\":0,\"points\":6,\"sets_won\":6,\"sets_lost\":2,\"points_scored\":0,\"points_conceded\":0}]', '0', NULL, '2025-10-18 08:44:39', '2025-10-18 08:46:16'),
(9, 7, 'A', 1, '[\"3\",\"4\",\"9\",\"16\"]', '[{\"player_id\":\"3\",\"played\":3,\"won\":2,\"lost\":1,\"points\":6,\"sets_won\":6,\"sets_lost\":6},{\"player_id\":\"4\",\"played\":3,\"won\":2,\"lost\":1,\"points\":6,\"sets_won\":7,\"sets_lost\":6},{\"player_id\":\"9\",\"played\":3,\"won\":1,\"lost\":2,\"points\":3,\"sets_won\":6,\"sets_lost\":6},{\"player_id\":\"16\",\"played\":3,\"won\":1,\"lost\":2,\"points\":3,\"sets_won\":7,\"sets_lost\":8}]', '1', '2025-10-18 23:04:15', '2025-10-18 09:37:46', '2025-10-18 23:04:15'),
(10, 7, 'B', 2, '[\"2\",\"1\",\"7\"]', '[{\"player_id\":\"2\",\"played\":0,\"won\":0,\"lost\":0,\"points\":0,\"sets_won\":0,\"sets_lost\":0},{\"player_id\":\"1\",\"played\":0,\"won\":0,\"lost\":0,\"points\":0,\"sets_won\":0,\"sets_lost\":0},{\"player_id\":\"7\",\"played\":0,\"won\":0,\"lost\":0,\"points\":0,\"sets_won\":0,\"sets_lost\":0}]', '0', NULL, '2025-10-18 09:37:46', '2025-10-18 09:38:41'),
(35, 9, 'A', 1, '[\"5\",\"2\",\"6\"]', '[{\"player_id\":\"5\",\"played\":0,\"won\":0,\"lost\":0,\"points\":0,\"sets_won\":0,\"sets_lost\":0},{\"player_id\":\"2\",\"played\":0,\"won\":0,\"lost\":0,\"points\":0,\"sets_won\":0,\"sets_lost\":0},{\"player_id\":\"6\",\"played\":0,\"won\":0,\"lost\":0,\"points\":0,\"sets_won\":0,\"sets_lost\":0}]', '0', NULL, '2025-10-21 12:10:00', '2025-10-23 11:47:35'),
(36, 9, 'B', 2, '[\"3\",\"1\",\"4\"]', '[{\"player_id\":\"3\",\"played\":0,\"won\":0,\"lost\":0,\"points\":0,\"sets_won\":0,\"sets_lost\":0},{\"player_id\":\"1\",\"played\":4,\"won\":3,\"lost\":0,\"points\":7,\"sets_won\":9,\"sets_lost\":3},{\"player_id\":\"4\",\"played\":4,\"won\":0,\"lost\":3,\"points\":1,\"sets_won\":3,\"sets_lost\":9}]', '0', NULL, '2025-10-21 12:10:00', '2025-10-24 11:17:14'),
(62, 11, 'A', 1, '[\"7\",\"13\",\"2\",\"10\"]', '[{\"player_id\":\"7\",\"played\":4,\"won\":4,\"lost\":0,\"points\":8,\"sets_won\":12,\"sets_lost\":5,\"points_scored\":0,\"points_conceded\":0},{\"player_id\":\"13\",\"played\":4,\"won\":1,\"lost\":3,\"points\":2,\"sets_won\":6,\"sets_lost\":11,\"points_scored\":0,\"points_conceded\":0},{\"player_id\":\"2\",\"played\":3,\"won\":1,\"lost\":2,\"points\":2,\"sets_won\":7,\"sets_lost\":7,\"points_scored\":0,\"points_conceded\":0},{\"player_id\":\"10\",\"played\":3,\"won\":1,\"lost\":2,\"points\":2,\"sets_won\":5,\"sets_lost\":7,\"points_scored\":0,\"points_conceded\":0}]', '0', NULL, '2025-10-24 07:39:24', '2025-10-24 11:43:18'),
(63, 11, 'B', 2, '[\"6\",\"16\",\"15\",\"12\"]', '[{\"player_id\":\"6\",\"played\":3,\"won\":1,\"lost\":2,\"points\":2,\"sets_won\":7,\"sets_lost\":7,\"points_scored\":0,\"points_conceded\":0},{\"player_id\":\"16\",\"played\":3,\"won\":1,\"lost\":2,\"points\":2,\"sets_won\":7,\"sets_lost\":8,\"points_scored\":0,\"points_conceded\":0},{\"player_id\":\"15\",\"played\":3,\"won\":2,\"lost\":1,\"points\":4,\"sets_won\":7,\"sets_lost\":7,\"points_scored\":0,\"points_conceded\":0},{\"player_id\":\"12\",\"played\":3,\"won\":2,\"lost\":1,\"points\":4,\"sets_won\":8,\"sets_lost\":7,\"points_scored\":0,\"points_conceded\":0}]', '0', NULL, '2025-10-24 07:39:24', '2025-10-24 08:47:34'),
(64, 11, 'C', 3, '[\"3\",\"11\",\"4\"]', '[{\"player_id\":\"3\",\"played\":2,\"won\":2,\"lost\":0,\"points\":4,\"sets_won\":6,\"sets_lost\":1,\"points_scored\":0,\"points_conceded\":0},{\"player_id\":\"11\",\"played\":2,\"won\":1,\"lost\":1,\"points\":2,\"sets_won\":3,\"sets_lost\":3,\"points_scored\":0,\"points_conceded\":0},{\"player_id\":\"4\",\"played\":2,\"won\":0,\"lost\":2,\"points\":0,\"sets_won\":1,\"sets_lost\":6,\"points_scored\":0,\"points_conceded\":0}]', '0', NULL, '2025-10-24 07:39:24', '2025-10-24 08:48:29'),
(65, 11, 'D', 4, '[\"9\",\"1\",\"14\"]', '[{\"player_id\":\"9\",\"played\":2,\"won\":1,\"lost\":1,\"points\":2,\"sets_won\":4,\"sets_lost\":5,\"points_scored\":0,\"points_conceded\":0},{\"player_id\":\"1\",\"played\":2,\"won\":1,\"lost\":1,\"points\":2,\"sets_won\":5,\"sets_lost\":5,\"points_scored\":0,\"points_conceded\":0},{\"player_id\":\"14\",\"played\":2,\"won\":1,\"lost\":1,\"points\":2,\"sets_won\":5,\"sets_lost\":4,\"points_scored\":0,\"points_conceded\":0}]', '0', NULL, '2025-10-24 07:39:24', '2025-10-24 08:49:01'),
(66, 11, 'E', 5, '[\"5\",\"28\",\"8\"]', '[{\"player_id\":\"5\",\"played\":2,\"won\":1,\"lost\":1,\"points\":2,\"sets_won\":4,\"sets_lost\":5,\"points_scored\":0,\"points_conceded\":0},{\"player_id\":\"28\",\"played\":2,\"won\":2,\"lost\":0,\"points\":4,\"sets_won\":6,\"sets_lost\":2,\"points_scored\":0,\"points_conceded\":0},{\"player_id\":\"8\",\"played\":2,\"won\":0,\"lost\":2,\"points\":0,\"sets_won\":3,\"sets_lost\":6,\"points_scored\":0,\"points_conceded\":0}]', '0', NULL, '2025-10-24 07:39:24', '2025-10-24 08:49:30'),
(105, 17, 'A', 1, '[\"84\",\"68\",\"69\",\"79\"]', '[{\"player_id\":\"84\",\"played\":3,\"won\":2,\"lost\":1,\"points\":4,\"sets_won\":8,\"sets_lost\":5,\"points_scored\":0,\"points_conceded\":0},{\"player_id\":\"68\",\"played\":3,\"won\":2,\"lost\":1,\"points\":4,\"sets_won\":8,\"sets_lost\":7,\"points_scored\":0,\"points_conceded\":0},{\"player_id\":\"69\",\"played\":3,\"won\":1,\"lost\":2,\"points\":2,\"sets_won\":7,\"sets_lost\":8,\"points_scored\":0,\"points_conceded\":0},{\"player_id\":\"79\",\"played\":3,\"won\":1,\"lost\":2,\"points\":2,\"sets_won\":5,\"sets_lost\":8,\"points_scored\":0,\"points_conceded\":0}]', '0', NULL, '2025-10-24 22:45:34', '2025-10-24 22:48:29'),
(106, 17, 'B', 2, '[\"78\",\"70\",\"71\",\"72\"]', '[{\"player_id\":\"78\",\"played\":3,\"won\":2,\"lost\":1,\"points\":4,\"sets_won\":6,\"sets_lost\":5,\"points_scored\":0,\"points_conceded\":0},{\"player_id\":\"70\",\"played\":3,\"won\":0,\"lost\":3,\"points\":0,\"sets_won\":6,\"sets_lost\":9,\"points_scored\":0,\"points_conceded\":0},{\"player_id\":\"71\",\"played\":3,\"won\":2,\"lost\":1,\"points\":4,\"sets_won\":6,\"sets_lost\":5,\"points_scored\":0,\"points_conceded\":0},{\"player_id\":\"72\",\"played\":3,\"won\":2,\"lost\":1,\"points\":4,\"sets_won\":6,\"sets_lost\":5,\"points_scored\":0,\"points_conceded\":0}]', '0', NULL, '2025-10-24 22:45:34', '2025-10-24 22:48:29'),
(107, 17, 'C', 3, '[\"86\",\"85\",\"74\",\"73\"]', '[{\"player_id\":\"86\",\"played\":3,\"won\":2,\"lost\":1,\"points\":4,\"sets_won\":6,\"sets_lost\":4,\"points_scored\":0,\"points_conceded\":0},{\"player_id\":\"85\",\"played\":3,\"won\":2,\"lost\":1,\"points\":4,\"sets_won\":7,\"sets_lost\":5,\"points_scored\":0,\"points_conceded\":0},{\"player_id\":\"74\",\"played\":3,\"won\":0,\"lost\":3,\"points\":0,\"sets_won\":2,\"sets_lost\":9,\"points_scored\":0,\"points_conceded\":0},{\"player_id\":\"73\",\"played\":3,\"won\":2,\"lost\":1,\"points\":4,\"sets_won\":8,\"sets_lost\":5,\"points_scored\":0,\"points_conceded\":0}]', '0', NULL, '2025-10-24 22:45:34', '2025-10-24 22:48:29'),
(108, 17, 'D', 4, '[\"75\",\"81\",\"80\",\"76\"]', '[{\"player_id\":\"75\",\"played\":3,\"won\":3,\"lost\":0,\"points\":6,\"sets_won\":9,\"sets_lost\":1,\"points_scored\":0,\"points_conceded\":0},{\"player_id\":\"81\",\"played\":3,\"won\":1,\"lost\":2,\"points\":2,\"sets_won\":5,\"sets_lost\":8,\"points_scored\":0,\"points_conceded\":0},{\"player_id\":\"80\",\"played\":3,\"won\":2,\"lost\":1,\"points\":4,\"sets_won\":7,\"sets_lost\":6,\"points_scored\":0,\"points_conceded\":0},{\"player_id\":\"76\",\"played\":3,\"won\":0,\"lost\":3,\"points\":0,\"sets_won\":3,\"sets_lost\":9,\"points_scored\":0,\"points_conceded\":0}]', '0', NULL, '2025-10-24 22:45:34', '2025-10-24 22:48:29'),
(109, 17, 'E', 5, '[\"83\",\"82\",\"77\"]', '[{\"player_id\":\"83\",\"played\":2,\"won\":0,\"lost\":2,\"points\":0,\"sets_won\":4,\"sets_lost\":6,\"points_scored\":0,\"points_conceded\":0},{\"player_id\":\"82\",\"played\":2,\"won\":2,\"lost\":0,\"points\":4,\"sets_won\":6,\"sets_lost\":3,\"points_scored\":0,\"points_conceded\":0},{\"player_id\":\"77\",\"played\":2,\"won\":1,\"lost\":1,\"points\":2,\"sets_won\":4,\"sets_lost\":5,\"points_scored\":0,\"points_conceded\":0}]', '0', NULL, '2025-10-24 22:45:34', '2025-10-24 22:48:29'),
(112, 31, 'A', 1, '[\"156\",\"157\",\"158\"]', '[{\"player_id\":\"156\",\"played\":0,\"won\":0,\"lost\":0,\"points\":0,\"sets_won\":0,\"sets_lost\":0,\"points_scored\":0,\"points_conceded\":0},{\"player_id\":\"157\",\"played\":0,\"won\":0,\"lost\":0,\"points\":0,\"sets_won\":0,\"sets_lost\":0,\"points_scored\":0,\"points_conceded\":0},{\"player_id\":\"158\",\"played\":0,\"won\":0,\"lost\":0,\"points\":0,\"sets_won\":0,\"sets_lost\":0,\"points_scored\":0,\"points_conceded\":0}]', '0', NULL, '2025-10-28 10:59:28', '2025-10-28 10:59:28'),
(113, 31, 'B', 2, '[\"160\",\"161\",\"159\"]', '[{\"player_id\":\"160\",\"played\":0,\"won\":0,\"lost\":0,\"points\":0,\"sets_won\":0,\"sets_lost\":0,\"points_scored\":0,\"points_conceded\":0},{\"player_id\":\"161\",\"played\":0,\"won\":0,\"lost\":0,\"points\":0,\"sets_won\":0,\"sets_lost\":0,\"points_scored\":0,\"points_conceded\":0},{\"player_id\":\"159\",\"played\":0,\"won\":0,\"lost\":0,\"points\":0,\"sets_won\":0,\"sets_lost\":0,\"points_scored\":0,\"points_conceded\":0}]', '0', NULL, '2025-10-28 10:59:29', '2025-10-28 10:59:29'),
(114, 31, 'C', 3, '[\"163\",\"164\",\"162\"]', '[{\"player_id\":\"163\",\"played\":0,\"won\":0,\"lost\":0,\"points\":0,\"sets_won\":0,\"sets_lost\":0,\"points_scored\":0,\"points_conceded\":0},{\"player_id\":\"164\",\"played\":0,\"won\":0,\"lost\":0,\"points\":0,\"sets_won\":0,\"sets_lost\":0,\"points_scored\":0,\"points_conceded\":0},{\"player_id\":\"162\",\"played\":0,\"won\":0,\"lost\":0,\"points\":0,\"sets_won\":0,\"sets_lost\":0,\"points_scored\":0,\"points_conceded\":0}]', '0', NULL, '2025-10-28 10:59:30', '2025-10-28 10:59:30'),
(115, 31, 'D', 4, '[\"167\",\"166\",\"168\",\"165\"]', '[{\"player_id\":\"167\",\"played\":0,\"won\":0,\"lost\":0,\"points\":0,\"sets_won\":0,\"sets_lost\":0,\"points_scored\":0,\"points_conceded\":0},{\"player_id\":\"166\",\"played\":0,\"won\":0,\"lost\":0,\"points\":0,\"sets_won\":0,\"sets_lost\":0,\"points_scored\":0,\"points_conceded\":0},{\"player_id\":\"168\",\"played\":0,\"won\":0,\"lost\":0,\"points\":0,\"sets_won\":0,\"sets_lost\":0,\"points_scored\":0,\"points_conceded\":0},{\"player_id\":\"165\",\"played\":0,\"won\":0,\"lost\":0,\"points\":0,\"sets_won\":0,\"sets_lost\":0,\"points_scored\":0,\"points_conceded\":0}]', '0', NULL, '2025-10-28 10:59:31', '2025-10-28 10:59:31'),
(116, 32, 'A', 1, '[\"251\",\"252\",\"250\"]', '[{\"player_id\":\"251\",\"played\":0,\"won\":0,\"lost\":0,\"points\":0,\"sets_won\":0,\"sets_lost\":0,\"points_scored\":0,\"points_conceded\":0},{\"player_id\":\"252\",\"played\":0,\"won\":0,\"lost\":0,\"points\":0,\"sets_won\":0,\"sets_lost\":0,\"points_scored\":0,\"points_conceded\":0},{\"player_id\":\"250\",\"played\":0,\"won\":0,\"lost\":0,\"points\":0,\"sets_won\":0,\"sets_lost\":0,\"points_scored\":0,\"points_conceded\":0}]', '0', NULL, '2025-10-28 11:05:38', '2025-10-28 11:05:38'),
(117, 32, 'B', 2, '[\"183\",\"255\",\"254\"]', '[{\"player_id\":\"183\",\"played\":0,\"won\":0,\"lost\":0,\"points\":0,\"sets_won\":0,\"sets_lost\":0,\"points_scored\":0,\"points_conceded\":0},{\"player_id\":\"255\",\"played\":0,\"won\":0,\"lost\":0,\"points\":0,\"sets_won\":0,\"sets_lost\":0,\"points_scored\":0,\"points_conceded\":0},{\"player_id\":\"254\",\"played\":0,\"won\":0,\"lost\":0,\"points\":0,\"sets_won\":0,\"sets_lost\":0,\"points_scored\":0,\"points_conceded\":0}]', '0', NULL, '2025-10-28 11:05:39', '2025-10-28 11:05:39'),
(118, 32, 'C', 3, '[\"169\",\"176\",\"174\",\"171\"]', '[{\"player_id\":\"169\",\"played\":0,\"won\":0,\"lost\":0,\"points\":0,\"sets_won\":0,\"sets_lost\":0,\"points_scored\":0,\"points_conceded\":0},{\"player_id\":\"176\",\"played\":0,\"won\":0,\"lost\":0,\"points\":0,\"sets_won\":0,\"sets_lost\":0,\"points_scored\":0,\"points_conceded\":0},{\"player_id\":\"174\",\"played\":0,\"won\":0,\"lost\":0,\"points\":0,\"sets_won\":0,\"sets_lost\":0,\"points_scored\":0,\"points_conceded\":0},{\"player_id\":\"171\",\"played\":0,\"won\":0,\"lost\":0,\"points\":0,\"sets_won\":0,\"sets_lost\":0,\"points_scored\":0,\"points_conceded\":0}]', '0', NULL, '2025-10-28 11:05:39', '2025-10-28 11:05:39'),
(119, 32, 'D', 4, '[\"172\",\"173\",\"178\",\"175\"]', '[{\"player_id\":\"172\",\"played\":0,\"won\":0,\"lost\":0,\"points\":0,\"sets_won\":0,\"sets_lost\":0,\"points_scored\":0,\"points_conceded\":0},{\"player_id\":\"173\",\"played\":0,\"won\":0,\"lost\":0,\"points\":0,\"sets_won\":0,\"sets_lost\":0,\"points_scored\":0,\"points_conceded\":0},{\"player_id\":\"178\",\"played\":0,\"won\":0,\"lost\":0,\"points\":0,\"sets_won\":0,\"sets_lost\":0,\"points_scored\":0,\"points_conceded\":0},{\"player_id\":\"175\",\"played\":0,\"won\":0,\"lost\":0,\"points\":0,\"sets_won\":0,\"sets_lost\":0,\"points_scored\":0,\"points_conceded\":0}]', '0', NULL, '2025-10-28 11:05:40', '2025-10-28 11:05:40'),
(120, 32, 'E', 5, '[\"177\",\"181\",\"180\",\"170\"]', '[{\"player_id\":\"177\",\"played\":0,\"won\":0,\"lost\":0,\"points\":0,\"sets_won\":0,\"sets_lost\":0,\"points_scored\":0,\"points_conceded\":0},{\"player_id\":\"181\",\"played\":0,\"won\":0,\"lost\":0,\"points\":0,\"sets_won\":0,\"sets_lost\":0,\"points_scored\":0,\"points_conceded\":0},{\"player_id\":\"180\",\"played\":0,\"won\":0,\"lost\":0,\"points\":0,\"sets_won\":0,\"sets_lost\":0,\"points_scored\":0,\"points_conceded\":0},{\"player_id\":\"170\",\"played\":0,\"won\":0,\"lost\":0,\"points\":0,\"sets_won\":0,\"sets_lost\":0,\"points_scored\":0,\"points_conceded\":0}]', '0', NULL, '2025-10-28 11:05:41', '2025-10-28 11:05:41'),
(121, 32, 'F', 6, '[\"184\",\"182\",\"253\",\"179\"]', '[{\"player_id\":\"184\",\"played\":0,\"won\":0,\"lost\":0,\"points\":0,\"sets_won\":0,\"sets_lost\":0,\"points_scored\":0,\"points_conceded\":0},{\"player_id\":\"182\",\"played\":0,\"won\":0,\"lost\":0,\"points\":0,\"sets_won\":0,\"sets_lost\":0,\"points_scored\":0,\"points_conceded\":0},{\"player_id\":\"253\",\"played\":0,\"won\":0,\"lost\":0,\"points\":0,\"sets_won\":0,\"sets_lost\":0,\"points_scored\":0,\"points_conceded\":0},{\"player_id\":\"179\",\"played\":0,\"won\":0,\"lost\":0,\"points\":0,\"sets_won\":0,\"sets_lost\":0,\"points_scored\":0,\"points_conceded\":0}]', '0', NULL, '2025-10-28 11:05:42', '2025-10-28 11:05:42'),
(122, 33, 'A', 1, '[\"185\",\"186\",\"187\"]', '[{\"player_id\":\"185\",\"played\":0,\"won\":0,\"lost\":0,\"points\":0,\"sets_won\":0,\"sets_lost\":0,\"points_scored\":0,\"points_conceded\":0},{\"player_id\":\"186\",\"played\":0,\"won\":0,\"lost\":0,\"points\":0,\"sets_won\":0,\"sets_lost\":0,\"points_scored\":0,\"points_conceded\":0},{\"player_id\":\"187\",\"played\":0,\"won\":0,\"lost\":0,\"points\":0,\"sets_won\":0,\"sets_lost\":0,\"points_scored\":0,\"points_conceded\":0}]', '0', NULL, '2025-10-28 13:01:37', '2025-10-28 13:01:37'),
(123, 33, 'B', 2, '[\"188\",\"190\",\"189\"]', '[{\"player_id\":\"188\",\"played\":0,\"won\":0,\"lost\":0,\"points\":0,\"sets_won\":0,\"sets_lost\":0,\"points_scored\":0,\"points_conceded\":0},{\"player_id\":\"190\",\"played\":0,\"won\":0,\"lost\":0,\"points\":0,\"sets_won\":0,\"sets_lost\":0,\"points_scored\":0,\"points_conceded\":0},{\"player_id\":\"189\",\"played\":0,\"won\":0,\"lost\":0,\"points\":0,\"sets_won\":0,\"sets_lost\":0,\"points_scored\":0,\"points_conceded\":0}]', '0', NULL, '2025-10-28 13:01:38', '2025-10-28 13:01:38'),
(124, 33, 'C', 3, '[\"193\",\"194\",\"192\"]', '[{\"player_id\":\"193\",\"played\":0,\"won\":0,\"lost\":0,\"points\":0,\"sets_won\":0,\"sets_lost\":0,\"points_scored\":0,\"points_conceded\":0},{\"player_id\":\"194\",\"played\":0,\"won\":0,\"lost\":0,\"points\":0,\"sets_won\":0,\"sets_lost\":0,\"points_scored\":0,\"points_conceded\":0},{\"player_id\":\"192\",\"played\":0,\"won\":0,\"lost\":0,\"points\":0,\"sets_won\":0,\"sets_lost\":0,\"points_scored\":0,\"points_conceded\":0}]', '0', NULL, '2025-10-28 13:01:41', '2025-10-28 13:01:41'),
(125, 33, 'D', 4, '[\"207\",\"198\",\"196\",\"195\"]', '[{\"player_id\":\"207\",\"played\":0,\"won\":0,\"lost\":0,\"points\":0,\"sets_won\":0,\"sets_lost\":0,\"points_scored\":0,\"points_conceded\":0},{\"player_id\":\"198\",\"played\":0,\"won\":0,\"lost\":0,\"points\":0,\"sets_won\":0,\"sets_lost\":0,\"points_scored\":0,\"points_conceded\":0},{\"player_id\":\"196\",\"played\":0,\"won\":0,\"lost\":0,\"points\":0,\"sets_won\":0,\"sets_lost\":0,\"points_scored\":0,\"points_conceded\":0},{\"player_id\":\"195\",\"played\":0,\"won\":0,\"lost\":0,\"points\":0,\"sets_won\":0,\"sets_lost\":0,\"points_scored\":0,\"points_conceded\":0}]', '0', NULL, '2025-10-28 13:01:43', '2025-10-28 13:01:43'),
(126, 33, 'E', 5, '[\"197\",\"184\",\"174\",\"200\"]', '[{\"player_id\":\"197\",\"played\":0,\"won\":0,\"lost\":0,\"points\":0,\"sets_won\":0,\"sets_lost\":0,\"points_scored\":0,\"points_conceded\":0},{\"player_id\":\"184\",\"played\":0,\"won\":0,\"lost\":0,\"points\":0,\"sets_won\":0,\"sets_lost\":0,\"points_scored\":0,\"points_conceded\":0},{\"player_id\":\"174\",\"played\":0,\"won\":0,\"lost\":0,\"points\":0,\"sets_won\":0,\"sets_lost\":0,\"points_scored\":0,\"points_conceded\":0},{\"player_id\":\"200\",\"played\":0,\"won\":0,\"lost\":0,\"points\":0,\"sets_won\":0,\"sets_lost\":0,\"points_scored\":0,\"points_conceded\":0}]', '0', NULL, '2025-10-28 13:01:44', '2025-10-28 13:01:44'),
(127, 33, 'F', 6, '[\"199\",\"204\",\"201\",\"203\"]', '[{\"player_id\":\"199\",\"played\":0,\"won\":0,\"lost\":0,\"points\":0,\"sets_won\":0,\"sets_lost\":0,\"points_scored\":0,\"points_conceded\":0},{\"player_id\":\"204\",\"played\":0,\"won\":0,\"lost\":0,\"points\":0,\"sets_won\":0,\"sets_lost\":0,\"points_scored\":0,\"points_conceded\":0},{\"player_id\":\"201\",\"played\":0,\"won\":0,\"lost\":0,\"points\":0,\"sets_won\":0,\"sets_lost\":0,\"points_scored\":0,\"points_conceded\":0},{\"player_id\":\"203\",\"played\":0,\"won\":0,\"lost\":0,\"points\":0,\"sets_won\":0,\"sets_lost\":0,\"points_scored\":0,\"points_conceded\":0}]', '0', NULL, '2025-10-28 13:01:46', '2025-10-28 13:01:46'),
(128, 33, 'G', 7, '[\"202\",\"205\",\"175\",\"206\"]', '[{\"player_id\":\"202\",\"played\":0,\"won\":0,\"lost\":0,\"points\":0,\"sets_won\":0,\"sets_lost\":0,\"points_scored\":0,\"points_conceded\":0},{\"player_id\":\"205\",\"played\":0,\"won\":0,\"lost\":0,\"points\":0,\"sets_won\":0,\"sets_lost\":0,\"points_scored\":0,\"points_conceded\":0},{\"player_id\":\"175\",\"played\":0,\"won\":0,\"lost\":0,\"points\":0,\"sets_won\":0,\"sets_lost\":0,\"points_scored\":0,\"points_conceded\":0},{\"player_id\":\"206\",\"played\":0,\"won\":0,\"lost\":0,\"points\":0,\"sets_won\":0,\"sets_lost\":0,\"points_scored\":0,\"points_conceded\":0}]', '0', NULL, '2025-10-28 13:01:47', '2025-10-28 13:01:47'),
(129, 33, 'H', 8, '[\"183\",\"177\",\"181\",\"191\"]', '[{\"player_id\":\"183\",\"played\":0,\"won\":0,\"lost\":0,\"points\":0,\"sets_won\":0,\"sets_lost\":0,\"points_scored\":0,\"points_conceded\":0},{\"player_id\":\"177\",\"played\":0,\"won\":0,\"lost\":0,\"points\":0,\"sets_won\":0,\"sets_lost\":0,\"points_scored\":0,\"points_conceded\":0},{\"player_id\":\"181\",\"played\":0,\"won\":0,\"lost\":0,\"points\":0,\"sets_won\":0,\"sets_lost\":0,\"points_scored\":0,\"points_conceded\":0},{\"player_id\":\"191\",\"played\":0,\"won\":0,\"lost\":0,\"points\":0,\"sets_won\":0,\"sets_lost\":0,\"points_scored\":0,\"points_conceded\":0}]', '0', NULL, '2025-10-28 13:01:49', '2025-10-28 13:01:49'),
(130, 34, 'A', 1, '[\"208\",\"210\",\"209\"]', '[{\"player_id\":\"208\",\"played\":0,\"won\":0,\"lost\":0,\"points\":0,\"sets_won\":0,\"sets_lost\":0,\"points_scored\":0,\"points_conceded\":0},{\"player_id\":\"210\",\"played\":0,\"won\":0,\"lost\":0,\"points\":0,\"sets_won\":0,\"sets_lost\":0,\"points_scored\":0,\"points_conceded\":0},{\"player_id\":\"209\",\"played\":0,\"won\":0,\"lost\":0,\"points\":0,\"sets_won\":0,\"sets_lost\":0,\"points_scored\":0,\"points_conceded\":0}]', '0', NULL, '2025-10-28 13:07:04', '2025-10-28 13:07:04'),
(131, 34, 'B', 2, '[\"212\",\"213\",\"211\"]', '[{\"player_id\":\"212\",\"played\":0,\"won\":0,\"lost\":0,\"points\":0,\"sets_won\":0,\"sets_lost\":0,\"points_scored\":0,\"points_conceded\":0},{\"player_id\":\"213\",\"played\":0,\"won\":0,\"lost\":0,\"points\":0,\"sets_won\":0,\"sets_lost\":0,\"points_scored\":0,\"points_conceded\":0},{\"player_id\":\"211\",\"played\":0,\"won\":0,\"lost\":0,\"points\":0,\"sets_won\":0,\"sets_lost\":0,\"points_scored\":0,\"points_conceded\":0}]', '0', NULL, '2025-10-28 13:07:07', '2025-10-28 13:07:07'),
(132, 34, 'C', 3, '[\"214\",\"215\",\"216\"]', '[{\"player_id\":\"214\",\"played\":0,\"won\":0,\"lost\":0,\"points\":0,\"sets_won\":0,\"sets_lost\":0,\"points_scored\":0,\"points_conceded\":0},{\"player_id\":\"215\",\"played\":0,\"won\":0,\"lost\":0,\"points\":0,\"sets_won\":0,\"sets_lost\":0,\"points_scored\":0,\"points_conceded\":0},{\"player_id\":\"216\",\"played\":0,\"won\":0,\"lost\":0,\"points\":0,\"sets_won\":0,\"sets_lost\":0,\"points_scored\":0,\"points_conceded\":0}]', '0', NULL, '2025-10-28 13:07:08', '2025-10-28 13:07:08'),
(133, 34, 'D', 4, '[\"156\",\"219\",\"218\",\"217\"]', '[{\"player_id\":\"156\",\"played\":0,\"won\":0,\"lost\":0,\"points\":0,\"sets_won\":0,\"sets_lost\":0,\"points_scored\":0,\"points_conceded\":0},{\"player_id\":\"219\",\"played\":0,\"won\":0,\"lost\":0,\"points\":0,\"sets_won\":0,\"sets_lost\":0,\"points_scored\":0,\"points_conceded\":0},{\"player_id\":\"218\",\"played\":0,\"won\":0,\"lost\":0,\"points\":0,\"sets_won\":0,\"sets_lost\":0,\"points_scored\":0,\"points_conceded\":0},{\"player_id\":\"217\",\"played\":0,\"won\":0,\"lost\":0,\"points\":0,\"sets_won\":0,\"sets_lost\":0,\"points_scored\":0,\"points_conceded\":0}]', '0', NULL, '2025-10-28 13:07:08', '2025-10-28 13:07:08'),
(134, 34, 'E', 5, '[\"221\",\"160\",\"220\",\"222\"]', '[{\"player_id\":\"221\",\"played\":0,\"won\":0,\"lost\":0,\"points\":0,\"sets_won\":0,\"sets_lost\":0,\"points_scored\":0,\"points_conceded\":0},{\"player_id\":\"160\",\"played\":0,\"won\":0,\"lost\":0,\"points\":0,\"sets_won\":0,\"sets_lost\":0,\"points_scored\":0,\"points_conceded\":0},{\"player_id\":\"220\",\"played\":0,\"won\":0,\"lost\":0,\"points\":0,\"sets_won\":0,\"sets_lost\":0,\"points_scored\":0,\"points_conceded\":0},{\"player_id\":\"222\",\"played\":0,\"won\":0,\"lost\":0,\"points\":0,\"sets_won\":0,\"sets_lost\":0,\"points_scored\":0,\"points_conceded\":0}]', '0', NULL, '2025-10-28 13:07:09', '2025-10-28 13:07:09'),
(135, 34, 'F', 6, '[\"226\",\"223\",\"224\",\"225\"]', '[{\"player_id\":\"226\",\"played\":0,\"won\":0,\"lost\":0,\"points\":0,\"sets_won\":0,\"sets_lost\":0,\"points_scored\":0,\"points_conceded\":0},{\"player_id\":\"223\",\"played\":0,\"won\":0,\"lost\":0,\"points\":0,\"sets_won\":0,\"sets_lost\":0,\"points_scored\":0,\"points_conceded\":0},{\"player_id\":\"224\",\"played\":0,\"won\":0,\"lost\":0,\"points\":0,\"sets_won\":0,\"sets_lost\":0,\"points_scored\":0,\"points_conceded\":0},{\"player_id\":\"225\",\"played\":0,\"won\":0,\"lost\":0,\"points\":0,\"sets_won\":0,\"sets_lost\":0,\"points_scored\":0,\"points_conceded\":0}]', '0', NULL, '2025-10-28 13:07:11', '2025-10-28 13:07:11'),
(153, 35, 'A', 1, '[\"228\",\"199\",\"227\",\"256\"]', '[{\"player_id\":\"228\",\"played\":3,\"won\":3,\"lost\":0,\"points\":6,\"sets_won\":9,\"sets_lost\":0,\"points_scored\":0,\"points_conceded\":0},{\"player_id\":\"199\",\"played\":3,\"won\":1,\"lost\":2,\"points\":2,\"sets_won\":3,\"sets_lost\":6,\"points_scored\":0,\"points_conceded\":0},{\"player_id\":\"227\",\"played\":3,\"won\":0,\"lost\":3,\"points\":0,\"sets_won\":1,\"sets_lost\":9,\"points_scored\":0,\"points_conceded\":0},{\"player_id\":\"256\",\"played\":3,\"won\":2,\"lost\":1,\"points\":4,\"sets_won\":6,\"sets_lost\":4,\"points_scored\":0,\"points_conceded\":0}]', '1', '2025-10-28 13:34:52', '2025-10-28 13:30:34', '2025-10-28 13:34:52'),
(154, 35, 'B', 2, '[\"230\",\"202\",\"231\",\"189\"]', '[{\"player_id\":\"230\",\"played\":3,\"won\":3,\"lost\":0,\"points\":6,\"sets_won\":9,\"sets_lost\":0,\"points_scored\":0,\"points_conceded\":0},{\"player_id\":\"202\",\"played\":3,\"won\":2,\"lost\":1,\"points\":4,\"sets_won\":6,\"sets_lost\":3,\"points_scored\":0,\"points_conceded\":0},{\"player_id\":\"231\",\"played\":3,\"won\":1,\"lost\":2,\"points\":2,\"sets_won\":3,\"sets_lost\":7,\"points_scored\":0,\"points_conceded\":0},{\"player_id\":\"189\",\"played\":3,\"won\":0,\"lost\":3,\"points\":0,\"sets_won\":1,\"sets_lost\":9,\"points_scored\":0,\"points_conceded\":0}]', '1', '2025-10-28 13:36:41', '2025-10-28 13:30:35', '2025-10-28 13:36:41'),
(155, 35, 'C', 3, '[\"233\",\"207\",\"234\",\"204\"]', '[{\"player_id\":\"233\",\"played\":3,\"won\":3,\"lost\":0,\"points\":6,\"sets_won\":9,\"sets_lost\":0,\"points_scored\":0,\"points_conceded\":0},{\"player_id\":\"207\",\"played\":3,\"won\":0,\"lost\":3,\"points\":0,\"sets_won\":2,\"sets_lost\":9,\"points_scored\":0,\"points_conceded\":0},{\"player_id\":\"234\",\"played\":3,\"won\":2,\"lost\":1,\"points\":4,\"sets_won\":6,\"sets_lost\":4,\"points_scored\":0,\"points_conceded\":0},{\"player_id\":\"204\",\"played\":3,\"won\":1,\"lost\":2,\"points\":2,\"sets_won\":3,\"sets_lost\":7,\"points_scored\":0,\"points_conceded\":0}]', '1', '2025-10-28 13:39:26', '2025-10-28 13:30:36', '2025-10-28 13:39:26'),
(156, 35, 'D', 4, '[\"237\",\"236\",\"238\",\"206\"]', '[{\"player_id\":\"237\",\"played\":3,\"won\":2,\"lost\":1,\"points\":4,\"sets_won\":8,\"sets_lost\":3,\"points_scored\":0,\"points_conceded\":0},{\"player_id\":\"236\",\"played\":3,\"won\":2,\"lost\":1,\"points\":4,\"sets_won\":6,\"sets_lost\":5,\"points_scored\":0,\"points_conceded\":0},{\"player_id\":\"238\",\"played\":3,\"won\":1,\"lost\":2,\"points\":2,\"sets_won\":3,\"sets_lost\":6,\"points_scored\":0,\"points_conceded\":0},{\"player_id\":\"206\",\"played\":3,\"won\":1,\"lost\":2,\"points\":2,\"sets_won\":3,\"sets_lost\":6,\"points_scored\":0,\"points_conceded\":0}]', '1', '2025-10-28 13:41:51', '2025-10-28 13:30:37', '2025-10-28 13:41:51'),
(157, 35, 'E', 5, '[\"239\",\"241\",\"240\",\"194\"]', '[{\"player_id\":\"239\",\"played\":3,\"won\":2,\"lost\":1,\"points\":4,\"sets_won\":8,\"sets_lost\":3,\"points_scored\":0,\"points_conceded\":0},{\"player_id\":\"241\",\"played\":3,\"won\":3,\"lost\":0,\"points\":6,\"sets_won\":9,\"sets_lost\":2,\"points_scored\":0,\"points_conceded\":0},{\"player_id\":\"240\",\"played\":3,\"won\":1,\"lost\":2,\"points\":2,\"sets_won\":3,\"sets_lost\":6,\"points_scored\":0,\"points_conceded\":0},{\"player_id\":\"194\",\"played\":3,\"won\":0,\"lost\":3,\"points\":0,\"sets_won\":0,\"sets_lost\":9,\"points_scored\":0,\"points_conceded\":0}]', '1', '2025-10-28 20:48:22', '2025-10-28 13:30:38', '2025-10-28 20:48:22'),
(158, 35, 'F', 6, '[\"188\",\"242\",\"243\",\"190\"]', '[{\"player_id\":\"188\",\"played\":3,\"won\":3,\"lost\":0,\"points\":6,\"sets_won\":9,\"sets_lost\":2,\"points_scored\":0,\"points_conceded\":0},{\"player_id\":\"242\",\"played\":3,\"won\":2,\"lost\":1,\"points\":4,\"sets_won\":6,\"sets_lost\":5,\"points_scored\":0,\"points_conceded\":0},{\"player_id\":\"243\",\"played\":3,\"won\":1,\"lost\":2,\"points\":2,\"sets_won\":5,\"sets_lost\":6,\"points_scored\":0,\"points_conceded\":0},{\"player_id\":\"190\",\"played\":3,\"won\":0,\"lost\":3,\"points\":0,\"sets_won\":2,\"sets_lost\":9,\"points_scored\":0,\"points_conceded\":0}]', '1', '2025-10-28 21:33:23', '2025-10-28 13:30:39', '2025-10-28 21:33:23'),
(159, 35, 'G', 7, '[\"193\",\"245\",\"244\",\"229\"]', '[{\"player_id\":\"193\",\"played\":3,\"won\":2,\"lost\":1,\"points\":4,\"sets_won\":6,\"sets_lost\":3,\"points_scored\":0,\"points_conceded\":0},{\"player_id\":\"245\",\"played\":3,\"won\":3,\"lost\":0,\"points\":6,\"sets_won\":9,\"sets_lost\":0,\"points_scored\":0,\"points_conceded\":0},{\"player_id\":\"244\",\"played\":3,\"won\":1,\"lost\":2,\"points\":2,\"sets_won\":3,\"sets_lost\":8,\"points_scored\":0,\"points_conceded\":0},{\"player_id\":\"229\",\"played\":3,\"won\":0,\"lost\":3,\"points\":0,\"sets_won\":2,\"sets_lost\":9,\"points_scored\":0,\"points_conceded\":0}]', '1', '2025-10-28 21:37:11', '2025-10-28 13:30:40', '2025-10-28 21:37:11'),
(160, 35, 'H', 8, '[\"248\",\"235\",\"187\",\"247\"]', '[{\"player_id\":\"248\",\"played\":1,\"won\":1,\"lost\":0,\"points\":2,\"sets_won\":3,\"sets_lost\":0,\"points_scored\":0,\"points_conceded\":0},{\"player_id\":\"235\",\"played\":0,\"won\":0,\"lost\":0,\"points\":0,\"sets_won\":0,\"sets_lost\":0,\"points_scored\":0,\"points_conceded\":0},{\"player_id\":\"187\",\"played\":0,\"won\":0,\"lost\":0,\"points\":0,\"sets_won\":0,\"sets_lost\":0,\"points_scored\":0,\"points_conceded\":0},{\"player_id\":\"247\",\"played\":1,\"won\":0,\"lost\":1,\"points\":0,\"sets_won\":0,\"sets_lost\":3,\"points_scored\":0,\"points_conceded\":0}]', '0', NULL, '2025-10-28 13:30:42', '2025-10-28 23:07:39'),
(161, 35, 'I', 9, '[\"185\",\"249\",\"232\",\"246\"]', '[{\"player_id\":\"185\",\"played\":2,\"won\":2,\"lost\":0,\"points\":4,\"sets_won\":6,\"sets_lost\":2,\"points_scored\":0,\"points_conceded\":0},{\"player_id\":\"249\",\"played\":1,\"won\":0,\"lost\":1,\"points\":0,\"sets_won\":2,\"sets_lost\":3,\"points_scored\":0,\"points_conceded\":0},{\"player_id\":\"232\",\"played\":2,\"won\":1,\"lost\":1,\"points\":2,\"sets_won\":4,\"sets_lost\":5,\"points_scored\":0,\"points_conceded\":0},{\"player_id\":\"246\",\"played\":1,\"won\":0,\"lost\":1,\"points\":0,\"sets_won\":1,\"sets_lost\":3,\"points_scored\":0,\"points_conceded\":0}]', '0', NULL, '2025-10-28 13:30:44', '2025-10-29 16:25:08'),
(162, 16, 'A', 1, '[\"49\",\"48\",\"54\",\"40\"]', '[{\"player_id\":\"49\",\"played\":1,\"won\":1,\"lost\":0,\"points\":2,\"sets_won\":3,\"sets_lost\":1,\"points_scored\":0,\"points_conceded\":0},{\"player_id\":\"48\",\"played\":1,\"won\":1,\"lost\":0,\"points\":2,\"sets_won\":3,\"sets_lost\":2,\"points_scored\":0,\"points_conceded\":0},{\"player_id\":\"54\",\"played\":1,\"won\":0,\"lost\":1,\"points\":0,\"sets_won\":2,\"sets_lost\":3,\"points_scored\":0,\"points_conceded\":0},{\"player_id\":\"40\",\"played\":1,\"won\":0,\"lost\":1,\"points\":0,\"sets_won\":1,\"sets_lost\":3,\"points_scored\":0,\"points_conceded\":0}]', '0', NULL, '2025-10-28 22:32:37', '2025-10-29 16:18:51'),
(163, 16, 'B', 2, '[\"63\",\"44\",\"65\",\"43\"]', '[{\"player_id\":\"63\",\"played\":0,\"won\":0,\"lost\":0,\"points\":0,\"sets_won\":0,\"sets_lost\":0,\"points_scored\":0,\"points_conceded\":0},{\"player_id\":\"44\",\"played\":0,\"won\":0,\"lost\":0,\"points\":0,\"sets_won\":0,\"sets_lost\":0,\"points_scored\":0,\"points_conceded\":0},{\"player_id\":\"65\",\"played\":0,\"won\":0,\"lost\":0,\"points\":0,\"sets_won\":0,\"sets_lost\":0,\"points_scored\":0,\"points_conceded\":0},{\"player_id\":\"43\",\"played\":0,\"won\":0,\"lost\":0,\"points\":0,\"sets_won\":0,\"sets_lost\":0,\"points_scored\":0,\"points_conceded\":0}]', '0', NULL, '2025-10-28 22:32:39', '2025-10-28 22:32:39'),
(164, 16, 'C', 3, '[\"53\",\"67\",\"42\",\"57\"]', '[{\"player_id\":\"53\",\"played\":3,\"won\":3,\"lost\":0,\"points\":6,\"sets_won\":9,\"sets_lost\":4,\"points_scored\":0,\"points_conceded\":0},{\"player_id\":\"67\",\"played\":3,\"won\":1,\"lost\":2,\"points\":2,\"sets_won\":5,\"sets_lost\":8,\"points_scored\":0,\"points_conceded\":0},{\"player_id\":\"42\",\"played\":3,\"won\":1,\"lost\":2,\"points\":2,\"sets_won\":7,\"sets_lost\":7,\"points_scored\":0,\"points_conceded\":0},{\"player_id\":\"57\",\"played\":3,\"won\":1,\"lost\":2,\"points\":2,\"sets_won\":5,\"sets_lost\":7,\"points_scored\":0,\"points_conceded\":0}]', '1', '2025-10-29 16:21:01', '2025-10-28 22:32:46', '2025-10-29 16:21:01'),
(165, 16, 'D', 4, '[\"47\",\"51\",\"61\",\"59\"]', '[{\"player_id\":\"47\",\"played\":1,\"won\":1,\"lost\":0,\"points\":2,\"sets_won\":3,\"sets_lost\":1,\"points_scored\":0,\"points_conceded\":0},{\"player_id\":\"51\",\"played\":1,\"won\":0,\"lost\":1,\"points\":0,\"sets_won\":1,\"sets_lost\":3,\"points_scored\":0,\"points_conceded\":0},{\"player_id\":\"61\",\"played\":1,\"won\":1,\"lost\":0,\"points\":2,\"sets_won\":3,\"sets_lost\":1,\"points_scored\":0,\"points_conceded\":0},{\"player_id\":\"59\",\"played\":1,\"won\":0,\"lost\":1,\"points\":0,\"sets_won\":1,\"sets_lost\":3,\"points_scored\":0,\"points_conceded\":0}]', '0', NULL, '2025-10-28 22:32:51', '2025-10-29 16:21:11'),
(166, 16, 'E', 5, '[\"50\",\"64\",\"46\",\"60\"]', '[{\"player_id\":\"50\",\"played\":1,\"won\":1,\"lost\":0,\"points\":2,\"sets_won\":3,\"sets_lost\":2,\"points_scored\":0,\"points_conceded\":0},{\"player_id\":\"64\",\"played\":1,\"won\":0,\"lost\":1,\"points\":0,\"sets_won\":1,\"sets_lost\":3,\"points_scored\":0,\"points_conceded\":0},{\"player_id\":\"46\",\"played\":1,\"won\":1,\"lost\":0,\"points\":2,\"sets_won\":3,\"sets_lost\":1,\"points_scored\":0,\"points_conceded\":0},{\"player_id\":\"60\",\"played\":1,\"won\":0,\"lost\":1,\"points\":0,\"sets_won\":2,\"sets_lost\":3,\"points_scored\":0,\"points_conceded\":0}]', '0', NULL, '2025-10-28 22:32:52', '2025-10-29 16:21:43'),
(167, 16, 'F', 6, '[\"41\",\"66\",\"55\",\"52\"]', '[{\"player_id\":\"41\",\"played\":0,\"won\":0,\"lost\":0,\"points\":0,\"sets_won\":0,\"sets_lost\":0,\"points_scored\":0,\"points_conceded\":0},{\"player_id\":\"66\",\"played\":0,\"won\":0,\"lost\":0,\"points\":0,\"sets_won\":0,\"sets_lost\":0,\"points_scored\":0,\"points_conceded\":0},{\"player_id\":\"55\",\"played\":0,\"won\":0,\"lost\":0,\"points\":0,\"sets_won\":0,\"sets_lost\":0,\"points_scored\":0,\"points_conceded\":0},{\"player_id\":\"52\",\"played\":0,\"won\":0,\"lost\":0,\"points\":0,\"sets_won\":0,\"sets_lost\":0,\"points_scored\":0,\"points_conceded\":0}]', '0', NULL, '2025-10-28 22:32:54', '2025-10-28 22:32:54'),
(168, 16, 'G', 7, '[\"62\",\"56\",\"45\",\"58\"]', '[{\"player_id\":\"62\",\"played\":0,\"won\":0,\"lost\":0,\"points\":0,\"sets_won\":0,\"sets_lost\":0,\"points_scored\":0,\"points_conceded\":0},{\"player_id\":\"56\",\"played\":0,\"won\":0,\"lost\":0,\"points\":0,\"sets_won\":0,\"sets_lost\":0,\"points_scored\":0,\"points_conceded\":0},{\"player_id\":\"45\",\"played\":0,\"won\":0,\"lost\":0,\"points\":0,\"sets_won\":0,\"sets_lost\":0,\"points_scored\":0,\"points_conceded\":0},{\"player_id\":\"58\",\"played\":0,\"won\":0,\"lost\":0,\"points\":0,\"sets_won\":0,\"sets_lost\":0,\"points_scored\":0,\"points_conceded\":0}]', '0', NULL, '2025-10-28 22:32:56', '2025-10-28 22:32:56');

-- --------------------------------------------------------

--
-- Table structure for table `users`
--

CREATE TABLE `users` (
  `id` int(11) NOT NULL,
  `name` text NOT NULL,
  `email` text NOT NULL,
  `email_verified_at` datetime DEFAULT NULL,
  `password` text NOT NULL,
  `remember_token` TEXT DEFAULT NULL,
  `created_at` datetime DEFAULT NULL,
  `updated_at` datetime DEFAULT NULL
) ENGINE=InnoDB DEFAULT CHARSET=utf8mb4 COLLATE=utf8mb4_unicode_ci;

--
-- Dumping data for table `users`
--

INSERT INTO `users` (`id`, `name`, `email`, `email_verified_at`, `password`, `remember_token`, `created_at`, `updated_at`) VALUES
(1, 'Ermin', 'ermin1990@gmail.com', NULL, '$2y$12$e2wG4O0Ee9yl3qh/g8iKdOY3wKKZDnEK/Ki7bzhMiSxss8cXf2VQq', NULL, '2025-10-17 22:51:22', '2025-10-17 22:51:22'),
(2, 'Ermin Selimović', 'erminselimovic90@gmail.com', NULL, '$2y$12$C0FcR4R6PxTOZcl0gIjBeeAhDSKnnKGJHVxTzZC/AhKkWp8q9XljG', NULL, '2025-10-17 22:53:23', '2025-10-17 22:53:23'),
(3, 'Osman', 'osman@gmail.com', NULL, '$2y$12$tBCLw2fMvgC6ii5TzIrm/O9WedO.d/0dKDHY18OS3HM2DEY0EL4Ra', NULL, '2025-10-18 07:55:31', '2025-10-18 07:55:31'),
(4, 'Sanel M', 'smoranjkic@yahoo.com', NULL, '$2y$12$ZfwVNo7Vh6diKFwgVNnCNu8DGujHKQeT6ZcxJJ6cqqxMgp18QFnk.', 'EAQlzEyNppeKmmF2HBiT9qLu1cyoGXc7rROJsPEagrw0TUj35WbvBHEoeZ0j', '2025-10-22 13:21:00', '2025-10-22 13:21:00');

-- --------------------------------------------------------

--
-- Table structure for table `user_plans`
--

CREATE TABLE `user_plans` (
  `id` int(11) NOT NULL,
  `user_id` int(11) NOT NULL,
  `plan_id` int(11) NOT NULL,
  `started_at` datetime DEFAULT NULL,
  `expires_at` datetime DEFAULT NULL,
  `is_active` varchar(255) NOT NULL DEFAULT '1',
  `created_at` datetime DEFAULT NULL,
  `updated_at` datetime DEFAULT NULL
) ENGINE=InnoDB DEFAULT CHARSET=utf8mb4 COLLATE=utf8mb4_unicode_ci;

--
-- Dumping data for table `user_plans`
--

INSERT INTO `user_plans` (`id`, `user_id`, `plan_id`, `started_at`, `expires_at`, `is_active`, `created_at`, `updated_at`) VALUES
(1, 1, 1, NULL, NULL, '0', '2025-10-17 23:02:02', '2025-10-17 23:02:35'),
(2, 2, 1, NULL, NULL, '1', '2025-10-17 23:02:24', '2025-10-17 23:02:24'),
(3, 1, 2, NULL, NULL, '1', '2025-10-17 23:02:35', '2025-10-17 23:02:35'),
(4, 4, 2, NULL, NULL, '1', '2025-10-22 13:34:37', '2025-10-22 13:34:37');

--
-- Indexes for dumped tables
--

--
-- Indexes for table `bug_reports`
--
ALTER TABLE `bug_reports`
  ADD PRIMARY KEY (`id`);

--
-- Indexes for table `cache`
--
ALTER TABLE `cache`
  ADD PRIMARY KEY (`key`);

--
-- Indexes for table `cache_locks`
--
ALTER TABLE `cache_locks`
  ADD PRIMARY KEY (`key`);

--
-- Indexes for table `competitions`
--
ALTER TABLE `competitions`
  ADD PRIMARY KEY (`id`),
  ADD UNIQUE KEY `competitions_slug_unique` (`slug`) USING HASH,
  ADD KEY `idx_competitions_type` (`type`),
  ADD KEY `idx_competitions_status` (`status`);

--
-- Indexes for table `competition_player`
--
ALTER TABLE `competition_player`
  ADD PRIMARY KEY (`id`),
  ADD UNIQUE KEY `league_player_league_id_player_id_unique` (`competition_id`,`player_id`);

--
-- Indexes for table `competition_user`
--
ALTER TABLE `competition_user`
  ADD PRIMARY KEY (`id`),
  ADD UNIQUE KEY `league_user_league_id_user_id_unique` (`competition_id`,`user_id`);

--
-- Indexes for table `display_leagues`
--
ALTER TABLE `display_leagues`
  ADD PRIMARY KEY (`id`);

--
-- Indexes for table `failed_jobs`
--
ALTER TABLE `failed_jobs`
  ADD PRIMARY KEY (`id`),
  ADD UNIQUE KEY `failed_jobs_uuid_unique` (`uuid`) USING HASH;

--
-- Indexes for table `friendly_matches`
--
ALTER TABLE `friendly_matches`
  ADD PRIMARY KEY (`id`);

--
-- Indexes for table `jobs`
--
ALTER TABLE `jobs`
  ADD PRIMARY KEY (`id`),
  ADD KEY `jobs_queue_index` (`queue`);

--
-- Indexes for table `job_batches`
--
ALTER TABLE `job_batches`
  ADD PRIMARY KEY (`id`);

--
-- Indexes for table `matches`
--
ALTER TABLE `matches`
  ADD PRIMARY KEY (`id`),
  ADD KEY `matches_updated_at_live_scoring` (`updated_at`),
  ADD KEY `matches_dates_critical` (`scheduled_at`,`played_at`),
  ADD KEY `idx_matches_tournament_group_id` (`tournament_group_id`),
  ADD KEY `idx_matches_status` (`status`),
  ADD KEY `idx_matches_scheduled_at` (`scheduled_at`),
  ADD KEY `idx_matches_round` (`round`),
  ADD KEY `idx_matches_referee_user_id` (`referee_user_id`),
  ADD KEY `idx_matches_played_at` (`played_at`),
  ADD KEY `idx_matches_moderator_id` (`moderator_id`),
  ADD KEY `idx_matches_league_id` (`league_id`),
  ADD KEY `idx_matches_competition_id` (`competition_id`);

--
-- Indexes for table `migrations`
--
ALTER TABLE `migrations`
  ADD PRIMARY KEY (`id`);

--
-- Indexes for table `notifications`
--
ALTER TABLE `notifications`
  ADD PRIMARY KEY (`id`);

--
-- Indexes for table `organizations`
--
ALTER TABLE `organizations`
  ADD PRIMARY KEY (`id`),
  ADD UNIQUE KEY `organizations_slug_unique` (`slug`) USING HASH,
  ADD KEY `idx_organizations_user_id` (`user_id`);

--
-- Indexes for table `organization_user`
--
ALTER TABLE `organization_user`
  ADD PRIMARY KEY (`id`),
  ADD UNIQUE KEY `organization_user_organization_id_user_id_unique` (`organization_id`,`user_id`),
  ADD KEY `idx_organization_user_role` (`role`);

--
-- Indexes for table `password_reset_tokens`
--
ALTER TABLE `password_reset_tokens`
  ADD PRIMARY KEY (`email`);

--
-- Indexes for table `plans`
--
ALTER TABLE `plans`
  ADD PRIMARY KEY (`id`),
  ADD UNIQUE KEY `plans_slug_unique` (`slug`) USING HASH;

--
-- Indexes for table `players`
--
ALTER TABLE `players`
  ADD PRIMARY KEY (`id`),
  ADD KEY `players_is_active_index` (`is_active`),
  ADD KEY `players_organization_id_index` (`organization_id`),
  ADD KEY `players_user_id_index` (`user_id`),
  ADD KEY `idx_players_user_org` (`user_id`,`organization_id`),
  ADD KEY `idx_players_org_active` (`organization_id`,`is_active`),
  ADD KEY `idx_players_is_active` (`is_active`),
  ADD KEY `idx_players_organization_id` (`organization_id`),
  ADD KEY `idx_players_user_id` (`user_id`),
  ADD KEY `players_user_id_organization_id_index` (`user_id`,`organization_id`),
  ADD KEY `players_organization_id_is_active_index` (`organization_id`,`is_active`);

--
-- Indexes for table `sessions`
--
ALTER TABLE `sessions`
  ADD PRIMARY KEY (`id`),
  ADD KEY `sessions_last_activity_index` (`last_activity`),
  ADD KEY `sessions_user_id_index` (`user_id`);

--
-- Indexes for table `sports`
--
ALTER TABLE `sports`
  ADD PRIMARY KEY (`id`),
  ADD UNIQUE KEY `sports_slug_unique` (`slug`) USING HASH,
  ADD KEY `idx_sports_is_active` (`is_active`);

--
-- Indexes for table `standings`
--
ALTER TABLE `standings`
  ADD PRIMARY KEY (`id`),
  ADD KEY `idx_standings_competition_points_sets` (`competition_id`,`points`,`sets_won`),
  ADD KEY `idx_standings_group_position` (`tournament_group_id`,`position`),
  ADD KEY `idx_standings_competition_position` (`competition_id`,`position`),
  ADD KEY `idx_standings_position` (`position`),
  ADD KEY `idx_standings_tournament_group_id` (`tournament_group_id`),
  ADD KEY `idx_standings_player_id` (`player_id`),
  ADD KEY `idx_standings_team_id` (`team_id`),
  ADD KEY `idx_standings_competition_id` (`competition_id`),
  ADD KEY `standings_competition_points_critical` (`competition_id`,`points`),
  ADD KEY `standings_competition_played_critical` (`competition_id`,`played`);

--
-- Indexes for table `tables`
--
ALTER TABLE `tables`
  ADD PRIMARY KEY (`id`),
  ADD KEY `idx_tables_organization_id` (`organization_id`);

--
-- Indexes for table `teams`
--
ALTER TABLE `teams`
  ADD PRIMARY KEY (`id`),
  ADD KEY `idx_teams_competition_id` (`competition_id`);

--
-- Indexes for table `team_user`
--
ALTER TABLE `team_user`
  ADD PRIMARY KEY (`id`),
  ADD UNIQUE KEY `team_user_team_id_user_id_unique` (`team_id`,`user_id`);

--
-- Indexes for table `tournament_groups`
--
ALTER TABLE `tournament_groups`
  ADD PRIMARY KEY (`id`);

--
-- Indexes for table `users`
--
ALTER TABLE `users`
  ADD PRIMARY KEY (`id`),
  ADD UNIQUE KEY `users_email_unique` (`email`) USING HASH;

--
-- Indexes for table `user_plans`
--
ALTER TABLE `user_plans`
  ADD PRIMARY KEY (`id`),
  ADD UNIQUE KEY `unique_active_user_plan` (`user_id`,`is_active`),
  ADD KEY `idx_user_plans_user_id` (`user_id`);

--
-- AUTO_INCREMENT for dumped tables
--

--
-- AUTO_INCREMENT for table `bug_reports`
--
ALTER TABLE `bug_reports`
  MODIFY `id` int(11) NOT NULL AUTO_INCREMENT, AUTO_INCREMENT=4;

--
-- AUTO_INCREMENT for table `competitions`
--
ALTER TABLE `competitions`
  MODIFY `id` int(11) NOT NULL AUTO_INCREMENT, AUTO_INCREMENT=37;

--
-- AUTO_INCREMENT for table `competition_player`
--
ALTER TABLE `competition_player`
  MODIFY `id` int(11) NOT NULL AUTO_INCREMENT, AUTO_INCREMENT=353;

--
-- AUTO_INCREMENT for table `competition_user`
--
ALTER TABLE `competition_user`
  MODIFY `id` int(11) NOT NULL AUTO_INCREMENT;

--
-- AUTO_INCREMENT for table `display_leagues`
--
ALTER TABLE `display_leagues`
  MODIFY `id` int(11) NOT NULL AUTO_INCREMENT;

--
-- AUTO_INCREMENT for table `failed_jobs`
--
ALTER TABLE `failed_jobs`
  MODIFY `id` int(11) NOT NULL AUTO_INCREMENT;

--
-- AUTO_INCREMENT for table `friendly_matches`
--
ALTER TABLE `friendly_matches`
  MODIFY `id` int(11) NOT NULL AUTO_INCREMENT;

--
-- AUTO_INCREMENT for table `jobs`
--
ALTER TABLE `jobs`
  MODIFY `id` int(11) NOT NULL AUTO_INCREMENT;

--
-- AUTO_INCREMENT for table `matches`
--
ALTER TABLE `matches`
  MODIFY `id` int(11) NOT NULL AUTO_INCREMENT, AUTO_INCREMENT=1006;

--
-- AUTO_INCREMENT for table `migrations`
--
ALTER TABLE `migrations`
  MODIFY `id` int(11) NOT NULL AUTO_INCREMENT, AUTO_INCREMENT=83;

--
-- AUTO_INCREMENT for table `organizations`
--
ALTER TABLE `organizations`
  MODIFY `id` int(11) NOT NULL AUTO_INCREMENT, AUTO_INCREMENT=6;

--
-- AUTO_INCREMENT for table `organization_user`
--
ALTER TABLE `organization_user`
  MODIFY `id` int(11) NOT NULL AUTO_INCREMENT, AUTO_INCREMENT=2;

--
-- AUTO_INCREMENT for table `plans`
--
ALTER TABLE `plans`
  MODIFY `id` int(11) NOT NULL AUTO_INCREMENT, AUTO_INCREMENT=4;

--
-- AUTO_INCREMENT for table `players`
--
ALTER TABLE `players`
  MODIFY `id` int(11) NOT NULL AUTO_INCREMENT, AUTO_INCREMENT=257;

--
-- AUTO_INCREMENT for table `sports`
--
ALTER TABLE `sports`
  MODIFY `id` int(11) NOT NULL AUTO_INCREMENT, AUTO_INCREMENT=6;

--
-- AUTO_INCREMENT for table `standings`
--
ALTER TABLE `standings`
  MODIFY `id` int(11) NOT NULL AUTO_INCREMENT, AUTO_INCREMENT=1311;

--
-- AUTO_INCREMENT for table `tables`
--
ALTER TABLE `tables`
  MODIFY `id` int(11) NOT NULL AUTO_INCREMENT, AUTO_INCREMENT=3;

--
-- AUTO_INCREMENT for table `teams`
--
ALTER TABLE `teams`
  MODIFY `id` int(11) NOT NULL AUTO_INCREMENT;

--
-- AUTO_INCREMENT for table `team_user`
--
ALTER TABLE `team_user`
  MODIFY `id` int(11) NOT NULL AUTO_INCREMENT;

--
-- AUTO_INCREMENT for table `tournament_groups`
--
ALTER TABLE `tournament_groups`
  MODIFY `id` int(11) NOT NULL AUTO_INCREMENT, AUTO_INCREMENT=169;

--
-- AUTO_INCREMENT for table `users`
--
ALTER TABLE `users`
  MODIFY `id` int(11) NOT NULL AUTO_INCREMENT, AUTO_INCREMENT=5;

--
-- AUTO_INCREMENT for table `user_plans`
--
ALTER TABLE `user_plans`
  MODIFY `id` int(11) NOT NULL AUTO_INCREMENT, AUTO_INCREMENT=5;
COMMIT;

/*!40101 SET CHARACTER_SET_CLIENT=@OLD_CHARACTER_SET_CLIENT */;
/*!40101 SET CHARACTER_SET_RESULTS=@OLD_CHARACTER_SET_RESULTS */;
/*!40101 SET COLLATION_CONNECTION=@OLD_COLLATION_CONNECTION */;
